{"type":"FeatureCollection","metadata":{"description":"Build-time OpenStreetMap snapshot of UTM pedestrian paths and walkable campus access roads. The application never calls a routing provider at runtime.","source":"OpenStreetMap","sourceUrl":"https://www.openstreetmap.org/","lastVerified":"2026-08-10","verificationStatus":"verified"},"features":[{"type":"Feature","id":"osm-node-10163817531","geometry":{"type":"Point","coordinates":[-79.6604202,43.5459163]},"properties":{"kind":"path-intersection","buildingCode":null,"floor":null,"accessibility":"unknown","metadata":{"source":"OpenStreetMap","sourceUrl":"https://www.openstreetmap.org/node/10163817531","lastVerified":"2026-08-10","verificationStatus":"verified"}}},{"type":"Feature","id":"osm-node-10163817532","geometry":{"type":"Point","coordinates":[-79.6603565,43.5458478]},"properties":{"kind":"path-intersection","buildingCode":null,"floor":null,"accessibility":"unknown","metadata":{"source":"OpenStreetMap","sourceUrl":"https://www.openstreetmap.org/node/10163817532","lastVerified":"2026-08-10","verificationStatus":"verified"}}},{"type":"Feature","id":"osm-node-10163817533","geometry":{"type":"Point","coordinates":[-79.6602935,43.5457812]},"properties":{"kind":"path-intersection","buildingCode":null,"floor":null,"accessibility":"unknown","metadata":{"source":"OpenStreetMap","sourceUrl":"https://www.openstreetmap.org/node/10163817533","lastVerified":"2026-08-10","verificationStatus":"verified"}}},{"type":"Feature","id":"osm-node-10163817534","geometry":{"type":"Point","coordinates":[-79.6602452,43.5457209]},"properties":{"kind":"path-intersection","buildingCode":null,"floor":null,"accessibility":"unknown","metadata":{"source":"OpenStreetMap","sourceUrl":"https://www.openstreetmap.org/node/10163817534","lastVerified":"2026-08-10","verificationStatus":"verified"}}},{"type":"Feature","id":"osm-node-10163817535","geometry":{"type":"Point","coordinates":[-79.6602029,43.545648]},"properties":{"kind":"path-intersection","buildingCode":null,"floor":null,"accessibility":"unknown","metadata":{"source":"OpenStreetMap","sourceUrl":"https://www.openstreetmap.org/node/10163817535","lastVerified":"2026-08-10","verificationStatus":"verified"}}},{"type":"Feature","id":"osm-node-10163817536","geometry":{"type":"Point","coordinates":[-79.6601775,43.5455814]},"properties":{"kind":"path-intersection","buildingCode":null,"floor":null,"accessibility":"unknown","metadata":{"source":"OpenStreetMap","sourceUrl":"https://www.openstreetmap.org/node/10163817536","lastVerified":"2026-08-10","verificationStatus":"verified"}}},{"type":"Feature","id":"osm-node-10163817537","geometry":{"type":"Point","coordinates":[-79.6601647,43.5455168]},"properties":{"kind":"path-intersection","buildingCode":null,"floor":null,"accessibility":"unknown","metadata":{"source":"OpenStreetMap","sourceUrl":"https://www.openstreetmap.org/node/10163817537","lastVerified":"2026-08-10","verificationStatus":"verified"}}},{"type":"Feature","id":"osm-node-10163817538","geometry":{"type":"Point","coordinates":[-79.6601567,43.5454614]},"properties":{"kind":"path-intersection","buildingCode":null,"floor":null,"accessibility":"unknown","metadata":{"source":"OpenStreetMap","sourceUrl":"https://www.openstreetmap.org/node/10163817538","lastVerified":"2026-08-10","verificationStatus":"verified"}}},{"type":"Feature","id":"osm-node-10163817539","geometry":{"type":"Point","coordinates":[-79.6613898,43.5462935]},"properties":{"kind":"path-intersection","buildingCode":null,"floor":null,"accessibility":"unknown","metadata":{"source":"OpenStreetMap","sourceUrl":"https://www.openstreetmap.org/node/10163817539","lastVerified":"2026-08-10","verificationStatus":"verified"}}},{"type":"Feature","id":"osm-node-10163817540","geometry":{"type":"Point","coordinates":[-79.6613462,43.5463197]},"properties":{"kind":"path-intersection","buildingCode":null,"floor":null,"accessibility":"unknown","metadata":{"source":"OpenStreetMap","sourceUrl":"https://www.openstreetmap.org/node/10163817540","lastVerified":"2026-08-10","verificationStatus":"verified"}}},{"type":"Feature","id":"osm-node-10163817541","geometry":{"type":"Point","coordinates":[-79.6615206,43.5461758]},"properties":{"kind":"path-intersection","buildingCode":null,"floor":null,"accessibility":"unknown","metadata":{"source":"OpenStreetMap","sourceUrl":"https://www.openstreetmap.org/node/10163817541","lastVerified":"2026-08-10","verificationStatus":"verified"}}},{"type":"Feature","id":"osm-node-10163817542","geometry":{"type":"Point","coordinates":[-79.6611625,43.5458332]},"properties":{"kind":"path-intersection","buildingCode":null,"floor":null,"accessibility":"unknown","metadata":{"source":"OpenStreetMap","sourceUrl":"https://www.openstreetmap.org/node/10163817542","lastVerified":"2026-08-10","verificationStatus":"verified"}}},{"type":"Feature","id":"osm-node-10163817543","geometry":{"type":"Point","coordinates":[-79.6611813,43.5458565]},"properties":{"kind":"path-intersection","buildingCode":null,"floor":null,"accessibility":"unknown","metadata":{"source":"OpenStreetMap","sourceUrl":"https://www.openstreetmap.org/node/10163817543","lastVerified":"2026-08-10","verificationStatus":"verified"}}},{"type":"Feature","id":"osm-node-10163817544","geometry":{"type":"Point","coordinates":[-79.6611498,43.5458045]},"properties":{"kind":"path-intersection","buildingCode":null,"floor":null,"accessibility":"unknown","metadata":{"source":"OpenStreetMap","sourceUrl":"https://www.openstreetmap.org/node/10163817544","lastVerified":"2026-08-10","verificationStatus":"verified"}}},{"type":"Feature","id":"osm-node-10163817545","geometry":{"type":"Point","coordinates":[-79.6611464,43.5457724]},"properties":{"kind":"path-intersection","buildingCode":null,"floor":null,"accessibility":"unknown","metadata":{"source":"OpenStreetMap","sourceUrl":"https://www.openstreetmap.org/node/10163817545","lastVerified":"2026-08-10","verificationStatus":"verified"}}},{"type":"Feature","id":"osm-node-10163817546","geometry":{"type":"Point","coordinates":[-79.6611544,43.545735]},"properties":{"kind":"path-intersection","buildingCode":null,"floor":null,"accessibility":"unknown","metadata":{"source":"OpenStreetMap","sourceUrl":"https://www.openstreetmap.org/node/10163817546","lastVerified":"2026-08-10","verificationStatus":"verified"}}},{"type":"Feature","id":"osm-node-10163817547","geometry":{"type":"Point","coordinates":[-79.6613777,43.5455416]},"properties":{"kind":"path-intersection","buildingCode":null,"floor":null,"accessibility":"unknown","metadata":{"source":"OpenStreetMap","sourceUrl":"https://www.openstreetmap.org/node/10163817547","lastVerified":"2026-08-10","verificationStatus":"verified"}}},{"type":"Feature","id":"osm-node-10163817548","geometry":{"type":"Point","coordinates":[-79.6614267,43.5455236]},"properties":{"kind":"path-intersection","buildingCode":null,"floor":null,"accessibility":"unknown","metadata":{"source":"OpenStreetMap","sourceUrl":"https://www.openstreetmap.org/node/10163817548","lastVerified":"2026-08-10","verificationStatus":"verified"}}},{"type":"Feature","id":"osm-node-10163817549","geometry":{"type":"Point","coordinates":[-79.661479,43.5455153]},"properties":{"kind":"path-intersection","buildingCode":null,"floor":null,"accessibility":"unknown","metadata":{"source":"OpenStreetMap","sourceUrl":"https://www.openstreetmap.org/node/10163817549","lastVerified":"2026-08-10","verificationStatus":"verified"}}},{"type":"Feature","id":"osm-node-10163817550","geometry":{"type":"Point","coordinates":[-79.6615407,43.5455153]},"properties":{"kind":"path-intersection","buildingCode":null,"floor":null,"accessibility":"unknown","metadata":{"source":"OpenStreetMap","sourceUrl":"https://www.openstreetmap.org/node/10163817550","lastVerified":"2026-08-10","verificationStatus":"verified"}}},{"type":"Feature","id":"osm-node-10163817551","geometry":{"type":"Point","coordinates":[-79.6616017,43.5455221]},"properties":{"kind":"path-intersection","buildingCode":null,"floor":null,"accessibility":"unknown","metadata":{"source":"OpenStreetMap","sourceUrl":"https://www.openstreetmap.org/node/10163817551","lastVerified":"2026-08-10","verificationStatus":"verified"}}},{"type":"Feature","id":"osm-node-10163817552","geometry":{"type":"Point","coordinates":[-79.6619651,43.5457559]},"properties":{"kind":"path-intersection","buildingCode":null,"floor":null,"accessibility":"unknown","metadata":{"source":"OpenStreetMap","sourceUrl":"https://www.openstreetmap.org/node/10163817552","lastVerified":"2026-08-10","verificationStatus":"verified"}}},{"type":"Feature","id":"osm-node-10163817553","geometry":{"type":"Point","coordinates":[-79.6619732,43.5457822]},"properties":{"kind":"path-intersection","buildingCode":null,"floor":null,"accessibility":"unknown","metadata":{"source":"OpenStreetMap","sourceUrl":"https://www.openstreetmap.org/node/10163817553","lastVerified":"2026-08-10","verificationStatus":"verified"}}},{"type":"Feature","id":"osm-node-10163817554","geometry":{"type":"Point","coordinates":[-79.6619772,43.5458108]},"properties":{"kind":"path-intersection","buildingCode":null,"floor":null,"accessibility":"unknown","metadata":{"source":"OpenStreetMap","sourceUrl":"https://www.openstreetmap.org/node/10163817554","lastVerified":"2026-08-10","verificationStatus":"verified"}}},{"type":"Feature","id":"osm-node-10163817555","geometry":{"type":"Point","coordinates":[-79.661947,43.5458755]},"properties":{"kind":"path-intersection","buildingCode":null,"floor":null,"accessibility":"unknown","metadata":{"source":"OpenStreetMap","sourceUrl":"https://www.openstreetmap.org/node/10163817555","lastVerified":"2026-08-10","verificationStatus":"verified"}}},{"type":"Feature","id":"osm-node-10163817556","geometry":{"type":"Point","coordinates":[-79.6618941,43.5459285]},"properties":{"kind":"path-intersection","buildingCode":null,"floor":null,"accessibility":"unknown","metadata":{"source":"OpenStreetMap","sourceUrl":"https://www.openstreetmap.org/node/10163817556","lastVerified":"2026-08-10","verificationStatus":"verified"}}},{"type":"Feature","id":"osm-node-10163817557","geometry":{"type":"Point","coordinates":[-79.6617251,43.5460398]},"properties":{"kind":"path-intersection","buildingCode":null,"floor":null,"accessibility":"unknown","metadata":{"source":"OpenStreetMap","sourceUrl":"https://www.openstreetmap.org/node/10163817557","lastVerified":"2026-08-10","verificationStatus":"verified"}}},{"type":"Feature","id":"osm-node-10163817558","geometry":{"type":"Point","coordinates":[-79.660649,43.5470495]},"properties":{"kind":"crosswalk","buildingCode":null,"floor":null,"accessibility":"unknown","metadata":{"source":"OpenStreetMap","sourceUrl":"https://www.openstreetmap.org/node/10163817558","lastVerified":"2026-08-10","verificationStatus":"verified"}}},{"type":"Feature","id":"osm-node-10163817559","geometry":{"type":"Point","coordinates":[-79.6607511,43.5468631]},"properties":{"kind":"path-intersection","buildingCode":null,"floor":null,"accessibility":"unknown","metadata":{"source":"OpenStreetMap","sourceUrl":"https://www.openstreetmap.org/node/10163817559","lastVerified":"2026-08-10","verificationStatus":"verified"}}},{"type":"Feature","id":"osm-node-10163817560","geometry":{"type":"Point","coordinates":[-79.6608685,43.5467574]},"properties":{"kind":"path-intersection","buildingCode":null,"floor":null,"accessibility":"unknown","metadata":{"source":"OpenStreetMap","sourceUrl":"https://www.openstreetmap.org/node/10163817560","lastVerified":"2026-08-10","verificationStatus":"verified"}}},{"type":"Feature","id":"osm-node-10163817561","geometry":{"type":"Point","coordinates":[-79.6609335,43.5464371]},"properties":{"kind":"path-intersection","buildingCode":null,"floor":null,"accessibility":"unknown","metadata":{"source":"OpenStreetMap","sourceUrl":"https://www.openstreetmap.org/node/10163817561","lastVerified":"2026-08-10","verificationStatus":"verified"}}},{"type":"Feature","id":"osm-node-10163817562","geometry":{"type":"Point","coordinates":[-79.661019,43.5465739]},"properties":{"kind":"path-intersection","buildingCode":null,"floor":null,"accessibility":"unknown","metadata":{"source":"OpenStreetMap","sourceUrl":"https://www.openstreetmap.org/node/10163817562","lastVerified":"2026-08-10","verificationStatus":"verified"}}},{"type":"Feature","id":"osm-node-10163817563","geometry":{"type":"Point","coordinates":[-79.6610224,43.546604]},"properties":{"kind":"path-intersection","buildingCode":null,"floor":null,"accessibility":"unknown","metadata":{"source":"OpenStreetMap","sourceUrl":"https://www.openstreetmap.org/node/10163817563","lastVerified":"2026-08-10","verificationStatus":"verified"}}},{"type":"Feature","id":"osm-node-10163817564","geometry":{"type":"Point","coordinates":[-79.661011,43.5466381]},"properties":{"kind":"path-intersection","buildingCode":null,"floor":null,"accessibility":"unknown","metadata":{"source":"OpenStreetMap","sourceUrl":"https://www.openstreetmap.org/node/10163817564","lastVerified":"2026-08-10","verificationStatus":"verified"}}},{"type":"Feature","id":"osm-node-10163817565","geometry":{"type":"Point","coordinates":[-79.6609956,43.5466702]},"properties":{"kind":"path-intersection","buildingCode":null,"floor":null,"accessibility":"unknown","metadata":{"source":"OpenStreetMap","sourceUrl":"https://www.openstreetmap.org/node/10163817565","lastVerified":"2026-08-10","verificationStatus":"verified"}}},{"type":"Feature","id":"osm-node-10163817566","geometry":{"type":"Point","coordinates":[-79.6612389,43.5464791]},"properties":{"kind":"path-intersection","buildingCode":null,"floor":null,"accessibility":"unknown","metadata":{"source":"OpenStreetMap","sourceUrl":"https://www.openstreetmap.org/node/10163817566","lastVerified":"2026-08-10","verificationStatus":"verified"}}},{"type":"Feature","id":"osm-node-10163817567","geometry":{"type":"Point","coordinates":[-79.6612396,43.546519]},"properties":{"kind":"path-intersection","buildingCode":null,"floor":null,"accessibility":"unknown","metadata":{"source":"OpenStreetMap","sourceUrl":"https://www.openstreetmap.org/node/10163817567","lastVerified":"2026-08-10","verificationStatus":"verified"}}},{"type":"Feature","id":"osm-node-10163817568","geometry":{"type":"Point","coordinates":[-79.6626365,43.5466004]},"properties":{"kind":"crosswalk","buildingCode":null,"floor":null,"accessibility":"unknown","metadata":{"source":"OpenStreetMap","sourceUrl":"https://www.openstreetmap.org/node/10163817568","lastVerified":"2026-08-10","verificationStatus":"verified"}}},{"type":"Feature","id":"osm-node-10163817570","geometry":{"type":"Point","coordinates":[-79.6626857,43.5465768]},"properties":{"kind":"path-intersection","buildingCode":null,"floor":null,"accessibility":"unknown","metadata":{"source":"OpenStreetMap","sourceUrl":"https://www.openstreetmap.org/node/10163817570","lastVerified":"2026-08-10","verificationStatus":"verified"}}},{"type":"Feature","id":"osm-node-10163817571","geometry":{"type":"Point","coordinates":[-79.6626907,43.5465576]},"properties":{"kind":"path-intersection","buildingCode":null,"floor":null,"accessibility":"unknown","metadata":{"source":"OpenStreetMap","sourceUrl":"https://www.openstreetmap.org/node/10163817571","lastVerified":"2026-08-10","verificationStatus":"verified"}}},{"type":"Feature","id":"osm-node-10163817620","geometry":{"type":"Point","coordinates":[-79.6650093,43.5474405]},"properties":{"kind":"path-intersection","buildingCode":null,"floor":null,"accessibility":"unknown","metadata":{"source":"OpenStreetMap","sourceUrl":"https://www.openstreetmap.org/node/10163817620","lastVerified":"2026-08-10","verificationStatus":"verified"}}},{"type":"Feature","id":"osm-node-10163817621","geometry":{"type":"Point","coordinates":[-79.6650832,43.5475644]},"properties":{"kind":"path-intersection","buildingCode":null,"floor":null,"accessibility":"unknown","metadata":{"source":"OpenStreetMap","sourceUrl":"https://www.openstreetmap.org/node/10163817621","lastVerified":"2026-08-10","verificationStatus":"verified"}}},{"type":"Feature","id":"osm-node-10163817622","geometry":{"type":"Point","coordinates":[-79.6650976,43.5475994]},"properties":{"kind":"path-intersection","buildingCode":null,"floor":null,"accessibility":"unknown","metadata":{"source":"OpenStreetMap","sourceUrl":"https://www.openstreetmap.org/node/10163817622","lastVerified":"2026-08-10","verificationStatus":"verified"}}},{"type":"Feature","id":"osm-node-10163817623","geometry":{"type":"Point","coordinates":[-79.6650887,43.5476143]},"properties":{"kind":"crosswalk","buildingCode":null,"floor":null,"accessibility":"unknown","metadata":{"source":"OpenStreetMap","sourceUrl":"https://www.openstreetmap.org/node/10163817623","lastVerified":"2026-08-10","verificationStatus":"verified"}}},{"type":"Feature","id":"osm-node-10163817624","geometry":{"type":"Point","coordinates":[-79.6655234,43.5476473]},"properties":{"kind":"path-intersection","buildingCode":null,"floor":null,"accessibility":"unknown","metadata":{"source":"OpenStreetMap","sourceUrl":"https://www.openstreetmap.org/node/10163817624","lastVerified":"2026-08-10","verificationStatus":"verified"}}},{"type":"Feature","id":"osm-node-10163817625","geometry":{"type":"Point","coordinates":[-79.6651942,43.5477413]},"properties":{"kind":"path-intersection","buildingCode":null,"floor":null,"accessibility":"unknown","metadata":{"source":"OpenStreetMap","sourceUrl":"https://www.openstreetmap.org/node/10163817625","lastVerified":"2026-08-10","verificationStatus":"verified"}}},{"type":"Feature","id":"osm-node-10163817626","geometry":{"type":"Point","coordinates":[-79.6651167,43.5477319]},"properties":{"kind":"path-intersection","buildingCode":null,"floor":null,"accessibility":"unknown","metadata":{"source":"OpenStreetMap","sourceUrl":"https://www.openstreetmap.org/node/10163817626","lastVerified":"2026-08-10","verificationStatus":"verified"}}},{"type":"Feature","id":"osm-node-10163817634","geometry":{"type":"Point","coordinates":[-79.6660435,43.546791]},"properties":{"kind":"path-intersection","buildingCode":null,"floor":null,"accessibility":"unknown","metadata":{"source":"OpenStreetMap","sourceUrl":"https://www.openstreetmap.org/node/10163817634","lastVerified":"2026-08-10","verificationStatus":"verified"}}},{"type":"Feature","id":"osm-node-10163817635","geometry":{"type":"Point","coordinates":[-79.6658621,43.5468628]},"properties":{"kind":"path-intersection","buildingCode":null,"floor":null,"accessibility":"unknown","metadata":{"source":"OpenStreetMap","sourceUrl":"https://www.openstreetmap.org/node/10163817635","lastVerified":"2026-08-10","verificationStatus":"verified"}}},{"type":"Feature","id":"osm-node-10163817636","geometry":{"type":"Point","coordinates":[-79.6659045,43.5468965]},"properties":{"kind":"path-intersection","buildingCode":null,"floor":null,"accessibility":"unknown","metadata":{"source":"OpenStreetMap","sourceUrl":"https://www.openstreetmap.org/node/10163817636","lastVerified":"2026-08-10","verificationStatus":"verified"}}},{"type":"Feature","id":"osm-node-10163817637","geometry":{"type":"Point","coordinates":[-79.662857,43.5466731]},"properties":{"kind":"path-intersection","buildingCode":null,"floor":null,"accessibility":"unknown","metadata":{"source":"OpenStreetMap","sourceUrl":"https://www.openstreetmap.org/node/10163817637","lastVerified":"2026-08-10","verificationStatus":"verified"}}},{"type":"Feature","id":"osm-node-10163817703","geometry":{"type":"Point","coordinates":[-79.6649159,43.5463571]},"properties":{"kind":"path-intersection","buildingCode":null,"floor":null,"accessibility":"unknown","metadata":{"source":"OpenStreetMap","sourceUrl":"https://www.openstreetmap.org/node/10163817703","lastVerified":"2026-08-10","verificationStatus":"verified"}}},{"type":"Feature","id":"osm-node-10163817704","geometry":{"type":"Point","coordinates":[-79.6649199,43.5464016]},"properties":{"kind":"path-intersection","buildingCode":null,"floor":null,"accessibility":"unknown","metadata":{"source":"OpenStreetMap","sourceUrl":"https://www.openstreetmap.org/node/10163817704","lastVerified":"2026-08-10","verificationStatus":"verified"}}},{"type":"Feature","id":"osm-node-10163817741","geometry":{"type":"Point","coordinates":[-79.6646249,43.5467085]},"properties":{"kind":"path-intersection","buildingCode":null,"floor":null,"accessibility":"unknown","metadata":{"source":"OpenStreetMap","sourceUrl":"https://www.openstreetmap.org/node/10163817741","lastVerified":"2026-08-10","verificationStatus":"verified"}}},{"type":"Feature","id":"osm-node-10163817742","geometry":{"type":"Point","coordinates":[-79.6646584,43.5466837]},"properties":{"kind":"path-intersection","buildingCode":null,"floor":null,"accessibility":"unknown","metadata":{"source":"OpenStreetMap","sourceUrl":"https://www.openstreetmap.org/node/10163817742","lastVerified":"2026-08-10","verificationStatus":"verified"}}},{"type":"Feature","id":"osm-node-10163817743","geometry":{"type":"Point","coordinates":[-79.6647489,43.5466524]},"properties":{"kind":"path-intersection","buildingCode":null,"floor":null,"accessibility":"unknown","metadata":{"source":"OpenStreetMap","sourceUrl":"https://www.openstreetmap.org/node/10163817743","lastVerified":"2026-08-10","verificationStatus":"verified"}}},{"type":"Feature","id":"osm-node-10163817744","geometry":{"type":"Point","coordinates":[-79.6648271,43.5466543]},"properties":{"kind":"path-intersection","buildingCode":null,"floor":null,"accessibility":"unknown","metadata":{"source":"OpenStreetMap","sourceUrl":"https://www.openstreetmap.org/node/10163817744","lastVerified":"2026-08-10","verificationStatus":"verified"}}},{"type":"Feature","id":"osm-node-10163817745","geometry":{"type":"Point","coordinates":[-79.6648552,43.5466626]},"properties":{"kind":"path-intersection","buildingCode":null,"floor":null,"accessibility":"unknown","metadata":{"source":"OpenStreetMap","sourceUrl":"https://www.openstreetmap.org/node/10163817745","lastVerified":"2026-08-10","verificationStatus":"verified"}}},{"type":"Feature","id":"osm-node-10163817746","geometry":{"type":"Point","coordinates":[-79.6649213,43.5467039]},"properties":{"kind":"path-intersection","buildingCode":null,"floor":null,"accessibility":"unknown","metadata":{"source":"OpenStreetMap","sourceUrl":"https://www.openstreetmap.org/node/10163817746","lastVerified":"2026-08-10","verificationStatus":"verified"}}},{"type":"Feature","id":"osm-node-10163817747","geometry":{"type":"Point","coordinates":[-79.6649709,43.546831]},"properties":{"kind":"path-intersection","buildingCode":null,"floor":null,"accessibility":"unknown","metadata":{"source":"OpenStreetMap","sourceUrl":"https://www.openstreetmap.org/node/10163817747","lastVerified":"2026-08-10","verificationStatus":"verified"}}},{"type":"Feature","id":"osm-node-10163817748","geometry":{"type":"Point","coordinates":[-79.6649193,43.5469032]},"properties":{"kind":"path-intersection","buildingCode":null,"floor":null,"accessibility":"unknown","metadata":{"source":"OpenStreetMap","sourceUrl":"https://www.openstreetmap.org/node/10163817748","lastVerified":"2026-08-10","verificationStatus":"verified"}}},{"type":"Feature","id":"osm-node-10163817749","geometry":{"type":"Point","coordinates":[-79.6648847,43.5469173]},"properties":{"kind":"path-intersection","buildingCode":null,"floor":null,"accessibility":"unknown","metadata":{"source":"OpenStreetMap","sourceUrl":"https://www.openstreetmap.org/node/10163817749","lastVerified":"2026-08-10","verificationStatus":"verified"}}},{"type":"Feature","id":"osm-node-10163817750","geometry":{"type":"Point","coordinates":[-79.6647064,43.5469083]},"properties":{"kind":"path-intersection","buildingCode":null,"floor":null,"accessibility":"unknown","metadata":{"source":"OpenStreetMap","sourceUrl":"https://www.openstreetmap.org/node/10163817750","lastVerified":"2026-08-10","verificationStatus":"verified"}}},{"type":"Feature","id":"osm-node-10163817751","geometry":{"type":"Point","coordinates":[-79.6646601,43.5468626]},"properties":{"kind":"path-intersection","buildingCode":null,"floor":null,"accessibility":"unknown","metadata":{"source":"OpenStreetMap","sourceUrl":"https://www.openstreetmap.org/node/10163817751","lastVerified":"2026-08-10","verificationStatus":"verified"}}},{"type":"Feature","id":"osm-node-10163817752","geometry":{"type":"Point","coordinates":[-79.6646058,43.5467717]},"properties":{"kind":"path-intersection","buildingCode":null,"floor":null,"accessibility":"unknown","metadata":{"source":"OpenStreetMap","sourceUrl":"https://www.openstreetmap.org/node/10163817752","lastVerified":"2026-08-10","verificationStatus":"verified"}}},{"type":"Feature","id":"osm-node-10163817810","geometry":{"type":"Point","coordinates":[-79.6628872,43.5460923]},"properties":{"kind":"path-intersection","buildingCode":null,"floor":null,"accessibility":"unknown","metadata":{"source":"OpenStreetMap","sourceUrl":"https://www.openstreetmap.org/node/10163817810","lastVerified":"2026-08-10","verificationStatus":"verified"}}},{"type":"Feature","id":"osm-node-10163817811","geometry":{"type":"Point","coordinates":[-79.6628067,43.5462055]},"properties":{"kind":"path-intersection","buildingCode":null,"floor":null,"accessibility":"unknown","metadata":{"source":"OpenStreetMap","sourceUrl":"https://www.openstreetmap.org/node/10163817811","lastVerified":"2026-08-10","verificationStatus":"verified"}}},{"type":"Feature","id":"osm-node-10163817812","geometry":{"type":"Point","coordinates":[-79.6627765,43.546274]},"properties":{"kind":"path-intersection","buildingCode":null,"floor":null,"accessibility":"unknown","metadata":{"source":"OpenStreetMap","sourceUrl":"https://www.openstreetmap.org/node/10163817812","lastVerified":"2026-08-10","verificationStatus":"verified"}}},{"type":"Feature","id":"osm-node-10163817813","geometry":{"type":"Point","coordinates":[-79.6621247,43.5461467]},"properties":{"kind":"path-intersection","buildingCode":null,"floor":null,"accessibility":"unknown","metadata":{"source":"OpenStreetMap","sourceUrl":"https://www.openstreetmap.org/node/10163817813","lastVerified":"2026-08-10","verificationStatus":"verified"}}},{"type":"Feature","id":"osm-node-10163817814","geometry":{"type":"Point","coordinates":[-79.6621609,43.546189]},"properties":{"kind":"path-intersection","buildingCode":null,"floor":null,"accessibility":"unknown","metadata":{"source":"OpenStreetMap","sourceUrl":"https://www.openstreetmap.org/node/10163817814","lastVerified":"2026-08-10","verificationStatus":"verified"}}},{"type":"Feature","id":"osm-node-10163817815","geometry":{"type":"Point","coordinates":[-79.6622401,43.5462978]},"properties":{"kind":"path-intersection","buildingCode":null,"floor":null,"accessibility":"unknown","metadata":{"source":"OpenStreetMap","sourceUrl":"https://www.openstreetmap.org/node/10163817815","lastVerified":"2026-08-10","verificationStatus":"verified"}}},{"type":"Feature","id":"osm-node-10163817816","geometry":{"type":"Point","coordinates":[-79.6623004,43.5463532]},"properties":{"kind":"path-intersection","buildingCode":null,"floor":null,"accessibility":"unknown","metadata":{"source":"OpenStreetMap","sourceUrl":"https://www.openstreetmap.org/node/10163817816","lastVerified":"2026-08-10","verificationStatus":"verified"}}},{"type":"Feature","id":"osm-node-10163817817","geometry":{"type":"Point","coordinates":[-79.662622,43.5465134]},"properties":{"kind":"path-intersection","buildingCode":null,"floor":null,"accessibility":"unknown","metadata":{"source":"OpenStreetMap","sourceUrl":"https://www.openstreetmap.org/node/10163817817","lastVerified":"2026-08-10","verificationStatus":"verified"}}},{"type":"Feature","id":"osm-node-10163817818","geometry":{"type":"Point","coordinates":[-79.6632697,43.5459017]},"properties":{"kind":"path-intersection","buildingCode":null,"floor":null,"accessibility":"unknown","metadata":{"source":"OpenStreetMap","sourceUrl":"https://www.openstreetmap.org/node/10163817818","lastVerified":"2026-08-10","verificationStatus":"verified"}}},{"type":"Feature","id":"osm-node-10163817819","geometry":{"type":"Point","coordinates":[-79.6633924,43.5459078]},"properties":{"kind":"path-intersection","buildingCode":null,"floor":null,"accessibility":"unknown","metadata":{"source":"OpenStreetMap","sourceUrl":"https://www.openstreetmap.org/node/10163817819","lastVerified":"2026-08-10","verificationStatus":"verified"}}},{"type":"Feature","id":"osm-node-10163817820","geometry":{"type":"Point","coordinates":[-79.6641137,43.5467017]},"properties":{"kind":"path-intersection","buildingCode":null,"floor":null,"accessibility":"unknown","metadata":{"source":"OpenStreetMap","sourceUrl":"https://www.openstreetmap.org/node/10163817820","lastVerified":"2026-08-10","verificationStatus":"verified"}}},{"type":"Feature","id":"osm-node-10163817821","geometry":{"type":"Point","coordinates":[-79.6641377,43.5465887]},"properties":{"kind":"path-intersection","buildingCode":null,"floor":null,"accessibility":"unknown","metadata":{"source":"OpenStreetMap","sourceUrl":"https://www.openstreetmap.org/node/10163817821","lastVerified":"2026-08-10","verificationStatus":"verified"}}},{"type":"Feature","id":"osm-node-10163817822","geometry":{"type":"Point","coordinates":[-79.6641438,43.5466281]},"properties":{"kind":"path-intersection","buildingCode":null,"floor":null,"accessibility":"unknown","metadata":{"source":"OpenStreetMap","sourceUrl":"https://www.openstreetmap.org/node/10163817822","lastVerified":"2026-08-10","verificationStatus":"verified"}}},{"type":"Feature","id":"osm-node-10163817823","geometry":{"type":"Point","coordinates":[-79.6644757,43.5461902]},"properties":{"kind":"path-intersection","buildingCode":null,"floor":null,"accessibility":"unknown","metadata":{"source":"OpenStreetMap","sourceUrl":"https://www.openstreetmap.org/node/10163817823","lastVerified":"2026-08-10","verificationStatus":"verified"}}},{"type":"Feature","id":"osm-node-10163817824","geometry":{"type":"Point","coordinates":[-79.6643879,43.5460636]},"properties":{"kind":"path-intersection","buildingCode":null,"floor":null,"accessibility":"unknown","metadata":{"source":"OpenStreetMap","sourceUrl":"https://www.openstreetmap.org/node/10163817824","lastVerified":"2026-08-10","verificationStatus":"verified"}}},{"type":"Feature","id":"osm-node-10163817825","geometry":{"type":"Point","coordinates":[-79.6644009,43.5460707]},"properties":{"kind":"path-intersection","buildingCode":null,"floor":null,"accessibility":"unknown","metadata":{"source":"OpenStreetMap","sourceUrl":"https://www.openstreetmap.org/node/10163817825","lastVerified":"2026-08-10","verificationStatus":"verified"}}},{"type":"Feature","id":"osm-node-10163817826","geometry":{"type":"Point","coordinates":[-79.6644723,43.5461727]},"properties":{"kind":"path-intersection","buildingCode":null,"floor":null,"accessibility":"unknown","metadata":{"source":"OpenStreetMap","sourceUrl":"https://www.openstreetmap.org/node/10163817826","lastVerified":"2026-08-10","verificationStatus":"verified"}}},{"type":"Feature","id":"osm-node-10163817827","geometry":{"type":"Point","coordinates":[-79.66445,43.5462142]},"properties":{"kind":"path-intersection","buildingCode":null,"floor":null,"accessibility":"unknown","metadata":{"source":"OpenStreetMap","sourceUrl":"https://www.openstreetmap.org/node/10163817827","lastVerified":"2026-08-10","verificationStatus":"verified"}}},{"type":"Feature","id":"osm-node-10163817828","geometry":{"type":"Point","coordinates":[-79.6643451,43.5460669]},"properties":{"kind":"path-intersection","buildingCode":null,"floor":null,"accessibility":"unknown","metadata":{"source":"OpenStreetMap","sourceUrl":"https://www.openstreetmap.org/node/10163817828","lastVerified":"2026-08-10","verificationStatus":"verified"}}},{"type":"Feature","id":"osm-node-10163817829","geometry":{"type":"Point","coordinates":[-79.6631265,43.5464439]},"properties":{"kind":"path-intersection","buildingCode":null,"floor":null,"accessibility":"unknown","metadata":{"source":"OpenStreetMap","sourceUrl":"https://www.openstreetmap.org/node/10163817829","lastVerified":"2026-08-10","verificationStatus":"verified"}}},{"type":"Feature","id":"osm-node-10163817830","geometry":{"type":"Point","coordinates":[-79.6631192,43.5464663]},"properties":{"kind":"path-intersection","buildingCode":null,"floor":null,"accessibility":"unknown","metadata":{"source":"OpenStreetMap","sourceUrl":"https://www.openstreetmap.org/node/10163817830","lastVerified":"2026-08-10","verificationStatus":"verified"}}},{"type":"Feature","id":"osm-node-10163817831","geometry":{"type":"Point","coordinates":[-79.6631225,43.5464893]},"properties":{"kind":"path-intersection","buildingCode":null,"floor":null,"accessibility":"unknown","metadata":{"source":"OpenStreetMap","sourceUrl":"https://www.openstreetmap.org/node/10163817831","lastVerified":"2026-08-10","verificationStatus":"verified"}}},{"type":"Feature","id":"osm-node-10163817832","geometry":{"type":"Point","coordinates":[-79.6634833,43.5468237]},"properties":{"kind":"path-intersection","buildingCode":null,"floor":null,"accessibility":"unknown","metadata":{"source":"OpenStreetMap","sourceUrl":"https://www.openstreetmap.org/node/10163817832","lastVerified":"2026-08-10","verificationStatus":"verified"}}},{"type":"Feature","id":"osm-node-10163817833","geometry":{"type":"Point","coordinates":[-79.6634565,43.5468296]},"properties":{"kind":"path-intersection","buildingCode":null,"floor":null,"accessibility":"unknown","metadata":{"source":"OpenStreetMap","sourceUrl":"https://www.openstreetmap.org/node/10163817833","lastVerified":"2026-08-10","verificationStatus":"verified"}}},{"type":"Feature","id":"osm-node-10163817834","geometry":{"type":"Point","coordinates":[-79.6634129,43.5468291]},"properties":{"kind":"path-intersection","buildingCode":null,"floor":null,"accessibility":"unknown","metadata":{"source":"OpenStreetMap","sourceUrl":"https://www.openstreetmap.org/node/10163817834","lastVerified":"2026-08-10","verificationStatus":"verified"}}},{"type":"Feature","id":"osm-node-10163817835","geometry":{"type":"Point","coordinates":[-79.6633881,43.5468174]},"properties":{"kind":"path-intersection","buildingCode":null,"floor":null,"accessibility":"unknown","metadata":{"source":"OpenStreetMap","sourceUrl":"https://www.openstreetmap.org/node/10163817835","lastVerified":"2026-08-10","verificationStatus":"verified"}}},{"type":"Feature","id":"osm-node-10163817984","geometry":{"type":"Point","coordinates":[-79.6627738,43.5450535]},"properties":{"kind":"crosswalk","buildingCode":null,"floor":null,"accessibility":"unknown","metadata":{"source":"OpenStreetMap","sourceUrl":"https://www.openstreetmap.org/node/10163817984","lastVerified":"2026-08-10","verificationStatus":"verified"}}},{"type":"Feature","id":"osm-node-10163817985","geometry":{"type":"Point","coordinates":[-79.6624842,43.5449151]},"properties":{"kind":"crosswalk","buildingCode":null,"floor":null,"accessibility":"unknown","metadata":{"source":"OpenStreetMap","sourceUrl":"https://www.openstreetmap.org/node/10163817985","lastVerified":"2026-08-10","verificationStatus":"verified"}}},{"type":"Feature","id":"osm-node-10163817987","geometry":{"type":"Point","coordinates":[-79.6630196,43.5449068]},"properties":{"kind":"crosswalk","buildingCode":null,"floor":null,"accessibility":"unknown","metadata":{"source":"OpenStreetMap","sourceUrl":"https://www.openstreetmap.org/node/10163817987","lastVerified":"2026-08-10","verificationStatus":"verified"}}},{"type":"Feature","id":"osm-node-10163817988","geometry":{"type":"Point","coordinates":[-79.662983,43.544875]},"properties":{"kind":"path-intersection","buildingCode":null,"floor":null,"accessibility":"unknown","metadata":{"source":"OpenStreetMap","sourceUrl":"https://www.openstreetmap.org/node/10163817988","lastVerified":"2026-08-10","verificationStatus":"verified"}}},{"type":"Feature","id":"osm-node-10163817991","geometry":{"type":"Point","coordinates":[-79.6629655,43.5448474]},"properties":{"kind":"path-intersection","buildingCode":null,"floor":null,"accessibility":"unknown","metadata":{"source":"OpenStreetMap","sourceUrl":"https://www.openstreetmap.org/node/10163817991","lastVerified":"2026-08-10","verificationStatus":"verified"}}},{"type":"Feature","id":"osm-node-10303432561","geometry":{"type":"Point","coordinates":[-79.6602819,43.5496871]},"properties":{"kind":"crosswalk","buildingCode":null,"floor":null,"accessibility":"unknown","metadata":{"source":"OpenStreetMap","sourceUrl":"https://www.openstreetmap.org/node/10303432561","lastVerified":"2026-08-10","verificationStatus":"verified"}}},{"type":"Feature","id":"osm-node-10303432562","geometry":{"type":"Point","coordinates":[-79.6602774,43.5495065]},"properties":{"kind":"path-intersection","buildingCode":null,"floor":null,"accessibility":"unknown","metadata":{"source":"OpenStreetMap","sourceUrl":"https://www.openstreetmap.org/node/10303432562","lastVerified":"2026-08-10","verificationStatus":"verified"}}},{"type":"Feature","id":"osm-node-10303432563","geometry":{"type":"Point","coordinates":[-79.6602894,43.5493938]},"properties":{"kind":"path-intersection","buildingCode":null,"floor":null,"accessibility":"unknown","metadata":{"source":"OpenStreetMap","sourceUrl":"https://www.openstreetmap.org/node/10303432563","lastVerified":"2026-08-10","verificationStatus":"verified"}}},{"type":"Feature","id":"osm-node-10303432564","geometry":{"type":"Point","coordinates":[-79.659859,43.5496591]},"properties":{"kind":"path-intersection","buildingCode":null,"floor":null,"accessibility":"unknown","metadata":{"source":"OpenStreetMap","sourceUrl":"https://www.openstreetmap.org/node/10303432564","lastVerified":"2026-08-10","verificationStatus":"verified"}}},{"type":"Feature","id":"osm-node-10303432565","geometry":{"type":"Point","coordinates":[-79.6600872,43.5487544]},"properties":{"kind":"path-intersection","buildingCode":null,"floor":null,"accessibility":"unknown","metadata":{"source":"OpenStreetMap","sourceUrl":"https://www.openstreetmap.org/node/10303432565","lastVerified":"2026-08-10","verificationStatus":"verified"}}},{"type":"Feature","id":"osm-node-10303432566","geometry":{"type":"Point","coordinates":[-79.6598745,43.5487262]},"properties":{"kind":"path-intersection","buildingCode":null,"floor":null,"accessibility":"unknown","metadata":{"source":"OpenStreetMap","sourceUrl":"https://www.openstreetmap.org/node/10303432566","lastVerified":"2026-08-10","verificationStatus":"verified"}}},{"type":"Feature","id":"osm-node-10303432571","geometry":{"type":"Point","coordinates":[-79.6599004,43.5486233]},"properties":{"kind":"path-intersection","buildingCode":null,"floor":null,"accessibility":"unknown","metadata":{"source":"OpenStreetMap","sourceUrl":"https://www.openstreetmap.org/node/10303432571","lastVerified":"2026-08-10","verificationStatus":"verified"}}},{"type":"Feature","id":"osm-node-10303432572","geometry":{"type":"Point","coordinates":[-79.6596464,43.5496309]},"properties":{"kind":"path-intersection","buildingCode":null,"floor":null,"accessibility":"unknown","metadata":{"source":"OpenStreetMap","sourceUrl":"https://www.openstreetmap.org/node/10303432572","lastVerified":"2026-08-10","verificationStatus":"verified"}}},{"type":"Feature","id":"osm-node-10303432573","geometry":{"type":"Point","coordinates":[-79.6600983,43.5496908]},"properties":{"kind":"path-intersection","buildingCode":null,"floor":null,"accessibility":"unknown","metadata":{"source":"OpenStreetMap","sourceUrl":"https://www.openstreetmap.org/node/10303432573","lastVerified":"2026-08-10","verificationStatus":"verified"}}},{"type":"Feature","id":"osm-node-10303432578","geometry":{"type":"Point","coordinates":[-79.6601379,43.5487483]},"properties":{"kind":"path-intersection","buildingCode":null,"floor":null,"accessibility":"unknown","metadata":{"source":"OpenStreetMap","sourceUrl":"https://www.openstreetmap.org/node/10303432578","lastVerified":"2026-08-10","verificationStatus":"verified"}}},{"type":"Feature","id":"osm-node-10303432583","geometry":{"type":"Point","coordinates":[-79.6621811,43.5465073]},"properties":{"kind":"path-intersection","buildingCode":null,"floor":null,"accessibility":"unknown","metadata":{"source":"OpenStreetMap","sourceUrl":"https://www.openstreetmap.org/node/10303432583","lastVerified":"2026-08-10","verificationStatus":"verified"}}},{"type":"Feature","id":"osm-node-10303432603","geometry":{"type":"Point","coordinates":[-79.6644375,43.5473107]},"properties":{"kind":"path-intersection","buildingCode":null,"floor":null,"accessibility":"unknown","metadata":{"source":"OpenStreetMap","sourceUrl":"https://www.openstreetmap.org/node/10303432603","lastVerified":"2026-08-10","verificationStatus":"verified"}}},{"type":"Feature","id":"osm-node-10303432604","geometry":{"type":"Point","coordinates":[-79.6642926,43.5472757]},"properties":{"kind":"path-intersection","buildingCode":null,"floor":null,"accessibility":"unknown","metadata":{"source":"OpenStreetMap","sourceUrl":"https://www.openstreetmap.org/node/10303432604","lastVerified":"2026-08-10","verificationStatus":"verified"}}},{"type":"Feature","id":"osm-node-10303432605","geometry":{"type":"Point","coordinates":[-79.6639627,43.5471513]},"properties":{"kind":"path-intersection","buildingCode":null,"floor":null,"accessibility":"unknown","metadata":{"source":"OpenStreetMap","sourceUrl":"https://www.openstreetmap.org/node/10303432605","lastVerified":"2026-08-10","verificationStatus":"verified"}}},{"type":"Feature","id":"osm-node-10303432606","geometry":{"type":"Point","coordinates":[-79.6637443,43.5481456]},"properties":{"kind":"path-intersection","buildingCode":null,"floor":null,"accessibility":"unknown","metadata":{"source":"OpenStreetMap","sourceUrl":"https://www.openstreetmap.org/node/10303432606","lastVerified":"2026-08-10","verificationStatus":"verified"}}},{"type":"Feature","id":"osm-node-10303432607","geometry":{"type":"Point","coordinates":[-79.6639503,43.5481619]},"properties":{"kind":"path-intersection","buildingCode":null,"floor":null,"accessibility":"unknown","metadata":{"source":"OpenStreetMap","sourceUrl":"https://www.openstreetmap.org/node/10303432607","lastVerified":"2026-08-10","verificationStatus":"verified"}}},{"type":"Feature","id":"osm-node-10303488214","geometry":{"type":"Point","coordinates":[-79.6637877,43.5480169]},"properties":{"kind":"path-intersection","buildingCode":null,"floor":null,"accessibility":"unknown","metadata":{"source":"OpenStreetMap","sourceUrl":"https://www.openstreetmap.org/node/10303488214","lastVerified":"2026-08-10","verificationStatus":"verified"}}},{"type":"Feature","id":"osm-node-10303488215","geometry":{"type":"Point","coordinates":[-79.6640217,43.5479649]},"properties":{"kind":"path-intersection","buildingCode":null,"floor":null,"accessibility":"unknown","metadata":{"source":"OpenStreetMap","sourceUrl":"https://www.openstreetmap.org/node/10303488215","lastVerified":"2026-08-10","verificationStatus":"verified"}}},{"type":"Feature","id":"osm-node-10303488216","geometry":{"type":"Point","coordinates":[-79.6638487,43.5480305]},"properties":{"kind":"path-intersection","buildingCode":null,"floor":null,"accessibility":"unknown","metadata":{"source":"OpenStreetMap","sourceUrl":"https://www.openstreetmap.org/node/10303488216","lastVerified":"2026-08-10","verificationStatus":"verified"}}},{"type":"Feature","id":"osm-node-10303488221","geometry":{"type":"Point","coordinates":[-79.6636395,43.5479178]},"properties":{"kind":"path-intersection","buildingCode":null,"floor":null,"accessibility":"unknown","metadata":{"source":"OpenStreetMap","sourceUrl":"https://www.openstreetmap.org/node/10303488221","lastVerified":"2026-08-10","verificationStatus":"verified"}}},{"type":"Feature","id":"osm-node-10303488222","geometry":{"type":"Point","coordinates":[-79.663659,43.5479867]},"properties":{"kind":"path-intersection","buildingCode":null,"floor":null,"accessibility":"unknown","metadata":{"source":"OpenStreetMap","sourceUrl":"https://www.openstreetmap.org/node/10303488222","lastVerified":"2026-08-10","verificationStatus":"verified"}}},{"type":"Feature","id":"osm-node-10303488223","geometry":{"type":"Point","coordinates":[-79.6634277,43.5488748]},"properties":{"kind":"path-intersection","buildingCode":null,"floor":null,"accessibility":"unknown","metadata":{"source":"OpenStreetMap","sourceUrl":"https://www.openstreetmap.org/node/10303488223","lastVerified":"2026-08-10","verificationStatus":"verified"}}},{"type":"Feature","id":"osm-node-10303488252","geometry":{"type":"Point","coordinates":[-79.6633022,43.5488805]},"properties":{"kind":"path-intersection","buildingCode":null,"floor":null,"accessibility":"unknown","metadata":{"source":"OpenStreetMap","sourceUrl":"https://www.openstreetmap.org/node/10303488252","lastVerified":"2026-08-10","verificationStatus":"verified"}}},{"type":"Feature","id":"osm-node-10303488253","geometry":{"type":"Point","coordinates":[-79.6626256,43.548778]},"properties":{"kind":"path-intersection","buildingCode":null,"floor":null,"accessibility":"unknown","metadata":{"source":"OpenStreetMap","sourceUrl":"https://www.openstreetmap.org/node/10303488253","lastVerified":"2026-08-10","verificationStatus":"verified"}}},{"type":"Feature","id":"osm-node-10303488255","geometry":{"type":"Point","coordinates":[-79.6626397,43.5485557]},"properties":{"kind":"path-intersection","buildingCode":null,"floor":null,"accessibility":"unknown","metadata":{"source":"OpenStreetMap","sourceUrl":"https://www.openstreetmap.org/node/10303488255","lastVerified":"2026-08-10","verificationStatus":"verified"}}},{"type":"Feature","id":"osm-node-10303488256","geometry":{"type":"Point","coordinates":[-79.6624674,43.5485505]},"properties":{"kind":"path-intersection","buildingCode":null,"floor":null,"accessibility":"unknown","metadata":{"source":"OpenStreetMap","sourceUrl":"https://www.openstreetmap.org/node/10303488256","lastVerified":"2026-08-10","verificationStatus":"verified"}}},{"type":"Feature","id":"osm-node-10303488264","geometry":{"type":"Point","coordinates":[-79.662019,43.5475256]},"properties":{"kind":"path-intersection","buildingCode":null,"floor":null,"accessibility":"unknown","metadata":{"source":"OpenStreetMap","sourceUrl":"https://www.openstreetmap.org/node/10303488264","lastVerified":"2026-08-10","verificationStatus":"verified"}}},{"type":"Feature","id":"osm-node-10303488265","geometry":{"type":"Point","coordinates":[-79.6624117,43.5469321]},"properties":{"kind":"path-intersection","buildingCode":null,"floor":null,"accessibility":"unknown","metadata":{"source":"OpenStreetMap","sourceUrl":"https://www.openstreetmap.org/node/10303488265","lastVerified":"2026-08-10","verificationStatus":"verified"}}},{"type":"Feature","id":"osm-node-10303488266","geometry":{"type":"Point","coordinates":[-79.6625803,43.5468407]},"properties":{"kind":"path-intersection","buildingCode":null,"floor":null,"accessibility":"unknown","metadata":{"source":"OpenStreetMap","sourceUrl":"https://www.openstreetmap.org/node/10303488266","lastVerified":"2026-08-10","verificationStatus":"verified"}}},{"type":"Feature","id":"osm-node-10303488267","geometry":{"type":"Point","coordinates":[-79.6625364,43.5468678]},"properties":{"kind":"path-intersection","buildingCode":null,"floor":null,"accessibility":"unknown","metadata":{"source":"OpenStreetMap","sourceUrl":"https://www.openstreetmap.org/node/10303488267","lastVerified":"2026-08-10","verificationStatus":"verified"}}},{"type":"Feature","id":"osm-node-10303488268","geometry":{"type":"Point","coordinates":[-79.6626673,43.5466674]},"properties":{"kind":"path-intersection","buildingCode":null,"floor":null,"accessibility":"unknown","metadata":{"source":"OpenStreetMap","sourceUrl":"https://www.openstreetmap.org/node/10303488268","lastVerified":"2026-08-10","verificationStatus":"verified"}}},{"type":"Feature","id":"osm-node-10303488269","geometry":{"type":"Point","coordinates":[-79.6636535,43.5478452]},"properties":{"kind":"path-intersection","buildingCode":null,"floor":null,"accessibility":"unknown","metadata":{"source":"OpenStreetMap","sourceUrl":"https://www.openstreetmap.org/node/10303488269","lastVerified":"2026-08-10","verificationStatus":"verified"}}},{"type":"Feature","id":"osm-node-10303488270","geometry":{"type":"Point","coordinates":[-79.6632352,43.5478332]},"properties":{"kind":"path-intersection","buildingCode":null,"floor":null,"accessibility":"unknown","metadata":{"source":"OpenStreetMap","sourceUrl":"https://www.openstreetmap.org/node/10303488270","lastVerified":"2026-08-10","verificationStatus":"verified"}}},{"type":"Feature","id":"osm-node-10307592682","geometry":{"type":"Point","coordinates":[-79.6690242,43.5491]},"properties":{"kind":"crosswalk","buildingCode":null,"floor":null,"accessibility":"unknown","metadata":{"source":"OpenStreetMap","sourceUrl":"https://www.openstreetmap.org/node/10307592682","lastVerified":"2026-08-10","verificationStatus":"verified"}}},{"type":"Feature","id":"osm-node-10307592684","geometry":{"type":"Point","coordinates":[-79.6691318,43.5490048]},"properties":{"kind":"crosswalk","buildingCode":null,"floor":null,"accessibility":"unknown","metadata":{"source":"OpenStreetMap","sourceUrl":"https://www.openstreetmap.org/node/10307592684","lastVerified":"2026-08-10","verificationStatus":"verified"}}},{"type":"Feature","id":"osm-node-10307592685","geometry":{"type":"Point","coordinates":[-79.6691266,43.5489901]},"properties":{"kind":"crosswalk","buildingCode":null,"floor":null,"accessibility":"unknown","metadata":{"source":"OpenStreetMap","sourceUrl":"https://www.openstreetmap.org/node/10307592685","lastVerified":"2026-08-10","verificationStatus":"verified"}}},{"type":"Feature","id":"osm-node-10307592686","geometry":{"type":"Point","coordinates":[-79.6690094,43.5489036]},"properties":{"kind":"crosswalk","buildingCode":null,"floor":null,"accessibility":"unknown","metadata":{"source":"OpenStreetMap","sourceUrl":"https://www.openstreetmap.org/node/10307592686","lastVerified":"2026-08-10","verificationStatus":"verified"}}},{"type":"Feature","id":"osm-node-10307592688","geometry":{"type":"Point","coordinates":[-79.6662576,43.5469587]},"properties":{"kind":"crosswalk","buildingCode":null,"floor":null,"accessibility":"unknown","metadata":{"source":"OpenStreetMap","sourceUrl":"https://www.openstreetmap.org/node/10307592688","lastVerified":"2026-08-10","verificationStatus":"verified"}}},{"type":"Feature","id":"osm-node-10307592689","geometry":{"type":"Point","coordinates":[-79.6661447,43.5470425]},"properties":{"kind":"crosswalk","buildingCode":null,"floor":null,"accessibility":"unknown","metadata":{"source":"OpenStreetMap","sourceUrl":"https://www.openstreetmap.org/node/10307592689","lastVerified":"2026-08-10","verificationStatus":"verified"}}},{"type":"Feature","id":"osm-node-10307592690","geometry":{"type":"Point","coordinates":[-79.6660919,43.5470364]},"properties":{"kind":"crosswalk","buildingCode":null,"floor":null,"accessibility":"unknown","metadata":{"source":"OpenStreetMap","sourceUrl":"https://www.openstreetmap.org/node/10307592690","lastVerified":"2026-08-10","verificationStatus":"verified"}}},{"type":"Feature","id":"osm-node-10307592691","geometry":{"type":"Point","coordinates":[-79.665919,43.5469066]},"properties":{"kind":"crosswalk","buildingCode":null,"floor":null,"accessibility":"unknown","metadata":{"source":"OpenStreetMap","sourceUrl":"https://www.openstreetmap.org/node/10307592691","lastVerified":"2026-08-10","verificationStatus":"verified"}}},{"type":"Feature","id":"osm-node-10307592692","geometry":{"type":"Point","coordinates":[-79.6660359,43.5467988]},"properties":{"kind":"crosswalk","buildingCode":null,"floor":null,"accessibility":"unknown","metadata":{"source":"OpenStreetMap","sourceUrl":"https://www.openstreetmap.org/node/10307592692","lastVerified":"2026-08-10","verificationStatus":"verified"}}},{"type":"Feature","id":"osm-node-10307592693","geometry":{"type":"Point","coordinates":[-79.6659203,43.5468866]},"properties":{"kind":"crosswalk","buildingCode":null,"floor":null,"accessibility":"unknown","metadata":{"source":"OpenStreetMap","sourceUrl":"https://www.openstreetmap.org/node/10307592693","lastVerified":"2026-08-10","verificationStatus":"verified"}}},{"type":"Feature","id":"osm-node-10307592694","geometry":{"type":"Point","coordinates":[-79.6645267,43.5457831]},"properties":{"kind":"path-intersection","buildingCode":null,"floor":null,"accessibility":"unknown","metadata":{"source":"OpenStreetMap","sourceUrl":"https://www.openstreetmap.org/node/10307592694","lastVerified":"2026-08-10","verificationStatus":"verified"}}},{"type":"Feature","id":"osm-node-10307592695","geometry":{"type":"Point","coordinates":[-79.6647379,43.5459153]},"properties":{"kind":"path-intersection","buildingCode":null,"floor":null,"accessibility":"unknown","metadata":{"source":"OpenStreetMap","sourceUrl":"https://www.openstreetmap.org/node/10307592695","lastVerified":"2026-08-10","verificationStatus":"verified"}}},{"type":"Feature","id":"osm-node-10307592696","geometry":{"type":"Point","coordinates":[-79.66396,43.5454507]},"properties":{"kind":"path-intersection","buildingCode":null,"floor":null,"accessibility":"unknown","metadata":{"source":"OpenStreetMap","sourceUrl":"https://www.openstreetmap.org/node/10307592696","lastVerified":"2026-08-10","verificationStatus":"verified"}}},{"type":"Feature","id":"osm-node-10307592697","geometry":{"type":"Point","coordinates":[-79.6634464,43.545128]},"properties":{"kind":"path-intersection","buildingCode":null,"floor":null,"accessibility":"unknown","metadata":{"source":"OpenStreetMap","sourceUrl":"https://www.openstreetmap.org/node/10307592697","lastVerified":"2026-08-10","verificationStatus":"verified"}}},{"type":"Feature","id":"osm-node-10307592698","geometry":{"type":"Point","coordinates":[-79.6630897,43.5449452]},"properties":{"kind":"path-intersection","buildingCode":null,"floor":null,"accessibility":"unknown","metadata":{"source":"OpenStreetMap","sourceUrl":"https://www.openstreetmap.org/node/10307592698","lastVerified":"2026-08-10","verificationStatus":"verified"}}},{"type":"Feature","id":"osm-node-10307592699","geometry":{"type":"Point","coordinates":[-79.667919,43.5482798]},"properties":{"kind":"path-intersection","buildingCode":null,"floor":null,"accessibility":"unknown","metadata":{"source":"OpenStreetMap","sourceUrl":"https://www.openstreetmap.org/node/10307592699","lastVerified":"2026-08-10","verificationStatus":"verified"}}},{"type":"Feature","id":"osm-node-10307592700","geometry":{"type":"Point","coordinates":[-79.6664699,43.5472461]},"properties":{"kind":"path-intersection","buildingCode":null,"floor":null,"accessibility":"unknown","metadata":{"source":"OpenStreetMap","sourceUrl":"https://www.openstreetmap.org/node/10307592700","lastVerified":"2026-08-10","verificationStatus":"verified"}}},{"type":"Feature","id":"osm-node-10307592701","geometry":{"type":"Point","coordinates":[-79.6688866,43.5489885]},"properties":{"kind":"crosswalk","buildingCode":null,"floor":null,"accessibility":"unknown","metadata":{"source":"OpenStreetMap","sourceUrl":"https://www.openstreetmap.org/node/10307592701","lastVerified":"2026-08-10","verificationStatus":"verified"}}},{"type":"Feature","id":"osm-node-10307592705","geometry":{"type":"Point","coordinates":[-79.66889,43.5490055]},"properties":{"kind":"crosswalk","buildingCode":null,"floor":null,"accessibility":"unknown","metadata":{"source":"OpenStreetMap","sourceUrl":"https://www.openstreetmap.org/node/10307592705","lastVerified":"2026-08-10","verificationStatus":"verified"}}},{"type":"Feature","id":"osm-node-10307592707","geometry":{"type":"Point","coordinates":[-79.6688708,43.5490293]},"properties":{"kind":"path-intersection","buildingCode":null,"floor":null,"accessibility":"unknown","metadata":{"source":"OpenStreetMap","sourceUrl":"https://www.openstreetmap.org/node/10307592707","lastVerified":"2026-08-10","verificationStatus":"verified"}}},{"type":"Feature","id":"osm-node-10307592708","geometry":{"type":"Point","coordinates":[-79.6688802,43.549006]},"properties":{"kind":"path-intersection","buildingCode":null,"floor":null,"accessibility":"unknown","metadata":{"source":"OpenStreetMap","sourceUrl":"https://www.openstreetmap.org/node/10307592708","lastVerified":"2026-08-10","verificationStatus":"verified"}}},{"type":"Feature","id":"osm-node-10307633686","geometry":{"type":"Point","coordinates":[-79.6618045,43.5505579]},"properties":{"kind":"path-intersection","buildingCode":null,"floor":null,"accessibility":"unknown","metadata":{"source":"OpenStreetMap","sourceUrl":"https://www.openstreetmap.org/node/10307633686","lastVerified":"2026-08-10","verificationStatus":"verified"}}},{"type":"Feature","id":"osm-node-10307645209","geometry":{"type":"Point","coordinates":[-79.6688769,43.5489906]},"properties":{"kind":"path-intersection","buildingCode":null,"floor":null,"accessibility":"unknown","metadata":{"source":"OpenStreetMap","sourceUrl":"https://www.openstreetmap.org/node/10307645209","lastVerified":"2026-08-10","verificationStatus":"verified"}}},{"type":"Feature","id":"osm-node-10307645210","geometry":{"type":"Point","coordinates":[-79.6688557,43.5489641]},"properties":{"kind":"path-intersection","buildingCode":null,"floor":null,"accessibility":"unknown","metadata":{"source":"OpenStreetMap","sourceUrl":"https://www.openstreetmap.org/node/10307645210","lastVerified":"2026-08-10","verificationStatus":"verified"}}},{"type":"Feature","id":"osm-node-10307645211","geometry":{"type":"Point","coordinates":[-79.6662343,43.5471025]},"properties":{"kind":"path-intersection","buildingCode":null,"floor":null,"accessibility":"unknown","metadata":{"source":"OpenStreetMap","sourceUrl":"https://www.openstreetmap.org/node/10307645211","lastVerified":"2026-08-10","verificationStatus":"verified"}}},{"type":"Feature","id":"osm-node-10307645212","geometry":{"type":"Point","coordinates":[-79.6662687,43.5469503]},"properties":{"kind":"path-intersection","buildingCode":null,"floor":null,"accessibility":"unknown","metadata":{"source":"OpenStreetMap","sourceUrl":"https://www.openstreetmap.org/node/10307645212","lastVerified":"2026-08-10","verificationStatus":"verified"}}},{"type":"Feature","id":"osm-node-10307645213","geometry":{"type":"Point","coordinates":[-79.6661214,43.5470587]},"properties":{"kind":"path-intersection","buildingCode":null,"floor":null,"accessibility":"unknown","metadata":{"source":"OpenStreetMap","sourceUrl":"https://www.openstreetmap.org/node/10307645213","lastVerified":"2026-08-10","verificationStatus":"verified"}}},{"type":"Feature","id":"osm-node-10307645216","geometry":{"type":"Point","coordinates":[-79.6649466,43.546174]},"properties":{"kind":"path-intersection","buildingCode":null,"floor":null,"accessibility":"unknown","metadata":{"source":"OpenStreetMap","sourceUrl":"https://www.openstreetmap.org/node/10307645216","lastVerified":"2026-08-10","verificationStatus":"verified"}}},{"type":"Feature","id":"osm-node-10307645217","geometry":{"type":"Point","coordinates":[-79.6628589,43.5450803]},"properties":{"kind":"crosswalk","buildingCode":null,"floor":null,"accessibility":"unknown","metadata":{"source":"OpenStreetMap","sourceUrl":"https://www.openstreetmap.org/node/10307645217","lastVerified":"2026-08-10","verificationStatus":"verified"}}},{"type":"Feature","id":"osm-node-10307645227","geometry":{"type":"Point","coordinates":[-79.662775,43.5450671]},"properties":{"kind":"path-intersection","buildingCode":null,"floor":null,"accessibility":"unknown","metadata":{"source":"OpenStreetMap","sourceUrl":"https://www.openstreetmap.org/node/10307645227","lastVerified":"2026-08-10","verificationStatus":"verified"}}},{"type":"Feature","id":"osm-node-10307645228","geometry":{"type":"Point","coordinates":[-79.662799,43.545067]},"properties":{"kind":"path-intersection","buildingCode":null,"floor":null,"accessibility":"unknown","metadata":{"source":"OpenStreetMap","sourceUrl":"https://www.openstreetmap.org/node/10307645228","lastVerified":"2026-08-10","verificationStatus":"verified"}}},{"type":"Feature","id":"osm-node-10307645229","geometry":{"type":"Point","coordinates":[-79.662845,43.545075]},"properties":{"kind":"path-intersection","buildingCode":null,"floor":null,"accessibility":"unknown","metadata":{"source":"OpenStreetMap","sourceUrl":"https://www.openstreetmap.org/node/10307645229","lastVerified":"2026-08-10","verificationStatus":"verified"}}},{"type":"Feature","id":"osm-node-10307645230","geometry":{"type":"Point","coordinates":[-79.6629112,43.5451002]},"properties":{"kind":"path-intersection","buildingCode":null,"floor":null,"accessibility":"unknown","metadata":{"source":"OpenStreetMap","sourceUrl":"https://www.openstreetmap.org/node/10307645230","lastVerified":"2026-08-10","verificationStatus":"verified"}}},{"type":"Feature","id":"osm-node-10307645231","geometry":{"type":"Point","coordinates":[-79.6629951,43.5451398]},"properties":{"kind":"path-intersection","buildingCode":null,"floor":null,"accessibility":"unknown","metadata":{"source":"OpenStreetMap","sourceUrl":"https://www.openstreetmap.org/node/10307645231","lastVerified":"2026-08-10","verificationStatus":"verified"}}},{"type":"Feature","id":"osm-node-10307645232","geometry":{"type":"Point","coordinates":[-79.6642618,43.5457358]},"properties":{"kind":"path-intersection","buildingCode":null,"floor":null,"accessibility":"unknown","metadata":{"source":"OpenStreetMap","sourceUrl":"https://www.openstreetmap.org/node/10307645232","lastVerified":"2026-08-10","verificationStatus":"verified"}}},{"type":"Feature","id":"osm-node-10307645233","geometry":{"type":"Point","coordinates":[-79.6644354,43.545837]},"properties":{"kind":"path-intersection","buildingCode":null,"floor":null,"accessibility":"unknown","metadata":{"source":"OpenStreetMap","sourceUrl":"https://www.openstreetmap.org/node/10307645233","lastVerified":"2026-08-10","verificationStatus":"verified"}}},{"type":"Feature","id":"osm-node-10307645234","geometry":{"type":"Point","coordinates":[-79.6646362,43.5459674]},"properties":{"kind":"path-intersection","buildingCode":null,"floor":null,"accessibility":"unknown","metadata":{"source":"OpenStreetMap","sourceUrl":"https://www.openstreetmap.org/node/10307645234","lastVerified":"2026-08-10","verificationStatus":"verified"}}},{"type":"Feature","id":"osm-node-10307645235","geometry":{"type":"Point","coordinates":[-79.6649173,43.5461545]},"properties":{"kind":"path-intersection","buildingCode":null,"floor":null,"accessibility":"unknown","metadata":{"source":"OpenStreetMap","sourceUrl":"https://www.openstreetmap.org/node/10307645235","lastVerified":"2026-08-10","verificationStatus":"verified"}}},{"type":"Feature","id":"osm-node-10307645236","geometry":{"type":"Point","coordinates":[-79.6649743,43.5461924]},"properties":{"kind":"path-intersection","buildingCode":null,"floor":null,"accessibility":"unknown","metadata":{"source":"OpenStreetMap","sourceUrl":"https://www.openstreetmap.org/node/10307645236","lastVerified":"2026-08-10","verificationStatus":"verified"}}},{"type":"Feature","id":"osm-node-10307645237","geometry":{"type":"Point","coordinates":[-79.6651674,43.5463209]},"properties":{"kind":"path-intersection","buildingCode":null,"floor":null,"accessibility":"unknown","metadata":{"source":"OpenStreetMap","sourceUrl":"https://www.openstreetmap.org/node/10307645237","lastVerified":"2026-08-10","verificationStatus":"verified"}}},{"type":"Feature","id":"osm-node-10307645238","geometry":{"type":"Point","coordinates":[-79.6652584,43.5463814]},"properties":{"kind":"path-intersection","buildingCode":null,"floor":null,"accessibility":"unknown","metadata":{"source":"OpenStreetMap","sourceUrl":"https://www.openstreetmap.org/node/10307645238","lastVerified":"2026-08-10","verificationStatus":"verified"}}},{"type":"Feature","id":"osm-node-10307645239","geometry":{"type":"Point","coordinates":[-79.6652851,43.5464073]},"properties":{"kind":"path-intersection","buildingCode":null,"floor":null,"accessibility":"unknown","metadata":{"source":"OpenStreetMap","sourceUrl":"https://www.openstreetmap.org/node/10307645239","lastVerified":"2026-08-10","verificationStatus":"verified"}}},{"type":"Feature","id":"osm-node-10307645240","geometry":{"type":"Point","coordinates":[-79.6653017,43.5464351]},"properties":{"kind":"path-intersection","buildingCode":null,"floor":null,"accessibility":"unknown","metadata":{"source":"OpenStreetMap","sourceUrl":"https://www.openstreetmap.org/node/10307645240","lastVerified":"2026-08-10","verificationStatus":"verified"}}},{"type":"Feature","id":"osm-node-10307645241","geometry":{"type":"Point","coordinates":[-79.6653127,43.5464586]},"properties":{"kind":"path-intersection","buildingCode":null,"floor":null,"accessibility":"unknown","metadata":{"source":"OpenStreetMap","sourceUrl":"https://www.openstreetmap.org/node/10307645241","lastVerified":"2026-08-10","verificationStatus":"verified"}}},{"type":"Feature","id":"osm-node-10307645242","geometry":{"type":"Point","coordinates":[-79.6653286,43.5464763]},"properties":{"kind":"path-intersection","buildingCode":null,"floor":null,"accessibility":"unknown","metadata":{"source":"OpenStreetMap","sourceUrl":"https://www.openstreetmap.org/node/10307645242","lastVerified":"2026-08-10","verificationStatus":"verified"}}},{"type":"Feature","id":"osm-node-10307645244","geometry":{"type":"Point","coordinates":[-79.6658358,43.5468447]},"properties":{"kind":"path-intersection","buildingCode":null,"floor":null,"accessibility":"unknown","metadata":{"source":"OpenStreetMap","sourceUrl":"https://www.openstreetmap.org/node/10307645244","lastVerified":"2026-08-10","verificationStatus":"verified"}}},{"type":"Feature","id":"osm-node-10307668603","geometry":{"type":"Point","coordinates":[-79.6639528,43.5481343]},"properties":{"kind":"path-intersection","buildingCode":null,"floor":null,"accessibility":"unknown","metadata":{"source":"OpenStreetMap","sourceUrl":"https://www.openstreetmap.org/node/10307668603","lastVerified":"2026-08-10","verificationStatus":"verified"}}},{"type":"Feature","id":"osm-node-10307668604","geometry":{"type":"Point","coordinates":[-79.6639594,43.5481003]},"properties":{"kind":"path-intersection","buildingCode":null,"floor":null,"accessibility":"unknown","metadata":{"source":"OpenStreetMap","sourceUrl":"https://www.openstreetmap.org/node/10307668604","lastVerified":"2026-08-10","verificationStatus":"verified"}}},{"type":"Feature","id":"osm-node-10307668605","geometry":{"type":"Point","coordinates":[-79.6639795,43.5480697]},"properties":{"kind":"path-intersection","buildingCode":null,"floor":null,"accessibility":"unknown","metadata":{"source":"OpenStreetMap","sourceUrl":"https://www.openstreetmap.org/node/10307668605","lastVerified":"2026-08-10","verificationStatus":"verified"}}},{"type":"Feature","id":"osm-node-10307668606","geometry":{"type":"Point","coordinates":[-79.664002,43.5480462]},"properties":{"kind":"path-intersection","buildingCode":null,"floor":null,"accessibility":"unknown","metadata":{"source":"OpenStreetMap","sourceUrl":"https://www.openstreetmap.org/node/10307668606","lastVerified":"2026-08-10","verificationStatus":"verified"}}},{"type":"Feature","id":"osm-node-10307668607","geometry":{"type":"Point","coordinates":[-79.6640432,43.548015]},"properties":{"kind":"path-intersection","buildingCode":null,"floor":null,"accessibility":"unknown","metadata":{"source":"OpenStreetMap","sourceUrl":"https://www.openstreetmap.org/node/10307668607","lastVerified":"2026-08-10","verificationStatus":"verified"}}},{"type":"Feature","id":"osm-node-10307668608","geometry":{"type":"Point","coordinates":[-79.6640642,43.5479729]},"properties":{"kind":"path-intersection","buildingCode":null,"floor":null,"accessibility":"unknown","metadata":{"source":"OpenStreetMap","sourceUrl":"https://www.openstreetmap.org/node/10307668608","lastVerified":"2026-08-10","verificationStatus":"verified"}}},{"type":"Feature","id":"osm-node-10307668609","geometry":{"type":"Point","coordinates":[-79.6640826,43.5479246]},"properties":{"kind":"path-intersection","buildingCode":null,"floor":null,"accessibility":"unknown","metadata":{"source":"OpenStreetMap","sourceUrl":"https://www.openstreetmap.org/node/10307668609","lastVerified":"2026-08-10","verificationStatus":"verified"}}},{"type":"Feature","id":"osm-node-10307668610","geometry":{"type":"Point","coordinates":[-79.6640959,43.547907]},"properties":{"kind":"path-intersection","buildingCode":null,"floor":null,"accessibility":"unknown","metadata":{"source":"OpenStreetMap","sourceUrl":"https://www.openstreetmap.org/node/10307668610","lastVerified":"2026-08-10","verificationStatus":"verified"}}},{"type":"Feature","id":"osm-node-10307668611","geometry":{"type":"Point","coordinates":[-79.6641374,43.5478827]},"properties":{"kind":"path-intersection","buildingCode":null,"floor":null,"accessibility":"unknown","metadata":{"source":"OpenStreetMap","sourceUrl":"https://www.openstreetmap.org/node/10307668611","lastVerified":"2026-08-10","verificationStatus":"verified"}}},{"type":"Feature","id":"osm-node-10307668612","geometry":{"type":"Point","coordinates":[-79.6641939,43.5478656]},"properties":{"kind":"path-intersection","buildingCode":null,"floor":null,"accessibility":"unknown","metadata":{"source":"OpenStreetMap","sourceUrl":"https://www.openstreetmap.org/node/10307668612","lastVerified":"2026-08-10","verificationStatus":"verified"}}},{"type":"Feature","id":"osm-node-10307668613","geometry":{"type":"Point","coordinates":[-79.6643278,43.5478602]},"properties":{"kind":"path-intersection","buildingCode":null,"floor":null,"accessibility":"unknown","metadata":{"source":"OpenStreetMap","sourceUrl":"https://www.openstreetmap.org/node/10307668613","lastVerified":"2026-08-10","verificationStatus":"verified"}}},{"type":"Feature","id":"osm-node-10307668614","geometry":{"type":"Point","coordinates":[-79.6645804,43.5478394]},"properties":{"kind":"path-intersection","buildingCode":null,"floor":null,"accessibility":"unknown","metadata":{"source":"OpenStreetMap","sourceUrl":"https://www.openstreetmap.org/node/10307668614","lastVerified":"2026-08-10","verificationStatus":"verified"}}},{"type":"Feature","id":"osm-node-10307668615","geometry":{"type":"Point","coordinates":[-79.6648252,43.5478046]},"properties":{"kind":"path-intersection","buildingCode":null,"floor":null,"accessibility":"unknown","metadata":{"source":"OpenStreetMap","sourceUrl":"https://www.openstreetmap.org/node/10307668615","lastVerified":"2026-08-10","verificationStatus":"verified"}}},{"type":"Feature","id":"osm-node-10307668618","geometry":{"type":"Point","coordinates":[-79.665509,43.5482186]},"properties":{"kind":"path-intersection","buildingCode":null,"floor":null,"accessibility":"unknown","metadata":{"source":"OpenStreetMap","sourceUrl":"https://www.openstreetmap.org/node/10307668618","lastVerified":"2026-08-10","verificationStatus":"verified"}}},{"type":"Feature","id":"osm-node-10307668619","geometry":{"type":"Point","coordinates":[-79.6655144,43.5482021]},"properties":{"kind":"path-intersection","buildingCode":null,"floor":null,"accessibility":"unknown","metadata":{"source":"OpenStreetMap","sourceUrl":"https://www.openstreetmap.org/node/10307668619","lastVerified":"2026-08-10","verificationStatus":"verified"}}},{"type":"Feature","id":"osm-node-10307668620","geometry":{"type":"Point","coordinates":[-79.6654628,43.5481435]},"properties":{"kind":"path-intersection","buildingCode":null,"floor":null,"accessibility":"unknown","metadata":{"source":"OpenStreetMap","sourceUrl":"https://www.openstreetmap.org/node/10307668620","lastVerified":"2026-08-10","verificationStatus":"verified"}}},{"type":"Feature","id":"osm-node-10307668621","geometry":{"type":"Point","coordinates":[-79.6653962,43.5481189]},"properties":{"kind":"path-intersection","buildingCode":null,"floor":null,"accessibility":"unknown","metadata":{"source":"OpenStreetMap","sourceUrl":"https://www.openstreetmap.org/node/10307668621","lastVerified":"2026-08-10","verificationStatus":"verified"}}},{"type":"Feature","id":"osm-node-10307668622","geometry":{"type":"Point","coordinates":[-79.6653107,43.548109]},"properties":{"kind":"path-intersection","buildingCode":null,"floor":null,"accessibility":"unknown","metadata":{"source":"OpenStreetMap","sourceUrl":"https://www.openstreetmap.org/node/10307668622","lastVerified":"2026-08-10","verificationStatus":"verified"}}},{"type":"Feature","id":"osm-node-10307668623","geometry":{"type":"Point","coordinates":[-79.6650553,43.5481032]},"properties":{"kind":"path-intersection","buildingCode":null,"floor":null,"accessibility":"unknown","metadata":{"source":"OpenStreetMap","sourceUrl":"https://www.openstreetmap.org/node/10307668623","lastVerified":"2026-08-10","verificationStatus":"verified"}}},{"type":"Feature","id":"osm-node-10307668624","geometry":{"type":"Point","coordinates":[-79.6648699,43.5481128]},"properties":{"kind":"path-intersection","buildingCode":null,"floor":null,"accessibility":"unknown","metadata":{"source":"OpenStreetMap","sourceUrl":"https://www.openstreetmap.org/node/10307668624","lastVerified":"2026-08-10","verificationStatus":"verified"}}},{"type":"Feature","id":"osm-node-10307668625","geometry":{"type":"Point","coordinates":[-79.6654964,43.5481493]},"properties":{"kind":"path-intersection","buildingCode":null,"floor":null,"accessibility":"unknown","metadata":{"source":"OpenStreetMap","sourceUrl":"https://www.openstreetmap.org/node/10307668625","lastVerified":"2026-08-10","verificationStatus":"verified"}}},{"type":"Feature","id":"osm-node-10307668626","geometry":{"type":"Point","coordinates":[-79.66471,43.5481418]},"properties":{"kind":"path-intersection","buildingCode":null,"floor":null,"accessibility":"unknown","metadata":{"source":"OpenStreetMap","sourceUrl":"https://www.openstreetmap.org/node/10307668626","lastVerified":"2026-08-10","verificationStatus":"verified"}}},{"type":"Feature","id":"osm-node-10307668632","geometry":{"type":"Point","coordinates":[-79.6654901,43.5481756]},"properties":{"kind":"path-intersection","buildingCode":null,"floor":null,"accessibility":"unknown","metadata":{"source":"OpenStreetMap","sourceUrl":"https://www.openstreetmap.org/node/10307668632","lastVerified":"2026-08-10","verificationStatus":"verified"}}},{"type":"Feature","id":"osm-node-10307668635","geometry":{"type":"Point","coordinates":[-79.6654993,43.5481406]},"properties":{"kind":"path-intersection","buildingCode":null,"floor":null,"accessibility":"unknown","metadata":{"source":"OpenStreetMap","sourceUrl":"https://www.openstreetmap.org/node/10307668635","lastVerified":"2026-08-10","verificationStatus":"verified"}}},{"type":"Feature","id":"osm-node-10307668699","geometry":{"type":"Point","coordinates":[-79.6655377,43.5497426]},"properties":{"kind":"path-intersection","buildingCode":null,"floor":null,"accessibility":"unknown","metadata":{"source":"OpenStreetMap","sourceUrl":"https://www.openstreetmap.org/node/10307668699","lastVerified":"2026-08-10","verificationStatus":"verified"}}},{"type":"Feature","id":"osm-node-10307668700","geometry":{"type":"Point","coordinates":[-79.6653098,43.5495331]},"properties":{"kind":"path-intersection","buildingCode":null,"floor":null,"accessibility":"unknown","metadata":{"source":"OpenStreetMap","sourceUrl":"https://www.openstreetmap.org/node/10307668700","lastVerified":"2026-08-10","verificationStatus":"verified"}}},{"type":"Feature","id":"osm-node-10307668701","geometry":{"type":"Point","coordinates":[-79.6651019,43.549375]},"properties":{"kind":"path-intersection","buildingCode":null,"floor":null,"accessibility":"unknown","metadata":{"source":"OpenStreetMap","sourceUrl":"https://www.openstreetmap.org/node/10307668701","lastVerified":"2026-08-10","verificationStatus":"verified"}}},{"type":"Feature","id":"osm-node-10307668702","geometry":{"type":"Point","coordinates":[-79.6656567,43.5499102]},"properties":{"kind":"path-intersection","buildingCode":null,"floor":null,"accessibility":"unknown","metadata":{"source":"OpenStreetMap","sourceUrl":"https://www.openstreetmap.org/node/10307668702","lastVerified":"2026-08-10","verificationStatus":"verified"}}},{"type":"Feature","id":"osm-node-10307668718","geometry":{"type":"Point","coordinates":[-79.6636724,43.5491488]},"properties":{"kind":"path-intersection","buildingCode":null,"floor":null,"accessibility":"unknown","metadata":{"source":"OpenStreetMap","sourceUrl":"https://www.openstreetmap.org/node/10307668718","lastVerified":"2026-08-10","verificationStatus":"verified"}}},{"type":"Feature","id":"osm-node-10307668719","geometry":{"type":"Point","coordinates":[-79.6640211,43.5491871]},"properties":{"kind":"path-intersection","buildingCode":null,"floor":null,"accessibility":"unknown","metadata":{"source":"OpenStreetMap","sourceUrl":"https://www.openstreetmap.org/node/10307668719","lastVerified":"2026-08-10","verificationStatus":"verified"}}},{"type":"Feature","id":"osm-node-10307668726","geometry":{"type":"Point","coordinates":[-79.6642239,43.5492392]},"properties":{"kind":"path-intersection","buildingCode":null,"floor":null,"accessibility":"unknown","metadata":{"source":"OpenStreetMap","sourceUrl":"https://www.openstreetmap.org/node/10307668726","lastVerified":"2026-08-10","verificationStatus":"verified"}}},{"type":"Feature","id":"osm-node-10307668727","geometry":{"type":"Point","coordinates":[-79.6644275,43.5492709]},"properties":{"kind":"path-intersection","buildingCode":null,"floor":null,"accessibility":"unknown","metadata":{"source":"OpenStreetMap","sourceUrl":"https://www.openstreetmap.org/node/10307668727","lastVerified":"2026-08-10","verificationStatus":"verified"}}},{"type":"Feature","id":"osm-node-10307668729","geometry":{"type":"Point","coordinates":[-79.6646894,43.5492543]},"properties":{"kind":"path-intersection","buildingCode":null,"floor":null,"accessibility":"unknown","metadata":{"source":"OpenStreetMap","sourceUrl":"https://www.openstreetmap.org/node/10307668729","lastVerified":"2026-08-10","verificationStatus":"verified"}}},{"type":"Feature","id":"osm-node-10307668730","geometry":{"type":"Point","coordinates":[-79.6648421,43.5492547]},"properties":{"kind":"path-intersection","buildingCode":null,"floor":null,"accessibility":"unknown","metadata":{"source":"OpenStreetMap","sourceUrl":"https://www.openstreetmap.org/node/10307668730","lastVerified":"2026-08-10","verificationStatus":"verified"}}},{"type":"Feature","id":"osm-node-10307668733","geometry":{"type":"Point","coordinates":[-79.6642511,43.5492067]},"properties":{"kind":"path-intersection","buildingCode":null,"floor":null,"accessibility":"unknown","metadata":{"source":"OpenStreetMap","sourceUrl":"https://www.openstreetmap.org/node/10307668733","lastVerified":"2026-08-10","verificationStatus":"verified"}}},{"type":"Feature","id":"osm-node-10307718734","geometry":{"type":"Point","coordinates":[-79.6655407,43.5514406]},"properties":{"kind":"path-intersection","buildingCode":null,"floor":null,"accessibility":"unknown","metadata":{"source":"OpenStreetMap","sourceUrl":"https://www.openstreetmap.org/node/10307718734","lastVerified":"2026-08-10","verificationStatus":"verified"}}},{"type":"Feature","id":"osm-node-10307718736","geometry":{"type":"Point","coordinates":[-79.6654796,43.5514207]},"properties":{"kind":"path-intersection","buildingCode":null,"floor":null,"accessibility":"unknown","metadata":{"source":"OpenStreetMap","sourceUrl":"https://www.openstreetmap.org/node/10307718736","lastVerified":"2026-08-10","verificationStatus":"verified"}}},{"type":"Feature","id":"osm-node-10307718737","geometry":{"type":"Point","coordinates":[-79.6654654,43.5513873]},"properties":{"kind":"path-intersection","buildingCode":null,"floor":null,"accessibility":"unknown","metadata":{"source":"OpenStreetMap","sourceUrl":"https://www.openstreetmap.org/node/10307718737","lastVerified":"2026-08-10","verificationStatus":"verified"}}},{"type":"Feature","id":"osm-node-10307718738","geometry":{"type":"Point","coordinates":[-79.6653239,43.5513402]},"properties":{"kind":"path-intersection","buildingCode":null,"floor":null,"accessibility":"unknown","metadata":{"source":"OpenStreetMap","sourceUrl":"https://www.openstreetmap.org/node/10307718738","lastVerified":"2026-08-10","verificationStatus":"verified"}}},{"type":"Feature","id":"osm-node-10307718739","geometry":{"type":"Point","coordinates":[-79.6652616,43.5513582]},"properties":{"kind":"path-intersection","buildingCode":null,"floor":null,"accessibility":"unknown","metadata":{"source":"OpenStreetMap","sourceUrl":"https://www.openstreetmap.org/node/10307718739","lastVerified":"2026-08-10","verificationStatus":"verified"}}},{"type":"Feature","id":"osm-node-10307720019","geometry":{"type":"Point","coordinates":[-79.6645368,43.5517927]},"properties":{"kind":"path-intersection","buildingCode":null,"floor":null,"accessibility":"unknown","metadata":{"source":"OpenStreetMap","sourceUrl":"https://www.openstreetmap.org/node/10307720019","lastVerified":"2026-08-10","verificationStatus":"verified"}}},{"type":"Feature","id":"osm-node-10307720020","geometry":{"type":"Point","coordinates":[-79.6647654,43.5518704]},"properties":{"kind":"path-intersection","buildingCode":null,"floor":null,"accessibility":"unknown","metadata":{"source":"OpenStreetMap","sourceUrl":"https://www.openstreetmap.org/node/10307720020","lastVerified":"2026-08-10","verificationStatus":"verified"}}},{"type":"Feature","id":"osm-node-10307720021","geometry":{"type":"Point","coordinates":[-79.6646097,43.5517673]},"properties":{"kind":"path-intersection","buildingCode":null,"floor":null,"accessibility":"unknown","metadata":{"source":"OpenStreetMap","sourceUrl":"https://www.openstreetmap.org/node/10307720021","lastVerified":"2026-08-10","verificationStatus":"verified"}}},{"type":"Feature","id":"osm-node-10307720022","geometry":{"type":"Point","coordinates":[-79.6647919,43.5517632]},"properties":{"kind":"path-intersection","buildingCode":null,"floor":null,"accessibility":"unknown","metadata":{"source":"OpenStreetMap","sourceUrl":"https://www.openstreetmap.org/node/10307720022","lastVerified":"2026-08-10","verificationStatus":"verified"}}},{"type":"Feature","id":"osm-node-10307720023","geometry":{"type":"Point","coordinates":[-79.6647014,43.5517619]},"properties":{"kind":"path-intersection","buildingCode":null,"floor":null,"accessibility":"unknown","metadata":{"source":"OpenStreetMap","sourceUrl":"https://www.openstreetmap.org/node/10307720023","lastVerified":"2026-08-10","verificationStatus":"verified"}}},{"type":"Feature","id":"osm-node-10307720024","geometry":{"type":"Point","coordinates":[-79.6644556,43.5518879]},"properties":{"kind":"path-intersection","buildingCode":null,"floor":null,"accessibility":"unknown","metadata":{"source":"OpenStreetMap","sourceUrl":"https://www.openstreetmap.org/node/10307720024","lastVerified":"2026-08-10","verificationStatus":"verified"}}},{"type":"Feature","id":"osm-node-10307720025","geometry":{"type":"Point","coordinates":[-79.6645552,43.5518986]},"properties":{"kind":"path-intersection","buildingCode":null,"floor":null,"accessibility":"unknown","metadata":{"source":"OpenStreetMap","sourceUrl":"https://www.openstreetmap.org/node/10307720025","lastVerified":"2026-08-10","verificationStatus":"verified"}}},{"type":"Feature","id":"osm-node-10307720026","geometry":{"type":"Point","coordinates":[-79.6646675,43.5518952]},"properties":{"kind":"path-intersection","buildingCode":null,"floor":null,"accessibility":"unknown","metadata":{"source":"OpenStreetMap","sourceUrl":"https://www.openstreetmap.org/node/10307720026","lastVerified":"2026-08-10","verificationStatus":"verified"}}},{"type":"Feature","id":"osm-node-10307720027","geometry":{"type":"Point","coordinates":[-79.6648371,43.5518291]},"properties":{"kind":"path-intersection","buildingCode":null,"floor":null,"accessibility":"unknown","metadata":{"source":"OpenStreetMap","sourceUrl":"https://www.openstreetmap.org/node/10307720027","lastVerified":"2026-08-10","verificationStatus":"verified"}}},{"type":"Feature","id":"osm-node-10307720028","geometry":{"type":"Point","coordinates":[-79.6650061,43.551726]},"properties":{"kind":"path-intersection","buildingCode":null,"floor":null,"accessibility":"unknown","metadata":{"source":"OpenStreetMap","sourceUrl":"https://www.openstreetmap.org/node/10307720028","lastVerified":"2026-08-10","verificationStatus":"verified"}}},{"type":"Feature","id":"osm-node-10307720029","geometry":{"type":"Point","coordinates":[-79.665642,43.5515437]},"properties":{"kind":"path-intersection","buildingCode":null,"floor":null,"accessibility":"unknown","metadata":{"source":"OpenStreetMap","sourceUrl":"https://www.openstreetmap.org/node/10307720029","lastVerified":"2026-08-10","verificationStatus":"verified"}}},{"type":"Feature","id":"osm-node-10307720030","geometry":{"type":"Point","coordinates":[-79.6653734,43.5518323]},"properties":{"kind":"path-intersection","buildingCode":null,"floor":null,"accessibility":"unknown","metadata":{"source":"OpenStreetMap","sourceUrl":"https://www.openstreetmap.org/node/10307720030","lastVerified":"2026-08-10","verificationStatus":"verified"}}},{"type":"Feature","id":"osm-node-10307720031","geometry":{"type":"Point","coordinates":[-79.6655061,43.5517627]},"properties":{"kind":"path-intersection","buildingCode":null,"floor":null,"accessibility":"unknown","metadata":{"source":"OpenStreetMap","sourceUrl":"https://www.openstreetmap.org/node/10307720031","lastVerified":"2026-08-10","verificationStatus":"verified"}}},{"type":"Feature","id":"osm-node-10307720032","geometry":{"type":"Point","coordinates":[-79.6652422,43.5517302]},"properties":{"kind":"path-intersection","buildingCode":null,"floor":null,"accessibility":"unknown","metadata":{"source":"OpenStreetMap","sourceUrl":"https://www.openstreetmap.org/node/10307720032","lastVerified":"2026-08-10","verificationStatus":"verified"}}},{"type":"Feature","id":"osm-node-10307720033","geometry":{"type":"Point","coordinates":[-79.665214,43.5517739]},"properties":{"kind":"path-intersection","buildingCode":null,"floor":null,"accessibility":"unknown","metadata":{"source":"OpenStreetMap","sourceUrl":"https://www.openstreetmap.org/node/10307720033","lastVerified":"2026-08-10","verificationStatus":"verified"}}},{"type":"Feature","id":"osm-node-10307720034","geometry":{"type":"Point","coordinates":[-79.6654224,43.551451]},"properties":{"kind":"path-intersection","buildingCode":null,"floor":null,"accessibility":"unknown","metadata":{"source":"OpenStreetMap","sourceUrl":"https://www.openstreetmap.org/node/10307720034","lastVerified":"2026-08-10","verificationStatus":"verified"}}},{"type":"Feature","id":"osm-node-10307720035","geometry":{"type":"Point","coordinates":[-79.6654061,43.5514184]},"properties":{"kind":"path-intersection","buildingCode":null,"floor":null,"accessibility":"unknown","metadata":{"source":"OpenStreetMap","sourceUrl":"https://www.openstreetmap.org/node/10307720035","lastVerified":"2026-08-10","verificationStatus":"verified"}}},{"type":"Feature","id":"osm-node-10307720036","geometry":{"type":"Point","coordinates":[-79.6653281,43.551392]},"properties":{"kind":"path-intersection","buildingCode":null,"floor":null,"accessibility":"unknown","metadata":{"source":"OpenStreetMap","sourceUrl":"https://www.openstreetmap.org/node/10307720036","lastVerified":"2026-08-10","verificationStatus":"verified"}}},{"type":"Feature","id":"osm-node-10307720037","geometry":{"type":"Point","coordinates":[-79.666049,43.5499652]},"properties":{"kind":"path-intersection","buildingCode":null,"floor":null,"accessibility":"unknown","metadata":{"source":"OpenStreetMap","sourceUrl":"https://www.openstreetmap.org/node/10307720037","lastVerified":"2026-08-10","verificationStatus":"verified"}}},{"type":"Feature","id":"osm-node-10307720040","geometry":{"type":"Point","coordinates":[-79.6673336,43.5492091]},"properties":{"kind":"path-intersection","buildingCode":null,"floor":null,"accessibility":"unknown","metadata":{"source":"OpenStreetMap","sourceUrl":"https://www.openstreetmap.org/node/10307720040","lastVerified":"2026-08-10","verificationStatus":"verified"}}},{"type":"Feature","id":"osm-node-10307720041","geometry":{"type":"Point","coordinates":[-79.6678063,43.5494317]},"properties":{"kind":"path-intersection","buildingCode":null,"floor":null,"accessibility":"unknown","metadata":{"source":"OpenStreetMap","sourceUrl":"https://www.openstreetmap.org/node/10307720041","lastVerified":"2026-08-10","verificationStatus":"verified"}}},{"type":"Feature","id":"osm-node-10307720042","geometry":{"type":"Point","coordinates":[-79.6676236,43.5493884]},"properties":{"kind":"path-intersection","buildingCode":null,"floor":null,"accessibility":"unknown","metadata":{"source":"OpenStreetMap","sourceUrl":"https://www.openstreetmap.org/node/10307720042","lastVerified":"2026-08-10","verificationStatus":"verified"}}},{"type":"Feature","id":"osm-node-10307720043","geometry":{"type":"Point","coordinates":[-79.6667556,43.5489525]},"properties":{"kind":"path-intersection","buildingCode":null,"floor":null,"accessibility":"unknown","metadata":{"source":"OpenStreetMap","sourceUrl":"https://www.openstreetmap.org/node/10307720043","lastVerified":"2026-08-10","verificationStatus":"verified"}}},{"type":"Feature","id":"osm-node-10307720044","geometry":{"type":"Point","coordinates":[-79.6655439,43.548066]},"properties":{"kind":"path-intersection","buildingCode":null,"floor":null,"accessibility":"unknown","metadata":{"source":"OpenStreetMap","sourceUrl":"https://www.openstreetmap.org/node/10307720044","lastVerified":"2026-08-10","verificationStatus":"verified"}}},{"type":"Feature","id":"osm-node-10307720045","geometry":{"type":"Point","coordinates":[-79.6666644,43.5508294]},"properties":{"kind":"path-intersection","buildingCode":null,"floor":null,"accessibility":"unknown","metadata":{"source":"OpenStreetMap","sourceUrl":"https://www.openstreetmap.org/node/10307720045","lastVerified":"2026-08-10","verificationStatus":"verified"}}},{"type":"Feature","id":"osm-node-10307720046","geometry":{"type":"Point","coordinates":[-79.6663326,43.5501213]},"properties":{"kind":"path-intersection","buildingCode":null,"floor":null,"accessibility":"unknown","metadata":{"source":"OpenStreetMap","sourceUrl":"https://www.openstreetmap.org/node/10307720046","lastVerified":"2026-08-10","verificationStatus":"verified"}}},{"type":"Feature","id":"osm-node-10307720047","geometry":{"type":"Point","coordinates":[-79.6658189,43.5500651]},"properties":{"kind":"path-intersection","buildingCode":null,"floor":null,"accessibility":"unknown","metadata":{"source":"OpenStreetMap","sourceUrl":"https://www.openstreetmap.org/node/10307720047","lastVerified":"2026-08-10","verificationStatus":"verified"}}},{"type":"Feature","id":"osm-node-10307720048","geometry":{"type":"Point","coordinates":[-79.662087,43.5498426]},"properties":{"kind":"path-intersection","buildingCode":null,"floor":null,"accessibility":"unknown","metadata":{"source":"OpenStreetMap","sourceUrl":"https://www.openstreetmap.org/node/10307720048","lastVerified":"2026-08-10","verificationStatus":"verified"}}},{"type":"Feature","id":"osm-node-10307720049","geometry":{"type":"Point","coordinates":[-79.6621276,43.5498203]},"properties":{"kind":"path-intersection","buildingCode":null,"floor":null,"accessibility":"unknown","metadata":{"source":"OpenStreetMap","sourceUrl":"https://www.openstreetmap.org/node/10307720049","lastVerified":"2026-08-10","verificationStatus":"verified"}}},{"type":"Feature","id":"osm-node-10307720050","geometry":{"type":"Point","coordinates":[-79.6621782,43.5498157]},"properties":{"kind":"path-intersection","buildingCode":null,"floor":null,"accessibility":"unknown","metadata":{"source":"OpenStreetMap","sourceUrl":"https://www.openstreetmap.org/node/10307720050","lastVerified":"2026-08-10","verificationStatus":"verified"}}},{"type":"Feature","id":"osm-node-10307720051","geometry":{"type":"Point","coordinates":[-79.6622252,43.5498301]},"properties":{"kind":"path-intersection","buildingCode":null,"floor":null,"accessibility":"unknown","metadata":{"source":"OpenStreetMap","sourceUrl":"https://www.openstreetmap.org/node/10307720051","lastVerified":"2026-08-10","verificationStatus":"verified"}}},{"type":"Feature","id":"osm-node-10307720052","geometry":{"type":"Point","coordinates":[-79.662256,43.5498596]},"properties":{"kind":"path-intersection","buildingCode":null,"floor":null,"accessibility":"unknown","metadata":{"source":"OpenStreetMap","sourceUrl":"https://www.openstreetmap.org/node/10307720052","lastVerified":"2026-08-10","verificationStatus":"verified"}}},{"type":"Feature","id":"osm-node-10307720053","geometry":{"type":"Point","coordinates":[-79.6622623,43.5498963]},"properties":{"kind":"path-intersection","buildingCode":null,"floor":null,"accessibility":"unknown","metadata":{"source":"OpenStreetMap","sourceUrl":"https://www.openstreetmap.org/node/10307720053","lastVerified":"2026-08-10","verificationStatus":"verified"}}},{"type":"Feature","id":"osm-node-10307720054","geometry":{"type":"Point","coordinates":[-79.6622424,43.5499303]},"properties":{"kind":"path-intersection","buildingCode":null,"floor":null,"accessibility":"unknown","metadata":{"source":"OpenStreetMap","sourceUrl":"https://www.openstreetmap.org/node/10307720054","lastVerified":"2026-08-10","verificationStatus":"verified"}}},{"type":"Feature","id":"osm-node-10307720055","geometry":{"type":"Point","coordinates":[-79.6622034,43.5499548]},"properties":{"kind":"path-intersection","buildingCode":null,"floor":null,"accessibility":"unknown","metadata":{"source":"OpenStreetMap","sourceUrl":"https://www.openstreetmap.org/node/10307720055","lastVerified":"2026-08-10","verificationStatus":"verified"}}},{"type":"Feature","id":"osm-node-10307720056","geometry":{"type":"Point","coordinates":[-79.6620962,43.5506766]},"properties":{"kind":"path-intersection","buildingCode":null,"floor":null,"accessibility":"unknown","metadata":{"source":"OpenStreetMap","sourceUrl":"https://www.openstreetmap.org/node/10307720056","lastVerified":"2026-08-10","verificationStatus":"verified"}}},{"type":"Feature","id":"osm-node-10307720057","geometry":{"type":"Point","coordinates":[-79.6620252,43.5506029]},"properties":{"kind":"path-intersection","buildingCode":null,"floor":null,"accessibility":"unknown","metadata":{"source":"OpenStreetMap","sourceUrl":"https://www.openstreetmap.org/node/10307720057","lastVerified":"2026-08-10","verificationStatus":"verified"}}},{"type":"Feature","id":"osm-node-10307720058","geometry":{"type":"Point","coordinates":[-79.6621539,43.5500121]},"properties":{"kind":"path-intersection","buildingCode":null,"floor":null,"accessibility":"unknown","metadata":{"source":"OpenStreetMap","sourceUrl":"https://www.openstreetmap.org/node/10307720058","lastVerified":"2026-08-10","verificationStatus":"verified"}}},{"type":"Feature","id":"osm-node-10307720059","geometry":{"type":"Point","coordinates":[-79.6621177,43.5499488]},"properties":{"kind":"path-intersection","buildingCode":null,"floor":null,"accessibility":"unknown","metadata":{"source":"OpenStreetMap","sourceUrl":"https://www.openstreetmap.org/node/10307720059","lastVerified":"2026-08-10","verificationStatus":"verified"}}},{"type":"Feature","id":"osm-node-10307720060","geometry":{"type":"Point","coordinates":[-79.6620845,43.5499233]},"properties":{"kind":"path-intersection","buildingCode":null,"floor":null,"accessibility":"unknown","metadata":{"source":"OpenStreetMap","sourceUrl":"https://www.openstreetmap.org/node/10307720060","lastVerified":"2026-08-10","verificationStatus":"verified"}}},{"type":"Feature","id":"osm-node-10307720061","geometry":{"type":"Point","coordinates":[-79.6620426,43.549908]},"properties":{"kind":"path-intersection","buildingCode":null,"floor":null,"accessibility":"unknown","metadata":{"source":"OpenStreetMap","sourceUrl":"https://www.openstreetmap.org/node/10307720061","lastVerified":"2026-08-10","verificationStatus":"verified"}}},{"type":"Feature","id":"osm-node-10307720069","geometry":{"type":"Point","coordinates":[-79.6586555,43.5472817]},"properties":{"kind":"path-intersection","buildingCode":null,"floor":null,"accessibility":"unknown","metadata":{"source":"OpenStreetMap","sourceUrl":"https://www.openstreetmap.org/node/10307720069","lastVerified":"2026-08-10","verificationStatus":"verified"}}},{"type":"Feature","id":"osm-node-10307720070","geometry":{"type":"Point","coordinates":[-79.6585775,43.5479095]},"properties":{"kind":"path-intersection","buildingCode":null,"floor":null,"accessibility":"unknown","metadata":{"source":"OpenStreetMap","sourceUrl":"https://www.openstreetmap.org/node/10307720070","lastVerified":"2026-08-10","verificationStatus":"verified"}}},{"type":"Feature","id":"osm-node-10307720071","geometry":{"type":"Point","coordinates":[-79.6594586,43.5485569]},"properties":{"kind":"path-intersection","buildingCode":null,"floor":null,"accessibility":"unknown","metadata":{"source":"OpenStreetMap","sourceUrl":"https://www.openstreetmap.org/node/10307720071","lastVerified":"2026-08-10","verificationStatus":"verified"}}},{"type":"Feature","id":"osm-node-10307720073","geometry":{"type":"Point","coordinates":[-79.6681831,43.5493875]},"properties":{"kind":"path-intersection","buildingCode":null,"floor":null,"accessibility":"unknown","metadata":{"source":"OpenStreetMap","sourceUrl":"https://www.openstreetmap.org/node/10307720073","lastVerified":"2026-08-10","verificationStatus":"verified"}}},{"type":"Feature","id":"osm-node-10307720074","geometry":{"type":"Point","coordinates":[-79.6682588,43.5494416]},"properties":{"kind":"path-intersection","buildingCode":null,"floor":null,"accessibility":"unknown","metadata":{"source":"OpenStreetMap","sourceUrl":"https://www.openstreetmap.org/node/10307720074","lastVerified":"2026-08-10","verificationStatus":"verified"}}},{"type":"Feature","id":"osm-node-10307720080","geometry":{"type":"Point","coordinates":[-79.6623729,43.5515802]},"properties":{"kind":"path-intersection","buildingCode":null,"floor":null,"accessibility":"unknown","metadata":{"source":"OpenStreetMap","sourceUrl":"https://www.openstreetmap.org/node/10307720080","lastVerified":"2026-08-10","verificationStatus":"verified"}}},{"type":"Feature","id":"osm-node-10307720081","geometry":{"type":"Point","coordinates":[-79.6627209,43.5518218]},"properties":{"kind":"path-intersection","buildingCode":null,"floor":null,"accessibility":"unknown","metadata":{"source":"OpenStreetMap","sourceUrl":"https://www.openstreetmap.org/node/10307720081","lastVerified":"2026-08-10","verificationStatus":"verified"}}},{"type":"Feature","id":"osm-node-10307732154","geometry":{"type":"Point","coordinates":[-79.6662775,43.5478682]},"properties":{"kind":"path-intersection","buildingCode":null,"floor":null,"accessibility":"unknown","metadata":{"source":"OpenStreetMap","sourceUrl":"https://www.openstreetmap.org/node/10307732154","lastVerified":"2026-08-10","verificationStatus":"verified"}}},{"type":"Feature","id":"osm-node-10307732155","geometry":{"type":"Point","coordinates":[-79.6663291,43.5477501]},"properties":{"kind":"path-intersection","buildingCode":null,"floor":null,"accessibility":"unknown","metadata":{"source":"OpenStreetMap","sourceUrl":"https://www.openstreetmap.org/node/10307732155","lastVerified":"2026-08-10","verificationStatus":"verified"}}},{"type":"Feature","id":"osm-node-10307732156","geometry":{"type":"Point","coordinates":[-79.6662232,43.5476607]},"properties":{"kind":"path-intersection","buildingCode":null,"floor":null,"accessibility":"unknown","metadata":{"source":"OpenStreetMap","sourceUrl":"https://www.openstreetmap.org/node/10307732156","lastVerified":"2026-08-10","verificationStatus":"verified"}}},{"type":"Feature","id":"osm-node-10307732157","geometry":{"type":"Point","coordinates":[-79.6658436,43.5477404]},"properties":{"kind":"path-intersection","buildingCode":null,"floor":null,"accessibility":"unknown","metadata":{"source":"OpenStreetMap","sourceUrl":"https://www.openstreetmap.org/node/10307732157","lastVerified":"2026-08-10","verificationStatus":"verified"}}},{"type":"Feature","id":"osm-node-10307732158","geometry":{"type":"Point","coordinates":[-79.662462,43.5520021]},"properties":{"kind":"path-intersection","buildingCode":null,"floor":null,"accessibility":"unknown","metadata":{"source":"OpenStreetMap","sourceUrl":"https://www.openstreetmap.org/node/10307732158","lastVerified":"2026-08-10","verificationStatus":"verified"}}},{"type":"Feature","id":"osm-node-10307732159","geometry":{"type":"Point","coordinates":[-79.6627041,43.55192]},"properties":{"kind":"path-intersection","buildingCode":null,"floor":null,"accessibility":"unknown","metadata":{"source":"OpenStreetMap","sourceUrl":"https://www.openstreetmap.org/node/10307732159","lastVerified":"2026-08-10","verificationStatus":"verified"}}},{"type":"Feature","id":"osm-node-10307744162","geometry":{"type":"Point","coordinates":[-79.6604862,43.5476698]},"properties":{"kind":"crosswalk","buildingCode":null,"floor":null,"accessibility":"unknown","metadata":{"source":"OpenStreetMap","sourceUrl":"https://www.openstreetmap.org/node/10307744162","lastVerified":"2026-08-10","verificationStatus":"verified"}}},{"type":"Feature","id":"osm-node-10307744167","geometry":{"type":"Point","coordinates":[-79.6627377,43.5466387]},"properties":{"kind":"crosswalk","buildingCode":null,"floor":null,"accessibility":"unknown","metadata":{"source":"OpenStreetMap","sourceUrl":"https://www.openstreetmap.org/node/10307744167","lastVerified":"2026-08-10","verificationStatus":"verified"}}},{"type":"Feature","id":"osm-node-10307744168","geometry":{"type":"Point","coordinates":[-79.6626444,43.5466034]},"properties":{"kind":"crosswalk","buildingCode":null,"floor":null,"accessibility":"unknown","metadata":{"source":"OpenStreetMap","sourceUrl":"https://www.openstreetmap.org/node/10307744168","lastVerified":"2026-08-10","verificationStatus":"verified"}}},{"type":"Feature","id":"osm-node-10307744169","geometry":{"type":"Point","coordinates":[-79.6616788,43.5465129]},"properties":{"kind":"path-intersection","buildingCode":null,"floor":null,"accessibility":"unknown","metadata":{"source":"OpenStreetMap","sourceUrl":"https://www.openstreetmap.org/node/10307744169","lastVerified":"2026-08-10","verificationStatus":"verified"}}},{"type":"Feature","id":"osm-node-10307744170","geometry":{"type":"Point","coordinates":[-79.6610149,43.5466656]},"properties":{"kind":"crosswalk","buildingCode":null,"floor":null,"accessibility":"unknown","metadata":{"source":"OpenStreetMap","sourceUrl":"https://www.openstreetmap.org/node/10307744170","lastVerified":"2026-08-10","verificationStatus":"verified"}}},{"type":"Feature","id":"osm-node-10307744171","geometry":{"type":"Point","coordinates":[-79.6612649,43.5465837]},"properties":{"kind":"crosswalk","buildingCode":null,"floor":null,"accessibility":"unknown","metadata":{"source":"OpenStreetMap","sourceUrl":"https://www.openstreetmap.org/node/10307744171","lastVerified":"2026-08-10","verificationStatus":"verified"}}},{"type":"Feature","id":"osm-node-10307744174","geometry":{"type":"Point","coordinates":[-79.6631071,43.5504326]},"properties":{"kind":"path-intersection","buildingCode":null,"floor":null,"accessibility":"unknown","metadata":{"source":"OpenStreetMap","sourceUrl":"https://www.openstreetmap.org/node/10307744174","lastVerified":"2026-08-10","verificationStatus":"verified"}}},{"type":"Feature","id":"osm-node-10307744175","geometry":{"type":"Point","coordinates":[-79.6633541,43.5504649]},"properties":{"kind":"path-intersection","buildingCode":null,"floor":null,"accessibility":"unknown","metadata":{"source":"OpenStreetMap","sourceUrl":"https://www.openstreetmap.org/node/10307744175","lastVerified":"2026-08-10","verificationStatus":"verified"}}},{"type":"Feature","id":"osm-node-10307744177","geometry":{"type":"Point","coordinates":[-79.6618383,43.5502525]},"properties":{"kind":"path-intersection","buildingCode":null,"floor":null,"accessibility":"unknown","metadata":{"source":"OpenStreetMap","sourceUrl":"https://www.openstreetmap.org/node/10307744177","lastVerified":"2026-08-10","verificationStatus":"verified"}}},{"type":"Feature","id":"osm-node-10307744179","geometry":{"type":"Point","coordinates":[-79.6593895,43.5473575]},"properties":{"kind":"path-intersection","buildingCode":null,"floor":null,"accessibility":"unknown","metadata":{"source":"OpenStreetMap","sourceUrl":"https://www.openstreetmap.org/node/10307744179","lastVerified":"2026-08-10","verificationStatus":"verified"}}},{"type":"Feature","id":"osm-node-10307744180","geometry":{"type":"Point","coordinates":[-79.6586595,43.5472664]},"properties":{"kind":"path-intersection","buildingCode":null,"floor":null,"accessibility":"unknown","metadata":{"source":"OpenStreetMap","sourceUrl":"https://www.openstreetmap.org/node/10307744180","lastVerified":"2026-08-10","verificationStatus":"verified"}}},{"type":"Feature","id":"osm-node-10307744181","geometry":{"type":"Point","coordinates":[-79.6627758,43.5464271]},"properties":{"kind":"path-intersection","buildingCode":null,"floor":null,"accessibility":"unknown","metadata":{"source":"OpenStreetMap","sourceUrl":"https://www.openstreetmap.org/node/10307744181","lastVerified":"2026-08-10","verificationStatus":"verified"}}},{"type":"Feature","id":"osm-node-10307744182","geometry":{"type":"Point","coordinates":[-79.6627866,43.5463669]},"properties":{"kind":"path-intersection","buildingCode":null,"floor":null,"accessibility":"unknown","metadata":{"source":"OpenStreetMap","sourceUrl":"https://www.openstreetmap.org/node/10307744182","lastVerified":"2026-08-10","verificationStatus":"verified"}}},{"type":"Feature","id":"osm-node-10307744183","geometry":{"type":"Point","coordinates":[-79.6627483,43.5466393]},"properties":{"kind":"crosswalk","buildingCode":null,"floor":null,"accessibility":"unknown","metadata":{"source":"OpenStreetMap","sourceUrl":"https://www.openstreetmap.org/node/10307744183","lastVerified":"2026-08-10","verificationStatus":"verified"}}},{"type":"Feature","id":"osm-node-10307744184","geometry":{"type":"Point","coordinates":[-79.6636735,43.5460693]},"properties":{"kind":"path-intersection","buildingCode":null,"floor":null,"accessibility":"unknown","metadata":{"source":"OpenStreetMap","sourceUrl":"https://www.openstreetmap.org/node/10307744184","lastVerified":"2026-08-10","verificationStatus":"verified"}}},{"type":"Feature","id":"osm-node-10307744185","geometry":{"type":"Point","coordinates":[-79.6636359,43.5460448]},"properties":{"kind":"path-intersection","buildingCode":null,"floor":null,"accessibility":"unknown","metadata":{"source":"OpenStreetMap","sourceUrl":"https://www.openstreetmap.org/node/10307744185","lastVerified":"2026-08-10","verificationStatus":"verified"}}},{"type":"Feature","id":"osm-node-10307744186","geometry":{"type":"Point","coordinates":[-79.6634495,43.5459556]},"properties":{"kind":"path-intersection","buildingCode":null,"floor":null,"accessibility":"unknown","metadata":{"source":"OpenStreetMap","sourceUrl":"https://www.openstreetmap.org/node/10307744186","lastVerified":"2026-08-10","verificationStatus":"verified"}}},{"type":"Feature","id":"osm-node-10307744187","geometry":{"type":"Point","coordinates":[-79.6633819,43.5459292]},"properties":{"kind":"path-intersection","buildingCode":null,"floor":null,"accessibility":"unknown","metadata":{"source":"OpenStreetMap","sourceUrl":"https://www.openstreetmap.org/node/10307744187","lastVerified":"2026-08-10","verificationStatus":"verified"}}},{"type":"Feature","id":"osm-node-10307744188","geometry":{"type":"Point","coordinates":[-79.6633293,43.5459221]},"properties":{"kind":"path-intersection","buildingCode":null,"floor":null,"accessibility":"unknown","metadata":{"source":"OpenStreetMap","sourceUrl":"https://www.openstreetmap.org/node/10307744188","lastVerified":"2026-08-10","verificationStatus":"verified"}}},{"type":"Feature","id":"osm-node-10307744189","geometry":{"type":"Point","coordinates":[-79.6632768,43.5459239]},"properties":{"kind":"path-intersection","buildingCode":null,"floor":null,"accessibility":"unknown","metadata":{"source":"OpenStreetMap","sourceUrl":"https://www.openstreetmap.org/node/10307744189","lastVerified":"2026-08-10","verificationStatus":"verified"}}},{"type":"Feature","id":"osm-node-10307744190","geometry":{"type":"Point","coordinates":[-79.6632118,43.5459443]},"properties":{"kind":"path-intersection","buildingCode":null,"floor":null,"accessibility":"unknown","metadata":{"source":"OpenStreetMap","sourceUrl":"https://www.openstreetmap.org/node/10307744190","lastVerified":"2026-08-10","verificationStatus":"verified"}}},{"type":"Feature","id":"osm-node-10307744191","geometry":{"type":"Point","coordinates":[-79.6629614,43.5460646]},"properties":{"kind":"building-entrance","buildingCode":"LL","floor":null,"accessibility":"unknown","label":"Mapped residence approach","notes":"A mapped sidewalk within the townhouse complex is used because individual doors are not entrance-tagged.","metadata":{"source":"OpenStreetMap","sourceUrl":"https://www.openstreetmap.org/node/10307744191","lastVerified":"2026-08-10","verificationStatus":"inferred"}}},{"type":"Feature","id":"osm-node-10307744192","geometry":{"type":"Point","coordinates":[-79.6629125,43.5461055]},"properties":{"kind":"path-intersection","buildingCode":null,"floor":null,"accessibility":"unknown","metadata":{"source":"OpenStreetMap","sourceUrl":"https://www.openstreetmap.org/node/10307744192","lastVerified":"2026-08-10","verificationStatus":"verified"}}},{"type":"Feature","id":"osm-node-10307744193","geometry":{"type":"Point","coordinates":[-79.6628749,43.5461517]},"properties":{"kind":"path-intersection","buildingCode":null,"floor":null,"accessibility":"unknown","metadata":{"source":"OpenStreetMap","sourceUrl":"https://www.openstreetmap.org/node/10307744193","lastVerified":"2026-08-10","verificationStatus":"verified"}}},{"type":"Feature","id":"osm-node-10307744194","geometry":{"type":"Point","coordinates":[-79.6628356,43.5462136]},"properties":{"kind":"path-intersection","buildingCode":null,"floor":null,"accessibility":"unknown","metadata":{"source":"OpenStreetMap","sourceUrl":"https://www.openstreetmap.org/node/10307744194","lastVerified":"2026-08-10","verificationStatus":"verified"}}},{"type":"Feature","id":"osm-node-10307744195","geometry":{"type":"Point","coordinates":[-79.6628067,43.5462793]},"properties":{"kind":"path-intersection","buildingCode":null,"floor":null,"accessibility":"unknown","metadata":{"source":"OpenStreetMap","sourceUrl":"https://www.openstreetmap.org/node/10307744195","lastVerified":"2026-08-10","verificationStatus":"verified"}}},{"type":"Feature","id":"osm-node-10307744196","geometry":{"type":"Point","coordinates":[-79.6627453,43.5465892]},"properties":{"kind":"path-intersection","buildingCode":null,"floor":null,"accessibility":"unknown","metadata":{"source":"OpenStreetMap","sourceUrl":"https://www.openstreetmap.org/node/10307744196","lastVerified":"2026-08-10","verificationStatus":"verified"}}},{"type":"Feature","id":"osm-node-10307744197","geometry":{"type":"Point","coordinates":[-79.6637175,43.5460375]},"properties":{"kind":"path-intersection","buildingCode":null,"floor":null,"accessibility":"unknown","metadata":{"source":"OpenStreetMap","sourceUrl":"https://www.openstreetmap.org/node/10307744197","lastVerified":"2026-08-10","verificationStatus":"verified"}}},{"type":"Feature","id":"osm-node-10307744198","geometry":{"type":"Point","coordinates":[-79.6636739,43.5460092]},"properties":{"kind":"path-intersection","buildingCode":null,"floor":null,"accessibility":"unknown","metadata":{"source":"OpenStreetMap","sourceUrl":"https://www.openstreetmap.org/node/10307744198","lastVerified":"2026-08-10","verificationStatus":"verified"}}},{"type":"Feature","id":"osm-node-10307744199","geometry":{"type":"Point","coordinates":[-79.6634813,43.545917]},"properties":{"kind":"path-intersection","buildingCode":null,"floor":null,"accessibility":"unknown","metadata":{"source":"OpenStreetMap","sourceUrl":"https://www.openstreetmap.org/node/10307744199","lastVerified":"2026-08-10","verificationStatus":"verified"}}},{"type":"Feature","id":"osm-node-10307744200","geometry":{"type":"Point","coordinates":[-79.6634029,43.5458864]},"properties":{"kind":"path-intersection","buildingCode":null,"floor":null,"accessibility":"unknown","metadata":{"source":"OpenStreetMap","sourceUrl":"https://www.openstreetmap.org/node/10307744200","lastVerified":"2026-08-10","verificationStatus":"verified"}}},{"type":"Feature","id":"osm-node-10307744201","geometry":{"type":"Point","coordinates":[-79.6633335,43.5458769]},"properties":{"kind":"path-intersection","buildingCode":null,"floor":null,"accessibility":"unknown","metadata":{"source":"OpenStreetMap","sourceUrl":"https://www.openstreetmap.org/node/10307744201","lastVerified":"2026-08-10","verificationStatus":"verified"}}},{"type":"Feature","id":"osm-node-10307744202","geometry":{"type":"Point","coordinates":[-79.6632626,43.5458795]},"properties":{"kind":"path-intersection","buildingCode":null,"floor":null,"accessibility":"unknown","metadata":{"source":"OpenStreetMap","sourceUrl":"https://www.openstreetmap.org/node/10307744202","lastVerified":"2026-08-10","verificationStatus":"verified"}}},{"type":"Feature","id":"osm-node-10307744203","geometry":{"type":"Point","coordinates":[-79.6631822,43.5459047]},"properties":{"kind":"path-intersection","buildingCode":null,"floor":null,"accessibility":"unknown","metadata":{"source":"OpenStreetMap","sourceUrl":"https://www.openstreetmap.org/node/10307744203","lastVerified":"2026-08-10","verificationStatus":"verified"}}},{"type":"Feature","id":"osm-node-10307744204","geometry":{"type":"Point","coordinates":[-79.6629202,43.5460306]},"properties":{"kind":"path-intersection","buildingCode":null,"floor":null,"accessibility":"unknown","metadata":{"source":"OpenStreetMap","sourceUrl":"https://www.openstreetmap.org/node/10307744204","lastVerified":"2026-08-10","verificationStatus":"verified"}}},{"type":"Feature","id":"osm-node-10307744205","geometry":{"type":"Point","coordinates":[-79.6628619,43.5460791]},"properties":{"kind":"path-intersection","buildingCode":null,"floor":null,"accessibility":"unknown","metadata":{"source":"OpenStreetMap","sourceUrl":"https://www.openstreetmap.org/node/10307744205","lastVerified":"2026-08-10","verificationStatus":"verified"}}},{"type":"Feature","id":"osm-node-10307744206","geometry":{"type":"Point","coordinates":[-79.6628199,43.5461309]},"properties":{"kind":"path-intersection","buildingCode":null,"floor":null,"accessibility":"unknown","metadata":{"source":"OpenStreetMap","sourceUrl":"https://www.openstreetmap.org/node/10307744206","lastVerified":"2026-08-10","verificationStatus":"verified"}}},{"type":"Feature","id":"osm-node-10307744207","geometry":{"type":"Point","coordinates":[-79.6627778,43.5461974]},"properties":{"kind":"path-intersection","buildingCode":null,"floor":null,"accessibility":"unknown","metadata":{"source":"OpenStreetMap","sourceUrl":"https://www.openstreetmap.org/node/10307744207","lastVerified":"2026-08-10","verificationStatus":"verified"}}},{"type":"Feature","id":"osm-node-10307744208","geometry":{"type":"Point","coordinates":[-79.6627463,43.5462687]},"properties":{"kind":"path-intersection","buildingCode":null,"floor":null,"accessibility":"unknown","metadata":{"source":"OpenStreetMap","sourceUrl":"https://www.openstreetmap.org/node/10307744208","lastVerified":"2026-08-10","verificationStatus":"verified"}}},{"type":"Feature","id":"osm-node-10307745011","geometry":{"type":"Point","coordinates":[-79.6605326,43.5498555]},"properties":{"kind":"path-intersection","buildingCode":null,"floor":null,"accessibility":"unknown","metadata":{"source":"OpenStreetMap","sourceUrl":"https://www.openstreetmap.org/node/10307745011","lastVerified":"2026-08-10","verificationStatus":"verified"}}},{"type":"Feature","id":"osm-node-10307745012","geometry":{"type":"Point","coordinates":[-79.6605901,43.5500223]},"properties":{"kind":"path-intersection","buildingCode":null,"floor":null,"accessibility":"unknown","metadata":{"source":"OpenStreetMap","sourceUrl":"https://www.openstreetmap.org/node/10307745012","lastVerified":"2026-08-10","verificationStatus":"verified"}}},{"type":"Feature","id":"osm-node-10307745013","geometry":{"type":"Point","coordinates":[-79.661246,43.5501134]},"properties":{"kind":"path-intersection","buildingCode":null,"floor":null,"accessibility":"unknown","metadata":{"source":"OpenStreetMap","sourceUrl":"https://www.openstreetmap.org/node/10307745013","lastVerified":"2026-08-10","verificationStatus":"verified"}}},{"type":"Feature","id":"osm-node-10307745014","geometry":{"type":"Point","coordinates":[-79.6618528,43.5501976]},"properties":{"kind":"path-intersection","buildingCode":null,"floor":null,"accessibility":"unknown","metadata":{"source":"OpenStreetMap","sourceUrl":"https://www.openstreetmap.org/node/10307745014","lastVerified":"2026-08-10","verificationStatus":"verified"}}},{"type":"Feature","id":"osm-node-10307745015","geometry":{"type":"Point","coordinates":[-79.6612865,43.5499602]},"properties":{"kind":"path-intersection","buildingCode":null,"floor":null,"accessibility":"unknown","metadata":{"source":"OpenStreetMap","sourceUrl":"https://www.openstreetmap.org/node/10307745015","lastVerified":"2026-08-10","verificationStatus":"verified"}}},{"type":"Feature","id":"osm-node-10307745016","geometry":{"type":"Point","coordinates":[-79.6613241,43.5498178]},"properties":{"kind":"path-intersection","buildingCode":null,"floor":null,"accessibility":"unknown","metadata":{"source":"OpenStreetMap","sourceUrl":"https://www.openstreetmap.org/node/10307745016","lastVerified":"2026-08-10","verificationStatus":"verified"}}},{"type":"Feature","id":"osm-node-10307745017","geometry":{"type":"Point","coordinates":[-79.6612039,43.5502724]},"properties":{"kind":"path-intersection","buildingCode":null,"floor":null,"accessibility":"unknown","metadata":{"source":"OpenStreetMap","sourceUrl":"https://www.openstreetmap.org/node/10307745017","lastVerified":"2026-08-10","verificationStatus":"verified"}}},{"type":"Feature","id":"osm-node-10307745018","geometry":{"type":"Point","coordinates":[-79.6618933,43.5500444]},"properties":{"kind":"path-intersection","buildingCode":null,"floor":null,"accessibility":"unknown","metadata":{"source":"OpenStreetMap","sourceUrl":"https://www.openstreetmap.org/node/10307745018","lastVerified":"2026-08-10","verificationStatus":"verified"}}},{"type":"Feature","id":"osm-node-10307745019","geometry":{"type":"Point","coordinates":[-79.6613903,43.5502983]},"properties":{"kind":"path-intersection","buildingCode":null,"floor":null,"accessibility":"unknown","metadata":{"source":"OpenStreetMap","sourceUrl":"https://www.openstreetmap.org/node/10307745019","lastVerified":"2026-08-10","verificationStatus":"verified"}}},{"type":"Feature","id":"osm-node-10307745020","geometry":{"type":"Point","coordinates":[-79.6613477,43.5504595]},"properties":{"kind":"path-intersection","buildingCode":null,"floor":null,"accessibility":"unknown","metadata":{"source":"OpenStreetMap","sourceUrl":"https://www.openstreetmap.org/node/10307745020","lastVerified":"2026-08-10","verificationStatus":"verified"}}},{"type":"Feature","id":"osm-node-10307745021","geometry":{"type":"Point","coordinates":[-79.6617681,43.5505179]},"properties":{"kind":"path-intersection","buildingCode":null,"floor":null,"accessibility":"unknown","metadata":{"source":"OpenStreetMap","sourceUrl":"https://www.openstreetmap.org/node/10307745021","lastVerified":"2026-08-10","verificationStatus":"verified"}}},{"type":"Feature","id":"osm-node-10307745022","geometry":{"type":"Point","coordinates":[-79.6618107,43.5503567]},"properties":{"kind":"path-intersection","buildingCode":null,"floor":null,"accessibility":"unknown","metadata":{"source":"OpenStreetMap","sourceUrl":"https://www.openstreetmap.org/node/10307745022","lastVerified":"2026-08-10","verificationStatus":"verified"}}},{"type":"Feature","id":"osm-node-10307745023","geometry":{"type":"Point","coordinates":[-79.66065,43.5501955]},"properties":{"kind":"path-intersection","buildingCode":null,"floor":null,"accessibility":"unknown","metadata":{"source":"OpenStreetMap","sourceUrl":"https://www.openstreetmap.org/node/10307745023","lastVerified":"2026-08-10","verificationStatus":"verified"}}},{"type":"Feature","id":"osm-node-10307745024","geometry":{"type":"Point","coordinates":[-79.6620664,43.5503922]},"properties":{"kind":"path-intersection","buildingCode":null,"floor":null,"accessibility":"unknown","metadata":{"source":"OpenStreetMap","sourceUrl":"https://www.openstreetmap.org/node/10307745024","lastVerified":"2026-08-10","verificationStatus":"verified"}}},{"type":"Feature","id":"osm-node-10307745025","geometry":{"type":"Point","coordinates":[-79.6666258,43.5489485]},"properties":{"kind":"crosswalk","buildingCode":null,"floor":null,"accessibility":"unknown","metadata":{"source":"OpenStreetMap","sourceUrl":"https://www.openstreetmap.org/node/10307745025","lastVerified":"2026-08-10","verificationStatus":"verified"}}},{"type":"Feature","id":"osm-node-10307745026","geometry":{"type":"Point","coordinates":[-79.6665405,43.5490281]},"properties":{"kind":"path-intersection","buildingCode":null,"floor":null,"accessibility":"unknown","metadata":{"source":"OpenStreetMap","sourceUrl":"https://www.openstreetmap.org/node/10307745026","lastVerified":"2026-08-10","verificationStatus":"verified"}}},{"type":"Feature","id":"osm-node-10307805709","geometry":{"type":"Point","coordinates":[-79.6627271,43.5463508]},"properties":{"kind":"path-intersection","buildingCode":null,"floor":null,"accessibility":"unknown","metadata":{"source":"OpenStreetMap","sourceUrl":"https://www.openstreetmap.org/node/10307805709","lastVerified":"2026-08-10","verificationStatus":"verified"}}},{"type":"Feature","id":"osm-node-10307805710","geometry":{"type":"Point","coordinates":[-79.662713,43.5464285]},"properties":{"kind":"path-intersection","buildingCode":null,"floor":null,"accessibility":"unknown","metadata":{"source":"OpenStreetMap","sourceUrl":"https://www.openstreetmap.org/node/10307805710","lastVerified":"2026-08-10","verificationStatus":"verified"}}},{"type":"Feature","id":"osm-node-10307805711","geometry":{"type":"Point","coordinates":[-79.6681779,43.5496353]},"properties":{"kind":"crosswalk","buildingCode":null,"floor":null,"accessibility":"unknown","metadata":{"source":"OpenStreetMap","sourceUrl":"https://www.openstreetmap.org/node/10307805711","lastVerified":"2026-08-10","verificationStatus":"verified"}}},{"type":"Feature","id":"osm-node-10307805712","geometry":{"type":"Point","coordinates":[-79.6681456,43.5496631]},"properties":{"kind":"crosswalk","buildingCode":null,"floor":null,"accessibility":"unknown","metadata":{"source":"OpenStreetMap","sourceUrl":"https://www.openstreetmap.org/node/10307805712","lastVerified":"2026-08-10","verificationStatus":"verified"}}},{"type":"Feature","id":"osm-node-10307805713","geometry":{"type":"Point","coordinates":[-79.668204,43.5496123]},"properties":{"kind":"crosswalk","buildingCode":null,"floor":null,"accessibility":"unknown","metadata":{"source":"OpenStreetMap","sourceUrl":"https://www.openstreetmap.org/node/10307805713","lastVerified":"2026-08-10","verificationStatus":"verified"}}},{"type":"Feature","id":"osm-node-10307805714","geometry":{"type":"Point","coordinates":[-79.6671005,43.5505611]},"properties":{"kind":"crosswalk","buildingCode":null,"floor":null,"accessibility":"unknown","metadata":{"source":"OpenStreetMap","sourceUrl":"https://www.openstreetmap.org/node/10307805714","lastVerified":"2026-08-10","verificationStatus":"verified"}}},{"type":"Feature","id":"osm-node-10307805715","geometry":{"type":"Point","coordinates":[-79.6671532,43.5505165]},"properties":{"kind":"crosswalk","buildingCode":null,"floor":null,"accessibility":"unknown","metadata":{"source":"OpenStreetMap","sourceUrl":"https://www.openstreetmap.org/node/10307805715","lastVerified":"2026-08-10","verificationStatus":"verified"}}},{"type":"Feature","id":"osm-node-10307805716","geometry":{"type":"Point","coordinates":[-79.6670498,43.5506087]},"properties":{"kind":"crosswalk","buildingCode":null,"floor":null,"accessibility":"unknown","metadata":{"source":"OpenStreetMap","sourceUrl":"https://www.openstreetmap.org/node/10307805716","lastVerified":"2026-08-10","verificationStatus":"verified"}}},{"type":"Feature","id":"osm-node-10307805719","geometry":{"type":"Point","coordinates":[-79.6643319,43.551938]},"properties":{"kind":"path-intersection","buildingCode":null,"floor":null,"accessibility":"unknown","metadata":{"source":"OpenStreetMap","sourceUrl":"https://www.openstreetmap.org/node/10307805719","lastVerified":"2026-08-10","verificationStatus":"verified"}}},{"type":"Feature","id":"osm-node-10307805720","geometry":{"type":"Point","coordinates":[-79.6644358,43.551802]},"properties":{"kind":"path-intersection","buildingCode":null,"floor":null,"accessibility":"unknown","metadata":{"source":"OpenStreetMap","sourceUrl":"https://www.openstreetmap.org/node/10307805720","lastVerified":"2026-08-10","verificationStatus":"verified"}}},{"type":"Feature","id":"osm-node-10307805721","geometry":{"type":"Point","coordinates":[-79.6644773,43.5518186]},"properties":{"kind":"path-intersection","buildingCode":null,"floor":null,"accessibility":"unknown","metadata":{"source":"OpenStreetMap","sourceUrl":"https://www.openstreetmap.org/node/10307805721","lastVerified":"2026-08-10","verificationStatus":"verified"}}},{"type":"Feature","id":"osm-node-10307805724","geometry":{"type":"Point","coordinates":[-79.6649545,43.5517456]},"properties":{"kind":"crosswalk","buildingCode":null,"floor":null,"accessibility":"unknown","metadata":{"source":"OpenStreetMap","sourceUrl":"https://www.openstreetmap.org/node/10307805724","lastVerified":"2026-08-10","verificationStatus":"verified"}}},{"type":"Feature","id":"osm-node-10307805725","geometry":{"type":"Point","coordinates":[-79.6650356,43.5515628]},"properties":{"kind":"path-intersection","buildingCode":null,"floor":null,"accessibility":"unknown","metadata":{"source":"OpenStreetMap","sourceUrl":"https://www.openstreetmap.org/node/10307805725","lastVerified":"2026-08-10","verificationStatus":"verified"}}},{"type":"Feature","id":"osm-node-10307805726","geometry":{"type":"Point","coordinates":[-79.6649444,43.5516862]},"properties":{"kind":"path-intersection","buildingCode":null,"floor":null,"accessibility":"unknown","metadata":{"source":"OpenStreetMap","sourceUrl":"https://www.openstreetmap.org/node/10307805726","lastVerified":"2026-08-10","verificationStatus":"verified"}}},{"type":"Feature","id":"osm-node-10307805727","geometry":{"type":"Point","coordinates":[-79.6648505,43.5517106]},"properties":{"kind":"path-intersection","buildingCode":null,"floor":null,"accessibility":"unknown","metadata":{"source":"OpenStreetMap","sourceUrl":"https://www.openstreetmap.org/node/10307805727","lastVerified":"2026-08-10","verificationStatus":"verified"}}},{"type":"Feature","id":"osm-node-10307805728","geometry":{"type":"Point","coordinates":[-79.6641874,43.5514426]},"properties":{"kind":"path-intersection","buildingCode":null,"floor":null,"accessibility":"unknown","metadata":{"source":"OpenStreetMap","sourceUrl":"https://www.openstreetmap.org/node/10307805728","lastVerified":"2026-08-10","verificationStatus":"verified"}}},{"type":"Feature","id":"osm-node-10307805729","geometry":{"type":"Point","coordinates":[-79.6648793,43.5517115]},"properties":{"kind":"crosswalk","buildingCode":null,"floor":null,"accessibility":"unknown","metadata":{"source":"OpenStreetMap","sourceUrl":"https://www.openstreetmap.org/node/10307805729","lastVerified":"2026-08-10","verificationStatus":"verified"}}},{"type":"Feature","id":"osm-node-10307805730","geometry":{"type":"Point","coordinates":[-79.6646333,43.5516142]},"properties":{"kind":"path-intersection","buildingCode":null,"floor":null,"accessibility":"unknown","metadata":{"source":"OpenStreetMap","sourceUrl":"https://www.openstreetmap.org/node/10307805730","lastVerified":"2026-08-10","verificationStatus":"verified"}}},{"type":"Feature","id":"osm-node-10307805732","geometry":{"type":"Point","coordinates":[-79.6658235,43.5504749]},"properties":{"kind":"path-intersection","buildingCode":null,"floor":null,"accessibility":"unknown","metadata":{"source":"OpenStreetMap","sourceUrl":"https://www.openstreetmap.org/node/10307805732","lastVerified":"2026-08-10","verificationStatus":"verified"}}},{"type":"Feature","id":"osm-node-10307805733","geometry":{"type":"Point","coordinates":[-79.6653908,43.5508494]},"properties":{"kind":"path-intersection","buildingCode":null,"floor":null,"accessibility":"unknown","metadata":{"source":"OpenStreetMap","sourceUrl":"https://www.openstreetmap.org/node/10307805733","lastVerified":"2026-08-10","verificationStatus":"verified"}}},{"type":"Feature","id":"osm-node-10307805734","geometry":{"type":"Point","coordinates":[-79.6656067,43.5514105]},"properties":{"kind":"path-intersection","buildingCode":null,"floor":null,"accessibility":"unknown","metadata":{"source":"OpenStreetMap","sourceUrl":"https://www.openstreetmap.org/node/10307805734","lastVerified":"2026-08-10","verificationStatus":"verified"}}},{"type":"Feature","id":"osm-node-10307805735","geometry":{"type":"Point","coordinates":[-79.6653024,43.5513107]},"properties":{"kind":"path-intersection","buildingCode":null,"floor":null,"accessibility":"unknown","metadata":{"source":"OpenStreetMap","sourceUrl":"https://www.openstreetmap.org/node/10307805735","lastVerified":"2026-08-10","verificationStatus":"verified"}}},{"type":"Feature","id":"osm-node-10307805736","geometry":{"type":"Point","coordinates":[-79.6651004,43.5511942]},"properties":{"kind":"path-intersection","buildingCode":null,"floor":null,"accessibility":"unknown","metadata":{"source":"OpenStreetMap","sourceUrl":"https://www.openstreetmap.org/node/10307805736","lastVerified":"2026-08-10","verificationStatus":"verified"}}},{"type":"Feature","id":"osm-node-10307805737","geometry":{"type":"Point","coordinates":[-79.6654874,43.5508684]},"properties":{"kind":"path-intersection","buildingCode":null,"floor":null,"accessibility":"unknown","metadata":{"source":"OpenStreetMap","sourceUrl":"https://www.openstreetmap.org/node/10307805737","lastVerified":"2026-08-10","verificationStatus":"verified"}}},{"type":"Feature","id":"osm-node-10307805739","geometry":{"type":"Point","coordinates":[-79.6645523,43.5515633]},"properties":{"kind":"path-intersection","buildingCode":null,"floor":null,"accessibility":"unknown","metadata":{"source":"OpenStreetMap","sourceUrl":"https://www.openstreetmap.org/node/10307805739","lastVerified":"2026-08-10","verificationStatus":"verified"}}},{"type":"Feature","id":"osm-node-10307805740","geometry":{"type":"Point","coordinates":[-79.6652102,43.550307]},"properties":{"kind":"path-intersection","buildingCode":null,"floor":null,"accessibility":"unknown","metadata":{"source":"OpenStreetMap","sourceUrl":"https://www.openstreetmap.org/node/10307805740","lastVerified":"2026-08-10","verificationStatus":"verified"}}},{"type":"Feature","id":"osm-node-10307805741","geometry":{"type":"Point","coordinates":[-79.6652834,43.5502824]},"properties":{"kind":"path-intersection","buildingCode":null,"floor":null,"accessibility":"unknown","metadata":{"source":"OpenStreetMap","sourceUrl":"https://www.openstreetmap.org/node/10307805741","lastVerified":"2026-08-10","verificationStatus":"verified"}}},{"type":"Feature","id":"osm-node-10307805742","geometry":{"type":"Point","coordinates":[-79.6654978,43.5502905]},"properties":{"kind":"path-intersection","buildingCode":null,"floor":null,"accessibility":"unknown","metadata":{"source":"OpenStreetMap","sourceUrl":"https://www.openstreetmap.org/node/10307805742","lastVerified":"2026-08-10","verificationStatus":"verified"}}},{"type":"Feature","id":"osm-node-10307805743","geometry":{"type":"Point","coordinates":[-79.6627569,43.5466688]},"properties":{"kind":"crosswalk","buildingCode":null,"floor":null,"accessibility":"unknown","metadata":{"source":"OpenStreetMap","sourceUrl":"https://www.openstreetmap.org/node/10307805743","lastVerified":"2026-08-10","verificationStatus":"verified"}}},{"type":"Feature","id":"osm-node-10307805745","geometry":{"type":"Point","coordinates":[-79.667468,43.5479581]},"properties":{"kind":"path-intersection","buildingCode":null,"floor":null,"accessibility":"unknown","metadata":{"source":"OpenStreetMap","sourceUrl":"https://www.openstreetmap.org/node/10307805745","lastVerified":"2026-08-10","verificationStatus":"verified"}}},{"type":"Feature","id":"osm-node-10307805746","geometry":{"type":"Point","coordinates":[-79.6614347,43.5498317]},"properties":{"kind":"crosswalk","buildingCode":null,"floor":null,"accessibility":"unknown","metadata":{"source":"OpenStreetMap","sourceUrl":"https://www.openstreetmap.org/node/10307805746","lastVerified":"2026-08-10","verificationStatus":"verified"}}},{"type":"Feature","id":"osm-node-10307805747","geometry":{"type":"Point","coordinates":[-79.6614436,43.5497941]},"properties":{"kind":"crosswalk","buildingCode":null,"floor":null,"accessibility":"unknown","metadata":{"source":"OpenStreetMap","sourceUrl":"https://www.openstreetmap.org/node/10307805747","lastVerified":"2026-08-10","verificationStatus":"verified"}}},{"type":"Feature","id":"osm-node-10307805748","geometry":{"type":"Point","coordinates":[-79.6614271,43.5498633]},"properties":{"kind":"crosswalk","buildingCode":null,"floor":null,"accessibility":"unknown","metadata":{"source":"OpenStreetMap","sourceUrl":"https://www.openstreetmap.org/node/10307805748","lastVerified":"2026-08-10","verificationStatus":"verified"}}},{"type":"Feature","id":"osm-node-10307805749","geometry":{"type":"Point","coordinates":[-79.6614001,43.5499759]},"properties":{"kind":"path-intersection","buildingCode":null,"floor":null,"accessibility":"unknown","metadata":{"source":"OpenStreetMap","sourceUrl":"https://www.openstreetmap.org/node/10307805749","lastVerified":"2026-08-10","verificationStatus":"verified"}}},{"type":"Feature","id":"osm-node-10307805750","geometry":{"type":"Point","coordinates":[-79.6614455,43.5497862]},"properties":{"kind":"path-intersection","buildingCode":null,"floor":null,"accessibility":"unknown","metadata":{"source":"OpenStreetMap","sourceUrl":"https://www.openstreetmap.org/node/10307805750","lastVerified":"2026-08-10","verificationStatus":"verified"}}},{"type":"Feature","id":"osm-node-10307805753","geometry":{"type":"Point","coordinates":[-79.6619106,43.5490013]},"properties":{"kind":"path-intersection","buildingCode":null,"floor":null,"accessibility":"unknown","metadata":{"source":"OpenStreetMap","sourceUrl":"https://www.openstreetmap.org/node/10307805753","lastVerified":"2026-08-10","verificationStatus":"verified"}}},{"type":"Feature","id":"osm-node-10307805754","geometry":{"type":"Point","coordinates":[-79.6621257,43.5491138]},"properties":{"kind":"path-intersection","buildingCode":null,"floor":null,"accessibility":"unknown","metadata":{"source":"OpenStreetMap","sourceUrl":"https://www.openstreetmap.org/node/10307805754","lastVerified":"2026-08-10","verificationStatus":"verified"}}},{"type":"Feature","id":"osm-node-10307805755","geometry":{"type":"Point","coordinates":[-79.6618625,43.5494216]},"properties":{"kind":"path-intersection","buildingCode":null,"floor":null,"accessibility":"unknown","metadata":{"source":"OpenStreetMap","sourceUrl":"https://www.openstreetmap.org/node/10307805755","lastVerified":"2026-08-10","verificationStatus":"verified"}}},{"type":"Feature","id":"osm-node-10307805758","geometry":{"type":"Point","coordinates":[-79.6622232,43.5509381]},"properties":{"kind":"crosswalk","buildingCode":null,"floor":null,"accessibility":"unknown","metadata":{"source":"OpenStreetMap","sourceUrl":"https://www.openstreetmap.org/node/10307805758","lastVerified":"2026-08-10","verificationStatus":"verified"}}},{"type":"Feature","id":"osm-node-10307805759","geometry":{"type":"Point","coordinates":[-79.662382,43.5509574]},"properties":{"kind":"crosswalk","buildingCode":null,"floor":null,"accessibility":"unknown","metadata":{"source":"OpenStreetMap","sourceUrl":"https://www.openstreetmap.org/node/10307805759","lastVerified":"2026-08-10","verificationStatus":"verified"}}},{"type":"Feature","id":"osm-node-10307805760","geometry":{"type":"Point","coordinates":[-79.6623808,43.55112]},"properties":{"kind":"path-intersection","buildingCode":null,"floor":null,"accessibility":"unknown","metadata":{"source":"OpenStreetMap","sourceUrl":"https://www.openstreetmap.org/node/10307805760","lastVerified":"2026-08-10","verificationStatus":"verified"}}},{"type":"Feature","id":"osm-node-10307805761","geometry":{"type":"Point","coordinates":[-79.6624174,43.5509617]},"properties":{"kind":"path-intersection","buildingCode":null,"floor":null,"accessibility":"unknown","metadata":{"source":"OpenStreetMap","sourceUrl":"https://www.openstreetmap.org/node/10307805761","lastVerified":"2026-08-10","verificationStatus":"verified"}}},{"type":"Feature","id":"osm-node-10307805762","geometry":{"type":"Point","coordinates":[-79.662341,43.5509524]},"properties":{"kind":"crosswalk","buildingCode":null,"floor":null,"accessibility":"unknown","metadata":{"source":"OpenStreetMap","sourceUrl":"https://www.openstreetmap.org/node/10307805762","lastVerified":"2026-08-10","verificationStatus":"verified"}}},{"type":"Feature","id":"osm-node-10307805763","geometry":{"type":"Point","coordinates":[-79.6621599,43.5509304]},"properties":{"kind":"path-intersection","buildingCode":null,"floor":null,"accessibility":"unknown","metadata":{"source":"OpenStreetMap","sourceUrl":"https://www.openstreetmap.org/node/10307805763","lastVerified":"2026-08-10","verificationStatus":"verified"}}},{"type":"Feature","id":"osm-node-10307805764","geometry":{"type":"Point","coordinates":[-79.6618852,43.5509318]},"properties":{"kind":"path-intersection","buildingCode":null,"floor":null,"accessibility":"unknown","metadata":{"source":"OpenStreetMap","sourceUrl":"https://www.openstreetmap.org/node/10307805764","lastVerified":"2026-08-10","verificationStatus":"verified"}}},{"type":"Feature","id":"osm-node-10307805765","geometry":{"type":"Point","coordinates":[-79.6621521,43.5509642]},"properties":{"kind":"path-intersection","buildingCode":null,"floor":null,"accessibility":"unknown","metadata":{"source":"OpenStreetMap","sourceUrl":"https://www.openstreetmap.org/node/10307805765","lastVerified":"2026-08-10","verificationStatus":"verified"}}},{"type":"Feature","id":"osm-node-10307805766","geometry":{"type":"Point","coordinates":[-79.6623685,43.5508342]},"properties":{"kind":"path-intersection","buildingCode":null,"floor":null,"accessibility":"unknown","metadata":{"source":"OpenStreetMap","sourceUrl":"https://www.openstreetmap.org/node/10307805766","lastVerified":"2026-08-10","verificationStatus":"verified"}}},{"type":"Feature","id":"osm-node-10307805767","geometry":{"type":"Point","coordinates":[-79.6622032,43.5507431]},"properties":{"kind":"path-intersection","buildingCode":null,"floor":null,"accessibility":"unknown","metadata":{"source":"OpenStreetMap","sourceUrl":"https://www.openstreetmap.org/node/10307805767","lastVerified":"2026-08-10","verificationStatus":"verified"}}},{"type":"Feature","id":"osm-node-10307805768","geometry":{"type":"Point","coordinates":[-79.6621566,43.5507385]},"properties":{"kind":"path-intersection","buildingCode":null,"floor":null,"accessibility":"unknown","metadata":{"source":"OpenStreetMap","sourceUrl":"https://www.openstreetmap.org/node/10307805768","lastVerified":"2026-08-10","verificationStatus":"verified"}}},{"type":"Feature","id":"osm-node-10307805769","geometry":{"type":"Point","coordinates":[-79.6621137,43.5507305]},"properties":{"kind":"path-intersection","buildingCode":null,"floor":null,"accessibility":"unknown","metadata":{"source":"OpenStreetMap","sourceUrl":"https://www.openstreetmap.org/node/10307805769","lastVerified":"2026-08-10","verificationStatus":"verified"}}},{"type":"Feature","id":"osm-node-10307805770","geometry":{"type":"Point","coordinates":[-79.6620785,43.5507191]},"properties":{"kind":"path-intersection","buildingCode":null,"floor":null,"accessibility":"unknown","metadata":{"source":"OpenStreetMap","sourceUrl":"https://www.openstreetmap.org/node/10307805770","lastVerified":"2026-08-10","verificationStatus":"verified"}}},{"type":"Feature","id":"osm-node-10307805771","geometry":{"type":"Point","coordinates":[-79.6620429,43.5507016]},"properties":{"kind":"path-intersection","buildingCode":null,"floor":null,"accessibility":"unknown","metadata":{"source":"OpenStreetMap","sourceUrl":"https://www.openstreetmap.org/node/10307805771","lastVerified":"2026-08-10","verificationStatus":"verified"}}},{"type":"Feature","id":"osm-node-10307805772","geometry":{"type":"Point","coordinates":[-79.6620181,43.5506843]},"properties":{"kind":"path-intersection","buildingCode":null,"floor":null,"accessibility":"unknown","metadata":{"source":"OpenStreetMap","sourceUrl":"https://www.openstreetmap.org/node/10307805772","lastVerified":"2026-08-10","verificationStatus":"verified"}}},{"type":"Feature","id":"osm-node-10307805773","geometry":{"type":"Point","coordinates":[-79.6619983,43.5506639]},"properties":{"kind":"path-intersection","buildingCode":null,"floor":null,"accessibility":"unknown","metadata":{"source":"OpenStreetMap","sourceUrl":"https://www.openstreetmap.org/node/10307805773","lastVerified":"2026-08-10","verificationStatus":"verified"}}},{"type":"Feature","id":"osm-node-10307805774","geometry":{"type":"Point","coordinates":[-79.661939,43.5506124]},"properties":{"kind":"path-intersection","buildingCode":null,"floor":null,"accessibility":"unknown","metadata":{"source":"OpenStreetMap","sourceUrl":"https://www.openstreetmap.org/node/10307805774","lastVerified":"2026-08-10","verificationStatus":"verified"}}},{"type":"Feature","id":"osm-node-10307805775","geometry":{"type":"Point","coordinates":[-79.6618599,43.5505718]},"properties":{"kind":"path-intersection","buildingCode":null,"floor":null,"accessibility":"unknown","metadata":{"source":"OpenStreetMap","sourceUrl":"https://www.openstreetmap.org/node/10307805775","lastVerified":"2026-08-10","verificationStatus":"verified"}}},{"type":"Feature","id":"osm-node-10307805776","geometry":{"type":"Point","coordinates":[-79.6618917,43.5505811]},"properties":{"kind":"path-intersection","buildingCode":null,"floor":null,"accessibility":"unknown","metadata":{"source":"OpenStreetMap","sourceUrl":"https://www.openstreetmap.org/node/10307805776","lastVerified":"2026-08-10","verificationStatus":"verified"}}},{"type":"Feature","id":"osm-node-10307805777","geometry":{"type":"Point","coordinates":[-79.6618109,43.550565]},"properties":{"kind":"path-intersection","buildingCode":null,"floor":null,"accessibility":"unknown","metadata":{"source":"OpenStreetMap","sourceUrl":"https://www.openstreetmap.org/node/10307805777","lastVerified":"2026-08-10","verificationStatus":"verified"}}},{"type":"Feature","id":"osm-node-10307805778","geometry":{"type":"Point","coordinates":[-79.6622159,43.5501899]},"properties":{"kind":"crosswalk","buildingCode":null,"floor":null,"accessibility":"unknown","metadata":{"source":"OpenStreetMap","sourceUrl":"https://www.openstreetmap.org/node/10307805778","lastVerified":"2026-08-10","verificationStatus":"verified"}}},{"type":"Feature","id":"osm-node-10307805779","geometry":{"type":"Point","coordinates":[-79.6621991,43.5502573]},"properties":{"kind":"crosswalk","buildingCode":null,"floor":null,"accessibility":"unknown","metadata":{"source":"OpenStreetMap","sourceUrl":"https://www.openstreetmap.org/node/10307805779","lastVerified":"2026-08-10","verificationStatus":"verified"}}},{"type":"Feature","id":"osm-node-10307805780","geometry":{"type":"Point","coordinates":[-79.6622078,43.5502226]},"properties":{"kind":"crosswalk","buildingCode":null,"floor":null,"accessibility":"unknown","metadata":{"source":"OpenStreetMap","sourceUrl":"https://www.openstreetmap.org/node/10307805780","lastVerified":"2026-08-10","verificationStatus":"verified"}}},{"type":"Feature","id":"osm-node-10307805781","geometry":{"type":"Point","coordinates":[-79.6621889,43.5502985]},"properties":{"kind":"path-intersection","buildingCode":null,"floor":null,"accessibility":"unknown","metadata":{"source":"OpenStreetMap","sourceUrl":"https://www.openstreetmap.org/node/10307805781","lastVerified":"2026-08-10","verificationStatus":"verified"}}},{"type":"Feature","id":"osm-node-10307805782","geometry":{"type":"Point","coordinates":[-79.6624761,43.5499862]},"properties":{"kind":"path-intersection","buildingCode":null,"floor":null,"accessibility":"unknown","metadata":{"source":"OpenStreetMap","sourceUrl":"https://www.openstreetmap.org/node/10307805782","lastVerified":"2026-08-10","verificationStatus":"verified"}}},{"type":"Feature","id":"osm-node-10307805783","geometry":{"type":"Point","coordinates":[-79.6622668,43.5499851]},"properties":{"kind":"path-intersection","buildingCode":null,"floor":null,"accessibility":"unknown","metadata":{"source":"OpenStreetMap","sourceUrl":"https://www.openstreetmap.org/node/10307805783","lastVerified":"2026-08-10","verificationStatus":"verified"}}},{"type":"Feature","id":"osm-node-10307805784","geometry":{"type":"Point","coordinates":[-79.6623081,43.5499643]},"properties":{"kind":"path-intersection","buildingCode":null,"floor":null,"accessibility":"unknown","metadata":{"source":"OpenStreetMap","sourceUrl":"https://www.openstreetmap.org/node/10307805784","lastVerified":"2026-08-10","verificationStatus":"verified"}}},{"type":"Feature","id":"osm-node-10307805785","geometry":{"type":"Point","coordinates":[-79.6625007,43.5498853]},"properties":{"kind":"path-intersection","buildingCode":null,"floor":null,"accessibility":"unknown","metadata":{"source":"OpenStreetMap","sourceUrl":"https://www.openstreetmap.org/node/10307805785","lastVerified":"2026-08-10","verificationStatus":"verified"}}},{"type":"Feature","id":"osm-node-10307805787","geometry":{"type":"Point","coordinates":[-79.66223,43.5497782]},"properties":{"kind":"path-intersection","buildingCode":null,"floor":null,"accessibility":"unknown","metadata":{"source":"OpenStreetMap","sourceUrl":"https://www.openstreetmap.org/node/10307805787","lastVerified":"2026-08-10","verificationStatus":"verified"}}},{"type":"Feature","id":"osm-node-10307805788","geometry":{"type":"Point","coordinates":[-79.6623333,43.5498628]},"properties":{"kind":"path-intersection","buildingCode":null,"floor":null,"accessibility":"unknown","metadata":{"source":"OpenStreetMap","sourceUrl":"https://www.openstreetmap.org/node/10307805788","lastVerified":"2026-08-10","verificationStatus":"verified"}}},{"type":"Feature","id":"osm-node-10307805789","geometry":{"type":"Point","coordinates":[-79.6611695,43.5497517]},"properties":{"kind":"crosswalk","buildingCode":null,"floor":null,"accessibility":"unknown","metadata":{"source":"OpenStreetMap","sourceUrl":"https://www.openstreetmap.org/node/10307805789","lastVerified":"2026-08-10","verificationStatus":"verified"}}},{"type":"Feature","id":"osm-node-10307805790","geometry":{"type":"Point","coordinates":[-79.661053,43.5497369]},"properties":{"kind":"crosswalk","buildingCode":null,"floor":null,"accessibility":"unknown","metadata":{"source":"OpenStreetMap","sourceUrl":"https://www.openstreetmap.org/node/10307805790","lastVerified":"2026-08-10","verificationStatus":"verified"}}},{"type":"Feature","id":"osm-node-10307805791","geometry":{"type":"Point","coordinates":[-79.6612575,43.5497629]},"properties":{"kind":"crosswalk","buildingCode":null,"floor":null,"accessibility":"unknown","metadata":{"source":"OpenStreetMap","sourceUrl":"https://www.openstreetmap.org/node/10307805791","lastVerified":"2026-08-10","verificationStatus":"verified"}}},{"type":"Feature","id":"osm-node-10307805792","geometry":{"type":"Point","coordinates":[-79.6615549,43.5497983]},"properties":{"kind":"path-intersection","buildingCode":null,"floor":null,"accessibility":"unknown","metadata":{"source":"OpenStreetMap","sourceUrl":"https://www.openstreetmap.org/node/10307805792","lastVerified":"2026-08-10","verificationStatus":"verified"}}},{"type":"Feature","id":"osm-node-10307805793","geometry":{"type":"Point","coordinates":[-79.6604041,43.5496644]},"properties":{"kind":"path-intersection","buildingCode":null,"floor":null,"accessibility":"unknown","metadata":{"source":"OpenStreetMap","sourceUrl":"https://www.openstreetmap.org/node/10307805793","lastVerified":"2026-08-10","verificationStatus":"verified"}}},{"type":"Feature","id":"osm-node-10307805794","geometry":{"type":"Point","coordinates":[-79.6603137,43.5496428]},"properties":{"kind":"path-intersection","buildingCode":null,"floor":null,"accessibility":"unknown","metadata":{"source":"OpenStreetMap","sourceUrl":"https://www.openstreetmap.org/node/10307805794","lastVerified":"2026-08-10","verificationStatus":"verified"}}},{"type":"Feature","id":"osm-node-10307805800","geometry":{"type":"Point","coordinates":[-79.6599637,43.5485852]},"properties":{"kind":"path-intersection","buildingCode":null,"floor":null,"accessibility":"unknown","metadata":{"source":"OpenStreetMap","sourceUrl":"https://www.openstreetmap.org/node/10307805800","lastVerified":"2026-08-10","verificationStatus":"verified"}}},{"type":"Feature","id":"osm-node-10307805805","geometry":{"type":"Point","coordinates":[-79.6602597,43.5486189]},"properties":{"kind":"path-intersection","buildingCode":null,"floor":null,"accessibility":"unknown","metadata":{"source":"OpenStreetMap","sourceUrl":"https://www.openstreetmap.org/node/10307805805","lastVerified":"2026-08-10","verificationStatus":"verified"}}},{"type":"Feature","id":"osm-node-10307805806","geometry":{"type":"Point","coordinates":[-79.6603759,43.5481449]},"properties":{"kind":"path-intersection","buildingCode":null,"floor":null,"accessibility":"unknown","metadata":{"source":"OpenStreetMap","sourceUrl":"https://www.openstreetmap.org/node/10307805806","lastVerified":"2026-08-10","verificationStatus":"verified"}}},{"type":"Feature","id":"osm-node-10307805807","geometry":{"type":"Point","coordinates":[-79.6601775,43.54759]},"properties":{"kind":"path-intersection","buildingCode":null,"floor":null,"accessibility":"unknown","metadata":{"source":"OpenStreetMap","sourceUrl":"https://www.openstreetmap.org/node/10307805807","lastVerified":"2026-08-10","verificationStatus":"verified"}}},{"type":"Feature","id":"osm-node-10307805808","geometry":{"type":"Point","coordinates":[-79.6604209,43.5476189]},"properties":{"kind":"path-intersection","buildingCode":null,"floor":null,"accessibility":"unknown","metadata":{"source":"OpenStreetMap","sourceUrl":"https://www.openstreetmap.org/node/10307805808","lastVerified":"2026-08-10","verificationStatus":"verified"}}},{"type":"Feature","id":"osm-node-10307805809","geometry":{"type":"Point","coordinates":[-79.6604748,43.5476109]},"properties":{"kind":"path-intersection","buildingCode":null,"floor":null,"accessibility":"unknown","metadata":{"source":"OpenStreetMap","sourceUrl":"https://www.openstreetmap.org/node/10307805809","lastVerified":"2026-08-10","verificationStatus":"verified"}}},{"type":"Feature","id":"osm-node-10307805810","geometry":{"type":"Point","coordinates":[-79.660627,43.5475977]},"properties":{"kind":"crosswalk","buildingCode":null,"floor":null,"accessibility":"unknown","metadata":{"source":"OpenStreetMap","sourceUrl":"https://www.openstreetmap.org/node/10307805810","lastVerified":"2026-08-10","verificationStatus":"verified"}}},{"type":"Feature","id":"osm-node-10307805811","geometry":{"type":"Point","coordinates":[-79.660523,43.5475845]},"properties":{"kind":"crosswalk","buildingCode":null,"floor":null,"accessibility":"unknown","metadata":{"source":"OpenStreetMap","sourceUrl":"https://www.openstreetmap.org/node/10307805811","lastVerified":"2026-08-10","verificationStatus":"verified"}}},{"type":"Feature","id":"osm-node-10307805812","geometry":{"type":"Point","coordinates":[-79.6604995,43.5476129]},"properties":{"kind":"crosswalk","buildingCode":null,"floor":null,"accessibility":"unknown","metadata":{"source":"OpenStreetMap","sourceUrl":"https://www.openstreetmap.org/node/10307805812","lastVerified":"2026-08-10","verificationStatus":"verified"}}},{"type":"Feature","id":"osm-node-10307805814","geometry":{"type":"Point","coordinates":[-79.6604699,43.5477399]},"properties":{"kind":"crosswalk","buildingCode":null,"floor":null,"accessibility":"unknown","metadata":{"source":"OpenStreetMap","sourceUrl":"https://www.openstreetmap.org/node/10307805814","lastVerified":"2026-08-10","verificationStatus":"verified"}}},{"type":"Feature","id":"osm-node-10307805815","geometry":{"type":"Point","coordinates":[-79.660502,43.5476022]},"properties":{"kind":"path-intersection","buildingCode":null,"floor":null,"accessibility":"unknown","metadata":{"source":"OpenStreetMap","sourceUrl":"https://www.openstreetmap.org/node/10307805815","lastVerified":"2026-08-10","verificationStatus":"verified"}}},{"type":"Feature","id":"osm-node-10307805816","geometry":{"type":"Point","coordinates":[-79.6605069,43.5475826]},"properties":{"kind":"path-intersection","buildingCode":null,"floor":null,"accessibility":"unknown","metadata":{"source":"OpenStreetMap","sourceUrl":"https://www.openstreetmap.org/node/10307805816","lastVerified":"2026-08-10","verificationStatus":"verified"}}},{"type":"Feature","id":"osm-node-10307805817","geometry":{"type":"Point","coordinates":[-79.6606503,43.5476005]},"properties":{"kind":"path-intersection","buildingCode":null,"floor":null,"accessibility":"unknown","metadata":{"source":"OpenStreetMap","sourceUrl":"https://www.openstreetmap.org/node/10307805817","lastVerified":"2026-08-10","verificationStatus":"verified"}}},{"type":"Feature","id":"osm-node-10307805818","geometry":{"type":"Point","coordinates":[-79.6606946,43.5473139]},"properties":{"kind":"crosswalk","buildingCode":null,"floor":null,"accessibility":"unknown","metadata":{"source":"OpenStreetMap","sourceUrl":"https://www.openstreetmap.org/node/10307805818","lastVerified":"2026-08-10","verificationStatus":"verified"}}},{"type":"Feature","id":"osm-node-10307805819","geometry":{"type":"Point","coordinates":[-79.6605897,43.5473016]},"properties":{"kind":"crosswalk","buildingCode":null,"floor":null,"accessibility":"unknown","metadata":{"source":"OpenStreetMap","sourceUrl":"https://www.openstreetmap.org/node/10307805819","lastVerified":"2026-08-10","verificationStatus":"verified"}}},{"type":"Feature","id":"osm-node-10307805822","geometry":{"type":"Point","coordinates":[-79.6602271,43.5487149]},"properties":{"kind":"crosswalk","buildingCode":null,"floor":null,"accessibility":"unknown","metadata":{"source":"OpenStreetMap","sourceUrl":"https://www.openstreetmap.org/node/10307805822","lastVerified":"2026-08-10","verificationStatus":"verified"}}},{"type":"Feature","id":"osm-node-10307805823","geometry":{"type":"Point","coordinates":[-79.6602593,43.5486273]},"properties":{"kind":"crosswalk","buildingCode":null,"floor":null,"accessibility":"unknown","metadata":{"source":"OpenStreetMap","sourceUrl":"https://www.openstreetmap.org/node/10307805823","lastVerified":"2026-08-10","verificationStatus":"verified"}}},{"type":"Feature","id":"osm-node-10307805824","geometry":{"type":"Point","coordinates":[-79.6601934,43.5497691]},"properties":{"kind":"crosswalk","buildingCode":null,"floor":null,"accessibility":"unknown","metadata":{"source":"OpenStreetMap","sourceUrl":"https://www.openstreetmap.org/node/10307805824","lastVerified":"2026-08-10","verificationStatus":"verified"}}},{"type":"Feature","id":"osm-node-10307805825","geometry":{"type":"Point","coordinates":[-79.660166,43.5496131]},"properties":{"kind":"crosswalk","buildingCode":null,"floor":null,"accessibility":"unknown","metadata":{"source":"OpenStreetMap","sourceUrl":"https://www.openstreetmap.org/node/10307805825","lastVerified":"2026-08-10","verificationStatus":"verified"}}},{"type":"Feature","id":"osm-node-10307805826","geometry":{"type":"Point","coordinates":[-79.6598721,43.5496073]},"properties":{"kind":"path-intersection","buildingCode":null,"floor":null,"accessibility":"unknown","metadata":{"source":"OpenStreetMap","sourceUrl":"https://www.openstreetmap.org/node/10307805826","lastVerified":"2026-08-10","verificationStatus":"verified"}}},{"type":"Feature","id":"osm-node-10307805828","geometry":{"type":"Point","coordinates":[-79.6602227,43.5496106]},"properties":{"kind":"crosswalk","buildingCode":null,"floor":null,"accessibility":"unknown","metadata":{"source":"OpenStreetMap","sourceUrl":"https://www.openstreetmap.org/node/10307805828","lastVerified":"2026-08-10","verificationStatus":"verified"}}},{"type":"Feature","id":"osm-node-10307805829","geometry":{"type":"Point","coordinates":[-79.6602522,43.549767]},"properties":{"kind":"crosswalk","buildingCode":null,"floor":null,"accessibility":"unknown","metadata":{"source":"OpenStreetMap","sourceUrl":"https://www.openstreetmap.org/node/10307805829","lastVerified":"2026-08-10","verificationStatus":"verified"}}},{"type":"Feature","id":"osm-node-10307805830","geometry":{"type":"Point","coordinates":[-79.6601315,43.5497714]},"properties":{"kind":"crosswalk","buildingCode":null,"floor":null,"accessibility":"unknown","metadata":{"source":"OpenStreetMap","sourceUrl":"https://www.openstreetmap.org/node/10307805830","lastVerified":"2026-08-10","verificationStatus":"verified"}}},{"type":"Feature","id":"osm-node-10307805831","geometry":{"type":"Point","coordinates":[-79.6599242,43.5497084]},"properties":{"kind":"path-intersection","buildingCode":null,"floor":null,"accessibility":"unknown","metadata":{"source":"OpenStreetMap","sourceUrl":"https://www.openstreetmap.org/node/10307805831","lastVerified":"2026-08-10","verificationStatus":"verified"}}},{"type":"Feature","id":"osm-node-10307805832","geometry":{"type":"Point","coordinates":[-79.660044,43.5497242]},"properties":{"kind":"path-intersection","buildingCode":null,"floor":null,"accessibility":"unknown","metadata":{"source":"OpenStreetMap","sourceUrl":"https://www.openstreetmap.org/node/10307805832","lastVerified":"2026-08-10","verificationStatus":"verified"}}},{"type":"Feature","id":"osm-node-10307805833","geometry":{"type":"Point","coordinates":[-79.6600762,43.5497327]},"properties":{"kind":"path-intersection","buildingCode":null,"floor":null,"accessibility":"unknown","metadata":{"source":"OpenStreetMap","sourceUrl":"https://www.openstreetmap.org/node/10307805833","lastVerified":"2026-08-10","verificationStatus":"verified"}}},{"type":"Feature","id":"osm-node-10307805834","geometry":{"type":"Point","coordinates":[-79.660105,43.5497515]},"properties":{"kind":"path-intersection","buildingCode":null,"floor":null,"accessibility":"unknown","metadata":{"source":"OpenStreetMap","sourceUrl":"https://www.openstreetmap.org/node/10307805834","lastVerified":"2026-08-10","verificationStatus":"verified"}}},{"type":"Feature","id":"osm-node-10307805835","geometry":{"type":"Point","coordinates":[-79.6601178,43.5497719]},"properties":{"kind":"path-intersection","buildingCode":null,"floor":null,"accessibility":"unknown","metadata":{"source":"OpenStreetMap","sourceUrl":"https://www.openstreetmap.org/node/10307805835","lastVerified":"2026-08-10","verificationStatus":"verified"}}},{"type":"Feature","id":"osm-node-10307805836","geometry":{"type":"Point","coordinates":[-79.6600523,43.5496181]},"properties":{"kind":"crosswalk","buildingCode":null,"floor":null,"accessibility":"unknown","metadata":{"source":"OpenStreetMap","sourceUrl":"https://www.openstreetmap.org/node/10307805836","lastVerified":"2026-08-10","verificationStatus":"verified"}}},{"type":"Feature","id":"osm-node-10307805839","geometry":{"type":"Point","coordinates":[-79.6660502,43.5484485]},"properties":{"kind":"path-intersection","buildingCode":null,"floor":null,"accessibility":"unknown","metadata":{"source":"OpenStreetMap","sourceUrl":"https://www.openstreetmap.org/node/10307805839","lastVerified":"2026-08-10","verificationStatus":"verified"}}},{"type":"Feature","id":"osm-node-10307805840","geometry":{"type":"Point","coordinates":[-79.6652909,43.547677]},"properties":{"kind":"crosswalk","buildingCode":null,"floor":null,"accessibility":"unknown","metadata":{"source":"OpenStreetMap","sourceUrl":"https://www.openstreetmap.org/node/10307805840","lastVerified":"2026-08-10","verificationStatus":"verified"}}},{"type":"Feature","id":"osm-node-10307805844","geometry":{"type":"Point","coordinates":[-79.664584,43.5473306]},"properties":{"kind":"path-intersection","buildingCode":null,"floor":null,"accessibility":"unknown","metadata":{"source":"OpenStreetMap","sourceUrl":"https://www.openstreetmap.org/node/10307805844","lastVerified":"2026-08-10","verificationStatus":"verified"}}},{"type":"Feature","id":"osm-node-10307805846","geometry":{"type":"Point","coordinates":[-79.6649366,43.547341]},"properties":{"kind":"crosswalk","buildingCode":null,"floor":null,"accessibility":"unknown","metadata":{"source":"OpenStreetMap","sourceUrl":"https://www.openstreetmap.org/node/10307805846","lastVerified":"2026-08-10","verificationStatus":"verified"}}},{"type":"Feature","id":"osm-node-10307805848","geometry":{"type":"Point","coordinates":[-79.6647915,43.5471258]},"properties":{"kind":"path-intersection","buildingCode":null,"floor":null,"accessibility":"unknown","metadata":{"source":"OpenStreetMap","sourceUrl":"https://www.openstreetmap.org/node/10307805848","lastVerified":"2026-08-10","verificationStatus":"verified"}}},{"type":"Feature","id":"osm-node-10307805849","geometry":{"type":"Point","coordinates":[-79.6648365,43.5473372]},"properties":{"kind":"path-intersection","buildingCode":null,"floor":null,"accessibility":"unknown","metadata":{"source":"OpenStreetMap","sourceUrl":"https://www.openstreetmap.org/node/10307805849","lastVerified":"2026-08-10","verificationStatus":"verified"}}},{"type":"Feature","id":"osm-node-10307805850","geometry":{"type":"Point","coordinates":[-79.6650627,43.5473093]},"properties":{"kind":"path-intersection","buildingCode":null,"floor":null,"accessibility":"unknown","metadata":{"source":"OpenStreetMap","sourceUrl":"https://www.openstreetmap.org/node/10307805850","lastVerified":"2026-08-10","verificationStatus":"verified"}}},{"type":"Feature","id":"osm-node-10307805851","geometry":{"type":"Point","coordinates":[-79.6639364,43.5481606]},"properties":{"kind":"crosswalk","buildingCode":null,"floor":null,"accessibility":"unknown","metadata":{"source":"OpenStreetMap","sourceUrl":"https://www.openstreetmap.org/node/10307805851","lastVerified":"2026-08-10","verificationStatus":"verified"}}},{"type":"Feature","id":"osm-node-10307805853","geometry":{"type":"Point","coordinates":[-79.6638541,43.5481541]},"properties":{"kind":"crosswalk","buildingCode":null,"floor":null,"accessibility":"unknown","metadata":{"source":"OpenStreetMap","sourceUrl":"https://www.openstreetmap.org/node/10307805853","lastVerified":"2026-08-10","verificationStatus":"verified"}}},{"type":"Feature","id":"osm-node-10307805854","geometry":{"type":"Point","coordinates":[-79.6642685,43.5481899]},"properties":{"kind":"path-intersection","buildingCode":null,"floor":null,"accessibility":"unknown","metadata":{"source":"OpenStreetMap","sourceUrl":"https://www.openstreetmap.org/node/10307805854","lastVerified":"2026-08-10","verificationStatus":"verified"}}},{"type":"Feature","id":"osm-node-10307805855","geometry":{"type":"Point","coordinates":[-79.6641947,43.5482998]},"properties":{"kind":"path-intersection","buildingCode":null,"floor":null,"accessibility":"unknown","metadata":{"source":"OpenStreetMap","sourceUrl":"https://www.openstreetmap.org/node/10307805855","lastVerified":"2026-08-10","verificationStatus":"verified"}}},{"type":"Feature","id":"osm-node-10307805856","geometry":{"type":"Point","coordinates":[-79.6645582,43.5482491]},"properties":{"kind":"path-intersection","buildingCode":null,"floor":null,"accessibility":"unknown","metadata":{"source":"OpenStreetMap","sourceUrl":"https://www.openstreetmap.org/node/10307805856","lastVerified":"2026-08-10","verificationStatus":"verified"}}},{"type":"Feature","id":"osm-node-10307805857","geometry":{"type":"Point","coordinates":[-79.6645488,43.5482843]},"properties":{"kind":"path-intersection","buildingCode":null,"floor":null,"accessibility":"unknown","metadata":{"source":"OpenStreetMap","sourceUrl":"https://www.openstreetmap.org/node/10307805857","lastVerified":"2026-08-10","verificationStatus":"verified"}}},{"type":"Feature","id":"osm-node-10307805858","geometry":{"type":"Point","coordinates":[-79.6644769,43.5483369]},"properties":{"kind":"path-intersection","buildingCode":null,"floor":null,"accessibility":"unknown","metadata":{"source":"OpenStreetMap","sourceUrl":"https://www.openstreetmap.org/node/10307805858","lastVerified":"2026-08-10","verificationStatus":"verified"}}},{"type":"Feature","id":"osm-node-10307805859","geometry":{"type":"Point","coordinates":[-79.6643995,43.5483262]},"properties":{"kind":"path-intersection","buildingCode":null,"floor":null,"accessibility":"unknown","metadata":{"source":"OpenStreetMap","sourceUrl":"https://www.openstreetmap.org/node/10307805859","lastVerified":"2026-08-10","verificationStatus":"verified"}}},{"type":"Feature","id":"osm-node-10307805862","geometry":{"type":"Point","coordinates":[-79.6643051,43.5483803]},"properties":{"kind":"path-intersection","buildingCode":null,"floor":null,"accessibility":"unknown","metadata":{"source":"OpenStreetMap","sourceUrl":"https://www.openstreetmap.org/node/10307805862","lastVerified":"2026-08-10","verificationStatus":"verified"}}},{"type":"Feature","id":"osm-node-10307805863","geometry":{"type":"Point","coordinates":[-79.666184,43.5497101]},"properties":{"kind":"path-intersection","buildingCode":null,"floor":null,"accessibility":"unknown","metadata":{"source":"OpenStreetMap","sourceUrl":"https://www.openstreetmap.org/node/10307805863","lastVerified":"2026-08-10","verificationStatus":"verified"}}},{"type":"Feature","id":"osm-node-10307805864","geometry":{"type":"Point","coordinates":[-79.6658369,43.549682]},"properties":{"kind":"path-intersection","buildingCode":null,"floor":null,"accessibility":"unknown","metadata":{"source":"OpenStreetMap","sourceUrl":"https://www.openstreetmap.org/node/10307805864","lastVerified":"2026-08-10","verificationStatus":"verified"}}},{"type":"Feature","id":"osm-node-10307805865","geometry":{"type":"Point","coordinates":[-79.6652877,43.5485846]},"properties":{"kind":"path-intersection","buildingCode":null,"floor":null,"accessibility":"unknown","metadata":{"source":"OpenStreetMap","sourceUrl":"https://www.openstreetmap.org/node/10307805865","lastVerified":"2026-08-10","verificationStatus":"verified"}}},{"type":"Feature","id":"osm-node-10307805866","geometry":{"type":"Point","coordinates":[-79.6657578,43.5486235]},"properties":{"kind":"path-intersection","buildingCode":null,"floor":null,"accessibility":"unknown","metadata":{"source":"OpenStreetMap","sourceUrl":"https://www.openstreetmap.org/node/10307805866","lastVerified":"2026-08-10","verificationStatus":"verified"}}},{"type":"Feature","id":"osm-node-10307805867","geometry":{"type":"Point","coordinates":[-79.6658319,43.5485722]},"properties":{"kind":"path-intersection","buildingCode":null,"floor":null,"accessibility":"unknown","metadata":{"source":"OpenStreetMap","sourceUrl":"https://www.openstreetmap.org/node/10307805867","lastVerified":"2026-08-10","verificationStatus":"verified"}}},{"type":"Feature","id":"osm-node-10307805868","geometry":{"type":"Point","coordinates":[-79.6658536,43.548588]},"properties":{"kind":"path-intersection","buildingCode":null,"floor":null,"accessibility":"unknown","metadata":{"source":"OpenStreetMap","sourceUrl":"https://www.openstreetmap.org/node/10307805868","lastVerified":"2026-08-10","verificationStatus":"verified"}}},{"type":"Feature","id":"osm-node-10307805869","geometry":{"type":"Point","coordinates":[-79.6657953,43.5485457]},"properties":{"kind":"path-intersection","buildingCode":null,"floor":null,"accessibility":"unknown","metadata":{"source":"OpenStreetMap","sourceUrl":"https://www.openstreetmap.org/node/10307805869","lastVerified":"2026-08-10","verificationStatus":"verified"}}},{"type":"Feature","id":"osm-node-10307805870","geometry":{"type":"Point","coordinates":[-79.6658551,43.5484577]},"properties":{"kind":"path-intersection","buildingCode":null,"floor":null,"accessibility":"unknown","metadata":{"source":"OpenStreetMap","sourceUrl":"https://www.openstreetmap.org/node/10307805870","lastVerified":"2026-08-10","verificationStatus":"verified"}}},{"type":"Feature","id":"osm-node-10307805873","geometry":{"type":"Point","coordinates":[-79.6665084,43.5487987]},"properties":{"kind":"crosswalk","buildingCode":null,"floor":null,"accessibility":"unknown","metadata":{"source":"OpenStreetMap","sourceUrl":"https://www.openstreetmap.org/node/10307805873","lastVerified":"2026-08-10","verificationStatus":"verified"}}},{"type":"Feature","id":"osm-node-10307805874","geometry":{"type":"Point","coordinates":[-79.666534,43.5487744]},"properties":{"kind":"crosswalk","buildingCode":null,"floor":null,"accessibility":"unknown","metadata":{"source":"OpenStreetMap","sourceUrl":"https://www.openstreetmap.org/node/10307805874","lastVerified":"2026-08-10","verificationStatus":"verified"}}},{"type":"Feature","id":"osm-node-10307805875","geometry":{"type":"Point","coordinates":[-79.6664609,43.5488435]},"properties":{"kind":"path-intersection","buildingCode":null,"floor":null,"accessibility":"unknown","metadata":{"source":"OpenStreetMap","sourceUrl":"https://www.openstreetmap.org/node/10307805875","lastVerified":"2026-08-10","verificationStatus":"verified"}}},{"type":"Feature","id":"osm-node-10307805876","geometry":{"type":"Point","coordinates":[-79.6655315,43.5481488]},"properties":{"kind":"path-intersection","buildingCode":null,"floor":null,"accessibility":"unknown","metadata":{"source":"OpenStreetMap","sourceUrl":"https://www.openstreetmap.org/node/10307805876","lastVerified":"2026-08-10","verificationStatus":"verified"}}},{"type":"Feature","id":"osm-node-10307805877","geometry":{"type":"Point","coordinates":[-79.6661465,43.5486605]},"properties":{"kind":"path-intersection","buildingCode":null,"floor":null,"accessibility":"unknown","metadata":{"source":"OpenStreetMap","sourceUrl":"https://www.openstreetmap.org/node/10307805877","lastVerified":"2026-08-10","verificationStatus":"verified"}}},{"type":"Feature","id":"osm-node-10307805878","geometry":{"type":"Point","coordinates":[-79.6659476,43.5485155]},"properties":{"kind":"crosswalk","buildingCode":null,"floor":null,"accessibility":"unknown","metadata":{"source":"OpenStreetMap","sourceUrl":"https://www.openstreetmap.org/node/10307805878","lastVerified":"2026-08-10","verificationStatus":"verified"}}},{"type":"Feature","id":"osm-node-10307805879","geometry":{"type":"Point","coordinates":[-79.6657449,43.548374]},"properties":{"kind":"path-intersection","buildingCode":null,"floor":null,"accessibility":"unknown","metadata":{"source":"OpenStreetMap","sourceUrl":"https://www.openstreetmap.org/node/10307805879","lastVerified":"2026-08-10","verificationStatus":"verified"}}},{"type":"Feature","id":"osm-node-10307805880","geometry":{"type":"Point","coordinates":[-79.665687,43.5483287]},"properties":{"kind":"path-intersection","buildingCode":null,"floor":null,"accessibility":"unknown","metadata":{"source":"OpenStreetMap","sourceUrl":"https://www.openstreetmap.org/node/10307805880","lastVerified":"2026-08-10","verificationStatus":"verified"}}},{"type":"Feature","id":"osm-node-10307805881","geometry":{"type":"Point","coordinates":[-79.6655388,43.5481967]},"properties":{"kind":"path-intersection","buildingCode":null,"floor":null,"accessibility":"unknown","metadata":{"source":"OpenStreetMap","sourceUrl":"https://www.openstreetmap.org/node/10307805881","lastVerified":"2026-08-10","verificationStatus":"verified"}}},{"type":"Feature","id":"osm-node-10307805882","geometry":{"type":"Point","coordinates":[-79.6655278,43.5481241]},"properties":{"kind":"path-intersection","buildingCode":null,"floor":null,"accessibility":"unknown","metadata":{"source":"OpenStreetMap","sourceUrl":"https://www.openstreetmap.org/node/10307805882","lastVerified":"2026-08-10","verificationStatus":"verified"}}},{"type":"Feature","id":"osm-node-10307805883","geometry":{"type":"Point","coordinates":[-79.6667948,43.5506009]},"properties":{"kind":"crosswalk","buildingCode":null,"floor":null,"accessibility":"unknown","metadata":{"source":"OpenStreetMap","sourceUrl":"https://www.openstreetmap.org/node/10307805883","lastVerified":"2026-08-10","verificationStatus":"verified"}}},{"type":"Feature","id":"osm-node-10307805884","geometry":{"type":"Point","coordinates":[-79.6667047,43.5508745]},"properties":{"kind":"crosswalk","buildingCode":null,"floor":null,"accessibility":"unknown","metadata":{"source":"OpenStreetMap","sourceUrl":"https://www.openstreetmap.org/node/10307805884","lastVerified":"2026-08-10","verificationStatus":"verified"}}},{"type":"Feature","id":"osm-node-10307805887","geometry":{"type":"Point","coordinates":[-79.6667009,43.5506033]},"properties":{"kind":"path-intersection","buildingCode":null,"floor":null,"accessibility":"unknown","metadata":{"source":"OpenStreetMap","sourceUrl":"https://www.openstreetmap.org/node/10307805887","lastVerified":"2026-08-10","verificationStatus":"verified"}}},{"type":"Feature","id":"osm-node-10307805888","geometry":{"type":"Point","coordinates":[-79.666661,43.5506656]},"properties":{"kind":"path-intersection","buildingCode":null,"floor":null,"accessibility":"unknown","metadata":{"source":"OpenStreetMap","sourceUrl":"https://www.openstreetmap.org/node/10307805888","lastVerified":"2026-08-10","verificationStatus":"verified"}}},{"type":"Feature","id":"osm-node-10307805889","geometry":{"type":"Point","coordinates":[-79.6669866,43.5506655]},"properties":{"kind":"path-intersection","buildingCode":null,"floor":null,"accessibility":"unknown","metadata":{"source":"OpenStreetMap","sourceUrl":"https://www.openstreetmap.org/node/10307805889","lastVerified":"2026-08-10","verificationStatus":"verified"}}},{"type":"Feature","id":"osm-node-10307805890","geometry":{"type":"Point","coordinates":[-79.6667183,43.5505751]},"properties":{"kind":"path-intersection","buildingCode":null,"floor":null,"accessibility":"unknown","metadata":{"source":"OpenStreetMap","sourceUrl":"https://www.openstreetmap.org/node/10307805890","lastVerified":"2026-08-10","verificationStatus":"verified"}}},{"type":"Feature","id":"osm-node-10307805891","geometry":{"type":"Point","coordinates":[-79.6667653,43.5505017]},"properties":{"kind":"path-intersection","buildingCode":null,"floor":null,"accessibility":"unknown","metadata":{"source":"OpenStreetMap","sourceUrl":"https://www.openstreetmap.org/node/10307805891","lastVerified":"2026-08-10","verificationStatus":"verified"}}},{"type":"Feature","id":"osm-node-10307805892","geometry":{"type":"Point","coordinates":[-79.6665762,43.5507977]},"properties":{"kind":"path-intersection","buildingCode":null,"floor":null,"accessibility":"unknown","metadata":{"source":"OpenStreetMap","sourceUrl":"https://www.openstreetmap.org/node/10307805892","lastVerified":"2026-08-10","verificationStatus":"verified"}}},{"type":"Feature","id":"osm-node-10307805893","geometry":{"type":"Point","coordinates":[-79.6664915,43.5508202]},"properties":{"kind":"path-intersection","buildingCode":null,"floor":null,"accessibility":"unknown","metadata":{"source":"OpenStreetMap","sourceUrl":"https://www.openstreetmap.org/node/10307805893","lastVerified":"2026-08-10","verificationStatus":"verified"}}},{"type":"Feature","id":"osm-node-10307805894","geometry":{"type":"Point","coordinates":[-79.6666579,43.5509152]},"properties":{"kind":"crosswalk","buildingCode":null,"floor":null,"accessibility":"unknown","metadata":{"source":"OpenStreetMap","sourceUrl":"https://www.openstreetmap.org/node/10307805894","lastVerified":"2026-08-10","verificationStatus":"verified"}}},{"type":"Feature","id":"osm-node-10307805895","geometry":{"type":"Point","coordinates":[-79.6667508,43.5508344]},"properties":{"kind":"crosswalk","buildingCode":null,"floor":null,"accessibility":"unknown","metadata":{"source":"OpenStreetMap","sourceUrl":"https://www.openstreetmap.org/node/10307805895","lastVerified":"2026-08-10","verificationStatus":"verified"}}},{"type":"Feature","id":"osm-node-10307805896","geometry":{"type":"Point","coordinates":[-79.6687537,43.5491251]},"properties":{"kind":"path-intersection","buildingCode":null,"floor":null,"accessibility":"unknown","metadata":{"source":"OpenStreetMap","sourceUrl":"https://www.openstreetmap.org/node/10307805896","lastVerified":"2026-08-10","verificationStatus":"verified"}}},{"type":"Feature","id":"osm-node-10307805897","geometry":{"type":"Point","coordinates":[-79.6669054,43.5507363]},"properties":{"kind":"path-intersection","buildingCode":null,"floor":null,"accessibility":"unknown","metadata":{"source":"OpenStreetMap","sourceUrl":"https://www.openstreetmap.org/node/10307805897","lastVerified":"2026-08-10","verificationStatus":"verified"}}},{"type":"Feature","id":"osm-node-10307805898","geometry":{"type":"Point","coordinates":[-79.6668095,43.5507697]},"properties":{"kind":"path-intersection","buildingCode":null,"floor":null,"accessibility":"unknown","metadata":{"source":"OpenStreetMap","sourceUrl":"https://www.openstreetmap.org/node/10307805898","lastVerified":"2026-08-10","verificationStatus":"verified"}}},{"type":"Feature","id":"osm-node-10307805899","geometry":{"type":"Point","coordinates":[-79.6664901,43.5510472]},"properties":{"kind":"path-intersection","buildingCode":null,"floor":null,"accessibility":"unknown","metadata":{"source":"OpenStreetMap","sourceUrl":"https://www.openstreetmap.org/node/10307805899","lastVerified":"2026-08-10","verificationStatus":"verified"}}},{"type":"Feature","id":"osm-node-10307805900","geometry":{"type":"Point","coordinates":[-79.6663875,43.550983]},"properties":{"kind":"path-intersection","buildingCode":null,"floor":null,"accessibility":"unknown","metadata":{"source":"OpenStreetMap","sourceUrl":"https://www.openstreetmap.org/node/10307805900","lastVerified":"2026-08-10","verificationStatus":"verified"}}},{"type":"Feature","id":"osm-node-10307805901","geometry":{"type":"Point","coordinates":[-79.6662902,43.5511389]},"properties":{"kind":"path-intersection","buildingCode":null,"floor":null,"accessibility":"unknown","metadata":{"source":"OpenStreetMap","sourceUrl":"https://www.openstreetmap.org/node/10307805901","lastVerified":"2026-08-10","verificationStatus":"verified"}}},{"type":"Feature","id":"osm-node-10307805902","geometry":{"type":"Point","coordinates":[-79.6664558,43.5508761]},"properties":{"kind":"path-intersection","buildingCode":null,"floor":null,"accessibility":"unknown","metadata":{"source":"OpenStreetMap","sourceUrl":"https://www.openstreetmap.org/node/10307805902","lastVerified":"2026-08-10","verificationStatus":"verified"}}},{"type":"Feature","id":"osm-node-10307805904","geometry":{"type":"Point","coordinates":[-79.6641775,43.5519071]},"properties":{"kind":"path-intersection","buildingCode":null,"floor":null,"accessibility":"unknown","metadata":{"source":"OpenStreetMap","sourceUrl":"https://www.openstreetmap.org/node/10307805904","lastVerified":"2026-08-10","verificationStatus":"verified"}}},{"type":"Feature","id":"osm-node-10307805905","geometry":{"type":"Point","coordinates":[-79.6634774,43.5516263]},"properties":{"kind":"path-intersection","buildingCode":null,"floor":null,"accessibility":"unknown","metadata":{"source":"OpenStreetMap","sourceUrl":"https://www.openstreetmap.org/node/10307805905","lastVerified":"2026-08-10","verificationStatus":"verified"}}},{"type":"Feature","id":"osm-node-10307805906","geometry":{"type":"Point","coordinates":[-79.6634565,43.5516544]},"properties":{"kind":"path-intersection","buildingCode":null,"floor":null,"accessibility":"unknown","metadata":{"source":"OpenStreetMap","sourceUrl":"https://www.openstreetmap.org/node/10307805906","lastVerified":"2026-08-10","verificationStatus":"verified"}}},{"type":"Feature","id":"osm-node-10307805907","geometry":{"type":"Point","coordinates":[-79.6637055,43.5517516]},"properties":{"kind":"path-intersection","buildingCode":null,"floor":null,"accessibility":"unknown","metadata":{"source":"OpenStreetMap","sourceUrl":"https://www.openstreetmap.org/node/10307805907","lastVerified":"2026-08-10","verificationStatus":"verified"}}},{"type":"Feature","id":"osm-node-10307805908","geometry":{"type":"Point","coordinates":[-79.660646,43.5476211]},"properties":{"kind":"path-intersection","buildingCode":null,"floor":null,"accessibility":"unknown","metadata":{"source":"OpenStreetMap","sourceUrl":"https://www.openstreetmap.org/node/10307805908","lastVerified":"2026-08-10","verificationStatus":"verified"}}},{"type":"Feature","id":"osm-node-10307805909","geometry":{"type":"Point","coordinates":[-79.6606773,43.5476837]},"properties":{"kind":"path-intersection","buildingCode":null,"floor":null,"accessibility":"unknown","metadata":{"source":"OpenStreetMap","sourceUrl":"https://www.openstreetmap.org/node/10307805909","lastVerified":"2026-08-10","verificationStatus":"verified"}}},{"type":"Feature","id":"osm-node-10307805910","geometry":{"type":"Point","coordinates":[-79.6605846,43.5480787]},"properties":{"kind":"path-intersection","buildingCode":null,"floor":null,"accessibility":"unknown","metadata":{"source":"OpenStreetMap","sourceUrl":"https://www.openstreetmap.org/node/10307805910","lastVerified":"2026-08-10","verificationStatus":"verified"}}},{"type":"Feature","id":"osm-node-10307805911","geometry":{"type":"Point","coordinates":[-79.6602801,43.549645]},"properties":{"kind":"crosswalk","buildingCode":null,"floor":null,"accessibility":"unknown","metadata":{"source":"OpenStreetMap","sourceUrl":"https://www.openstreetmap.org/node/10307805911","lastVerified":"2026-08-10","verificationStatus":"verified"}}},{"type":"Feature","id":"osm-node-10307805912","geometry":{"type":"Point","coordinates":[-79.6602842,43.5497393]},"properties":{"kind":"crosswalk","buildingCode":null,"floor":null,"accessibility":"unknown","metadata":{"source":"OpenStreetMap","sourceUrl":"https://www.openstreetmap.org/node/10307805912","lastVerified":"2026-08-10","verificationStatus":"verified"}}},{"type":"Feature","id":"osm-node-10307805913","geometry":{"type":"Point","coordinates":[-79.6603344,43.5498973]},"properties":{"kind":"path-intersection","buildingCode":null,"floor":null,"accessibility":"unknown","metadata":{"source":"OpenStreetMap","sourceUrl":"https://www.openstreetmap.org/node/10307805913","lastVerified":"2026-08-10","verificationStatus":"verified"}}},{"type":"Feature","id":"osm-node-10307805914","geometry":{"type":"Point","coordinates":[-79.6608896,43.5507016]},"properties":{"kind":"path-intersection","buildingCode":null,"floor":null,"accessibility":"unknown","metadata":{"source":"OpenStreetMap","sourceUrl":"https://www.openstreetmap.org/node/10307805914","lastVerified":"2026-08-10","verificationStatus":"verified"}}},{"type":"Feature","id":"osm-node-10307805915","geometry":{"type":"Point","coordinates":[-79.6611779,43.5509562]},"properties":{"kind":"path-intersection","buildingCode":null,"floor":null,"accessibility":"unknown","metadata":{"source":"OpenStreetMap","sourceUrl":"https://www.openstreetmap.org/node/10307805915","lastVerified":"2026-08-10","verificationStatus":"verified"}}},{"type":"Feature","id":"osm-node-10307805916","geometry":{"type":"Point","coordinates":[-79.661414,43.5510933]},"properties":{"kind":"path-intersection","buildingCode":null,"floor":null,"accessibility":"unknown","metadata":{"source":"OpenStreetMap","sourceUrl":"https://www.openstreetmap.org/node/10307805916","lastVerified":"2026-08-10","verificationStatus":"verified"}}},{"type":"Feature","id":"osm-node-10307805917","geometry":{"type":"Point","coordinates":[-79.6644486,43.5519697]},"properties":{"kind":"crosswalk","buildingCode":null,"floor":null,"accessibility":"unknown","metadata":{"source":"OpenStreetMap","sourceUrl":"https://www.openstreetmap.org/node/10307805917","lastVerified":"2026-08-10","verificationStatus":"verified"}}},{"type":"Feature","id":"osm-node-10307805918","geometry":{"type":"Point","coordinates":[-79.6655089,43.5519056]},"properties":{"kind":"crosswalk","buildingCode":null,"floor":null,"accessibility":"unknown","metadata":{"source":"OpenStreetMap","sourceUrl":"https://www.openstreetmap.org/node/10307805918","lastVerified":"2026-08-10","verificationStatus":"verified"}}},{"type":"Feature","id":"osm-node-10307805919","geometry":{"type":"Point","coordinates":[-79.6660338,43.5514962]},"properties":{"kind":"path-intersection","buildingCode":null,"floor":null,"accessibility":"unknown","metadata":{"source":"OpenStreetMap","sourceUrl":"https://www.openstreetmap.org/node/10307805919","lastVerified":"2026-08-10","verificationStatus":"verified"}}},{"type":"Feature","id":"osm-node-10307805921","geometry":{"type":"Point","coordinates":[-79.6666199,43.5509345]},"properties":{"kind":"path-intersection","buildingCode":null,"floor":null,"accessibility":"unknown","metadata":{"source":"OpenStreetMap","sourceUrl":"https://www.openstreetmap.org/node/10307805921","lastVerified":"2026-08-10","verificationStatus":"verified"}}},{"type":"Feature","id":"osm-node-10307805922","geometry":{"type":"Point","coordinates":[-79.6662178,43.5512838]},"properties":{"kind":"path-intersection","buildingCode":null,"floor":null,"accessibility":"unknown","metadata":{"source":"OpenStreetMap","sourceUrl":"https://www.openstreetmap.org/node/10307805922","lastVerified":"2026-08-10","verificationStatus":"verified"}}},{"type":"Feature","id":"osm-node-10307805923","geometry":{"type":"Point","coordinates":[-79.6656002,43.5518542]},"properties":{"kind":"crosswalk","buildingCode":null,"floor":null,"accessibility":"unknown","metadata":{"source":"OpenStreetMap","sourceUrl":"https://www.openstreetmap.org/node/10307805923","lastVerified":"2026-08-10","verificationStatus":"verified"}}},{"type":"Feature","id":"osm-node-10307805924","geometry":{"type":"Point","coordinates":[-79.6654039,43.5519648]},"properties":{"kind":"crosswalk","buildingCode":null,"floor":null,"accessibility":"unknown","metadata":{"source":"OpenStreetMap","sourceUrl":"https://www.openstreetmap.org/node/10307805924","lastVerified":"2026-08-10","verificationStatus":"verified"}}},{"type":"Feature","id":"osm-node-10307805925","geometry":{"type":"Point","coordinates":[-79.6654059,43.5519321]},"properties":{"kind":"path-intersection","buildingCode":null,"floor":null,"accessibility":"unknown","metadata":{"source":"OpenStreetMap","sourceUrl":"https://www.openstreetmap.org/node/10307805925","lastVerified":"2026-08-10","verificationStatus":"verified"}}},{"type":"Feature","id":"osm-node-10307805926","geometry":{"type":"Point","coordinates":[-79.6653937,43.5519107]},"properties":{"kind":"path-intersection","buildingCode":null,"floor":null,"accessibility":"unknown","metadata":{"source":"OpenStreetMap","sourceUrl":"https://www.openstreetmap.org/node/10307805926","lastVerified":"2026-08-10","verificationStatus":"verified"}}},{"type":"Feature","id":"osm-node-10307805927","geometry":{"type":"Point","coordinates":[-79.6653715,43.5518913]},"properties":{"kind":"path-intersection","buildingCode":null,"floor":null,"accessibility":"unknown","metadata":{"source":"OpenStreetMap","sourceUrl":"https://www.openstreetmap.org/node/10307805927","lastVerified":"2026-08-10","verificationStatus":"verified"}}},{"type":"Feature","id":"osm-node-10307805928","geometry":{"type":"Point","coordinates":[-79.6650632,43.5517757]},"properties":{"kind":"path-intersection","buildingCode":null,"floor":null,"accessibility":"unknown","metadata":{"source":"OpenStreetMap","sourceUrl":"https://www.openstreetmap.org/node/10307805928","lastVerified":"2026-08-10","verificationStatus":"verified"}}},{"type":"Feature","id":"osm-node-10307805929","geometry":{"type":"Point","coordinates":[-79.6650223,43.5517763]},"properties":{"kind":"crosswalk","buildingCode":null,"floor":null,"accessibility":"unknown","metadata":{"source":"OpenStreetMap","sourceUrl":"https://www.openstreetmap.org/node/10307805929","lastVerified":"2026-08-10","verificationStatus":"verified"}}},{"type":"Feature","id":"osm-node-10307805930","geometry":{"type":"Point","coordinates":[-79.664996,43.5517847]},"properties":{"kind":"path-intersection","buildingCode":null,"floor":null,"accessibility":"unknown","metadata":{"source":"OpenStreetMap","sourceUrl":"https://www.openstreetmap.org/node/10307805930","lastVerified":"2026-08-10","verificationStatus":"verified"}}},{"type":"Feature","id":"osm-node-10307805931","geometry":{"type":"Point","coordinates":[-79.6643961,43.5519587]},"properties":{"kind":"crosswalk","buildingCode":null,"floor":null,"accessibility":"unknown","metadata":{"source":"OpenStreetMap","sourceUrl":"https://www.openstreetmap.org/node/10307805931","lastVerified":"2026-08-10","verificationStatus":"verified"}}},{"type":"Feature","id":"osm-node-10307805932","geometry":{"type":"Point","coordinates":[-79.6647939,43.5519712]},"properties":{"kind":"path-intersection","buildingCode":null,"floor":null,"accessibility":"unknown","metadata":{"source":"OpenStreetMap","sourceUrl":"https://www.openstreetmap.org/node/10307805932","lastVerified":"2026-08-10","verificationStatus":"verified"}}},{"type":"Feature","id":"osm-node-10307805933","geometry":{"type":"Point","coordinates":[-79.6649548,43.5518609]},"properties":{"kind":"path-intersection","buildingCode":null,"floor":null,"accessibility":"unknown","metadata":{"source":"OpenStreetMap","sourceUrl":"https://www.openstreetmap.org/node/10307805933","lastVerified":"2026-08-10","verificationStatus":"verified"}}},{"type":"Feature","id":"osm-node-10307805934","geometry":{"type":"Point","coordinates":[-79.6649062,43.5519122]},"properties":{"kind":"path-intersection","buildingCode":null,"floor":null,"accessibility":"unknown","metadata":{"source":"OpenStreetMap","sourceUrl":"https://www.openstreetmap.org/node/10307805934","lastVerified":"2026-08-10","verificationStatus":"verified"}}},{"type":"Feature","id":"osm-node-10307805935","geometry":{"type":"Point","coordinates":[-79.6648492,43.5519494]},"properties":{"kind":"path-intersection","buildingCode":null,"floor":null,"accessibility":"unknown","metadata":{"source":"OpenStreetMap","sourceUrl":"https://www.openstreetmap.org/node/10307805935","lastVerified":"2026-08-10","verificationStatus":"verified"}}},{"type":"Feature","id":"osm-node-10307805936","geometry":{"type":"Point","coordinates":[-79.6647154,43.5519936]},"properties":{"kind":"path-intersection","buildingCode":null,"floor":null,"accessibility":"unknown","metadata":{"source":"OpenStreetMap","sourceUrl":"https://www.openstreetmap.org/node/10307805936","lastVerified":"2026-08-10","verificationStatus":"verified"}}},{"type":"Feature","id":"osm-node-10307805937","geometry":{"type":"Point","coordinates":[-79.6646698,43.5519994]},"properties":{"kind":"path-intersection","buildingCode":null,"floor":null,"accessibility":"unknown","metadata":{"source":"OpenStreetMap","sourceUrl":"https://www.openstreetmap.org/node/10307805937","lastVerified":"2026-08-10","verificationStatus":"verified"}}},{"type":"Feature","id":"osm-node-10307805938","geometry":{"type":"Point","coordinates":[-79.6645545,43.5519873]},"properties":{"kind":"path-intersection","buildingCode":null,"floor":null,"accessibility":"unknown","metadata":{"source":"OpenStreetMap","sourceUrl":"https://www.openstreetmap.org/node/10307805938","lastVerified":"2026-08-10","verificationStatus":"verified"}}},{"type":"Feature","id":"osm-node-10307805939","geometry":{"type":"Point","coordinates":[-79.6646132,43.5519948]},"properties":{"kind":"path-intersection","buildingCode":null,"floor":null,"accessibility":"unknown","metadata":{"source":"OpenStreetMap","sourceUrl":"https://www.openstreetmap.org/node/10307805939","lastVerified":"2026-08-10","verificationStatus":"verified"}}},{"type":"Feature","id":"osm-node-10307805940","geometry":{"type":"Point","coordinates":[-79.6643454,43.5519481]},"properties":{"kind":"crosswalk","buildingCode":null,"floor":null,"accessibility":"unknown","metadata":{"source":"OpenStreetMap","sourceUrl":"https://www.openstreetmap.org/node/10307805940","lastVerified":"2026-08-10","verificationStatus":"verified"}}},{"type":"Feature","id":"osm-node-10307805941","geometry":{"type":"Point","coordinates":[-79.6643024,43.5519266]},"properties":{"kind":"path-intersection","buildingCode":null,"floor":null,"accessibility":"unknown","metadata":{"source":"OpenStreetMap","sourceUrl":"https://www.openstreetmap.org/node/10307805941","lastVerified":"2026-08-10","verificationStatus":"verified"}}},{"type":"Feature","id":"osm-node-10307805942","geometry":{"type":"Point","coordinates":[-79.6642858,43.5519491]},"properties":{"kind":"path-intersection","buildingCode":null,"floor":null,"accessibility":"unknown","metadata":{"source":"OpenStreetMap","sourceUrl":"https://www.openstreetmap.org/node/10307805942","lastVerified":"2026-08-10","verificationStatus":"verified"}}},{"type":"Feature","id":"osm-node-10307805943","geometry":{"type":"Point","coordinates":[-79.6631511,43.5514926]},"properties":{"kind":"path-intersection","buildingCode":null,"floor":null,"accessibility":"unknown","metadata":{"source":"OpenStreetMap","sourceUrl":"https://www.openstreetmap.org/node/10307805943","lastVerified":"2026-08-10","verificationStatus":"verified"}}},{"type":"Feature","id":"osm-node-10309714924","geometry":{"type":"Point","coordinates":[-79.6624393,43.5506208]},"properties":{"kind":"path-intersection","buildingCode":null,"floor":null,"accessibility":"unknown","metadata":{"source":"OpenStreetMap","sourceUrl":"https://www.openstreetmap.org/node/10309714924","lastVerified":"2026-08-10","verificationStatus":"verified"}}},{"type":"Feature","id":"osm-node-10309714938","geometry":{"type":"Point","coordinates":[-79.6630639,43.5506103]},"properties":{"kind":"path-intersection","buildingCode":null,"floor":null,"accessibility":"unknown","metadata":{"source":"OpenStreetMap","sourceUrl":"https://www.openstreetmap.org/node/10309714938","lastVerified":"2026-08-10","verificationStatus":"verified"}}},{"type":"Feature","id":"osm-node-10309714939","geometry":{"type":"Point","coordinates":[-79.6631015,43.550455]},"properties":{"kind":"path-intersection","buildingCode":null,"floor":null,"accessibility":"unknown","metadata":{"source":"OpenStreetMap","sourceUrl":"https://www.openstreetmap.org/node/10309714939","lastVerified":"2026-08-10","verificationStatus":"verified"}}},{"type":"Feature","id":"osm-node-10309714940","geometry":{"type":"Point","coordinates":[-79.6630861,43.5504531]},"properties":{"kind":"path-intersection","buildingCode":null,"floor":null,"accessibility":"unknown","metadata":{"source":"OpenStreetMap","sourceUrl":"https://www.openstreetmap.org/node/10309714940","lastVerified":"2026-08-10","verificationStatus":"verified"}}},{"type":"Feature","id":"osm-node-10309714941","geometry":{"type":"Point","coordinates":[-79.6629722,43.549845]},"properties":{"kind":"path-intersection","buildingCode":null,"floor":null,"accessibility":"unknown","metadata":{"source":"OpenStreetMap","sourceUrl":"https://www.openstreetmap.org/node/10309714941","lastVerified":"2026-08-10","verificationStatus":"verified"}}},{"type":"Feature","id":"osm-node-10309714942","geometry":{"type":"Point","coordinates":[-79.6628944,43.5501537]},"properties":{"kind":"path-intersection","buildingCode":null,"floor":null,"accessibility":"unknown","metadata":{"source":"OpenStreetMap","sourceUrl":"https://www.openstreetmap.org/node/10309714942","lastVerified":"2026-08-10","verificationStatus":"verified"}}},{"type":"Feature","id":"osm-node-10309714943","geometry":{"type":"Point","coordinates":[-79.6631506,43.5501876]},"properties":{"kind":"path-intersection","buildingCode":null,"floor":null,"accessibility":"unknown","metadata":{"source":"OpenStreetMap","sourceUrl":"https://www.openstreetmap.org/node/10309714943","lastVerified":"2026-08-10","verificationStatus":"verified"}}},{"type":"Feature","id":"osm-node-10309714944","geometry":{"type":"Point","coordinates":[-79.6631414,43.5502241]},"properties":{"kind":"path-intersection","buildingCode":null,"floor":null,"accessibility":"unknown","metadata":{"source":"OpenStreetMap","sourceUrl":"https://www.openstreetmap.org/node/10309714944","lastVerified":"2026-08-10","verificationStatus":"verified"}}},{"type":"Feature","id":"osm-node-10309714945","geometry":{"type":"Point","coordinates":[-79.6631787,43.550229]},"properties":{"kind":"path-intersection","buildingCode":null,"floor":null,"accessibility":"unknown","metadata":{"source":"OpenStreetMap","sourceUrl":"https://www.openstreetmap.org/node/10309714945","lastVerified":"2026-08-10","verificationStatus":"verified"}}},{"type":"Feature","id":"osm-node-10309714946","geometry":{"type":"Point","coordinates":[-79.6631386,43.5503882]},"properties":{"kind":"path-intersection","buildingCode":null,"floor":null,"accessibility":"unknown","metadata":{"source":"OpenStreetMap","sourceUrl":"https://www.openstreetmap.org/node/10309714946","lastVerified":"2026-08-10","verificationStatus":"verified"}}},{"type":"Feature","id":"osm-node-10309714947","geometry":{"type":"Point","coordinates":[-79.6631038,43.5503835]},"properties":{"kind":"path-intersection","buildingCode":null,"floor":null,"accessibility":"unknown","metadata":{"source":"OpenStreetMap","sourceUrl":"https://www.openstreetmap.org/node/10309714947","lastVerified":"2026-08-10","verificationStatus":"verified"}}},{"type":"Feature","id":"osm-node-10309714948","geometry":{"type":"Point","coordinates":[-79.6630917,43.5504307]},"properties":{"kind":"path-intersection","buildingCode":null,"floor":null,"accessibility":"unknown","metadata":{"source":"OpenStreetMap","sourceUrl":"https://www.openstreetmap.org/node/10309714948","lastVerified":"2026-08-10","verificationStatus":"verified"}}},{"type":"Feature","id":"osm-node-10309718334","geometry":{"type":"Point","coordinates":[-79.6623891,43.549485]},"properties":{"kind":"path-intersection","buildingCode":null,"floor":null,"accessibility":"unknown","metadata":{"source":"OpenStreetMap","sourceUrl":"https://www.openstreetmap.org/node/10309718334","lastVerified":"2026-08-10","verificationStatus":"verified"}}},{"type":"Feature","id":"osm-node-10309718335","geometry":{"type":"Point","coordinates":[-79.6632161,43.5504459]},"properties":{"kind":"path-intersection","buildingCode":null,"floor":null,"accessibility":"unknown","metadata":{"source":"OpenStreetMap","sourceUrl":"https://www.openstreetmap.org/node/10309718335","lastVerified":"2026-08-10","verificationStatus":"verified"}}},{"type":"Feature","id":"osm-node-10309718357","geometry":{"type":"Point","coordinates":[-79.6630462,43.5510372]},"properties":{"kind":"path-intersection","buildingCode":null,"floor":null,"accessibility":"unknown","metadata":{"source":"OpenStreetMap","sourceUrl":"https://www.openstreetmap.org/node/10309718357","lastVerified":"2026-08-10","verificationStatus":"verified"}}},{"type":"Feature","id":"osm-node-10309718358","geometry":{"type":"Point","coordinates":[-79.662988,43.5510297]},"properties":{"kind":"path-intersection","buildingCode":null,"floor":null,"accessibility":"unknown","metadata":{"source":"OpenStreetMap","sourceUrl":"https://www.openstreetmap.org/node/10309718358","lastVerified":"2026-08-10","verificationStatus":"verified"}}},{"type":"Feature","id":"osm-node-10309967028","geometry":{"type":"Point","coordinates":[-79.6613518,43.5483081]},"properties":{"kind":"path-intersection","buildingCode":null,"floor":null,"accessibility":"unknown","metadata":{"source":"OpenStreetMap","sourceUrl":"https://www.openstreetmap.org/node/10309967028","lastVerified":"2026-08-10","verificationStatus":"verified"}}},{"type":"Feature","id":"osm-node-10309967029","geometry":{"type":"Point","coordinates":[-79.6613496,43.548317]},"properties":{"kind":"path-intersection","buildingCode":null,"floor":null,"accessibility":"unknown","metadata":{"source":"OpenStreetMap","sourceUrl":"https://www.openstreetmap.org/node/10309967029","lastVerified":"2026-08-10","verificationStatus":"verified"}}},{"type":"Feature","id":"osm-node-10309967030","geometry":{"type":"Point","coordinates":[-79.6613848,43.5483123]},"properties":{"kind":"path-intersection","buildingCode":null,"floor":null,"accessibility":"unknown","metadata":{"source":"OpenStreetMap","sourceUrl":"https://www.openstreetmap.org/node/10309967030","lastVerified":"2026-08-10","verificationStatus":"verified"}}},{"type":"Feature","id":"osm-node-10309967031","geometry":{"type":"Point","coordinates":[-79.6613755,43.5484194]},"properties":{"kind":"path-intersection","buildingCode":null,"floor":null,"accessibility":"unknown","metadata":{"source":"OpenStreetMap","sourceUrl":"https://www.openstreetmap.org/node/10309967031","lastVerified":"2026-08-10","verificationStatus":"verified"}}},{"type":"Feature","id":"osm-node-10309967032","geometry":{"type":"Point","coordinates":[-79.6613594,43.5484173]},"properties":{"kind":"path-intersection","buildingCode":null,"floor":null,"accessibility":"unknown","metadata":{"source":"OpenStreetMap","sourceUrl":"https://www.openstreetmap.org/node/10309967032","lastVerified":"2026-08-10","verificationStatus":"verified"}}},{"type":"Feature","id":"osm-node-10309967033","geometry":{"type":"Point","coordinates":[-79.6613703,43.5484409]},"properties":{"kind":"path-intersection","buildingCode":null,"floor":null,"accessibility":"unknown","metadata":{"source":"OpenStreetMap","sourceUrl":"https://www.openstreetmap.org/node/10309967033","lastVerified":"2026-08-10","verificationStatus":"verified"}}},{"type":"Feature","id":"osm-node-10309967034","geometry":{"type":"Point","coordinates":[-79.6613057,43.5485813]},"properties":{"kind":"path-intersection","buildingCode":null,"floor":null,"accessibility":"unknown","metadata":{"source":"OpenStreetMap","sourceUrl":"https://www.openstreetmap.org/node/10309967034","lastVerified":"2026-08-10","verificationStatus":"verified"}}},{"type":"Feature","id":"osm-node-10309967035","geometry":{"type":"Point","coordinates":[-79.6612994,43.5486075]},"properties":{"kind":"path-intersection","buildingCode":null,"floor":null,"accessibility":"unknown","metadata":{"source":"OpenStreetMap","sourceUrl":"https://www.openstreetmap.org/node/10309967035","lastVerified":"2026-08-10","verificationStatus":"verified"}}},{"type":"Feature","id":"osm-node-10309967036","geometry":{"type":"Point","coordinates":[-79.661276,43.5486046]},"properties":{"kind":"path-intersection","buildingCode":null,"floor":null,"accessibility":"unknown","metadata":{"source":"OpenStreetMap","sourceUrl":"https://www.openstreetmap.org/node/10309967036","lastVerified":"2026-08-10","verificationStatus":"verified"}}},{"type":"Feature","id":"osm-node-10309967037","geometry":{"type":"Point","coordinates":[-79.6612815,43.5485782]},"properties":{"kind":"path-intersection","buildingCode":null,"floor":null,"accessibility":"unknown","metadata":{"source":"OpenStreetMap","sourceUrl":"https://www.openstreetmap.org/node/10309967037","lastVerified":"2026-08-10","verificationStatus":"verified"}}},{"type":"Feature","id":"osm-node-10309967038","geometry":{"type":"Point","coordinates":[-79.6613163,43.5484341]},"properties":{"kind":"path-intersection","buildingCode":null,"floor":null,"accessibility":"unknown","metadata":{"source":"OpenStreetMap","sourceUrl":"https://www.openstreetmap.org/node/10309967038","lastVerified":"2026-08-10","verificationStatus":"verified"}}},{"type":"Feature","id":"osm-node-10309967081","geometry":{"type":"Point","coordinates":[-79.6659547,43.5499594]},"properties":{"kind":"path-intersection","buildingCode":null,"floor":null,"accessibility":"unknown","metadata":{"source":"OpenStreetMap","sourceUrl":"https://www.openstreetmap.org/node/10309967081","lastVerified":"2026-08-10","verificationStatus":"verified"}}},{"type":"Feature","id":"osm-node-10310025725","geometry":{"type":"Point","coordinates":[-79.6652979,43.5481981]},"properties":{"kind":"path-intersection","buildingCode":null,"floor":null,"accessibility":"unknown","metadata":{"source":"OpenStreetMap","sourceUrl":"https://www.openstreetmap.org/node/10310025725","lastVerified":"2026-08-10","verificationStatus":"verified"}}},{"type":"Feature","id":"osm-node-10310025764","geometry":{"type":"Point","coordinates":[-79.6639256,43.5512283]},"properties":{"kind":"path-intersection","buildingCode":null,"floor":null,"accessibility":"unknown","metadata":{"source":"OpenStreetMap","sourceUrl":"https://www.openstreetmap.org/node/10310025764","lastVerified":"2026-08-10","verificationStatus":"verified"}}},{"type":"Feature","id":"osm-node-10310025767","geometry":{"type":"Point","coordinates":[-79.6639142,43.5512438]},"properties":{"kind":"path-intersection","buildingCode":null,"floor":null,"accessibility":"unknown","metadata":{"source":"OpenStreetMap","sourceUrl":"https://www.openstreetmap.org/node/10310025767","lastVerified":"2026-08-10","verificationStatus":"verified"}}},{"type":"Feature","id":"osm-node-10310025768","geometry":{"type":"Point","coordinates":[-79.6640722,43.5513865]},"properties":{"kind":"path-intersection","buildingCode":null,"floor":null,"accessibility":"unknown","metadata":{"source":"OpenStreetMap","sourceUrl":"https://www.openstreetmap.org/node/10310025768","lastVerified":"2026-08-10","verificationStatus":"verified"}}},{"type":"Feature","id":"osm-node-10310025769","geometry":{"type":"Point","coordinates":[-79.6640755,43.5513878]},"properties":{"kind":"path-intersection","buildingCode":null,"floor":null,"accessibility":"unknown","metadata":{"source":"OpenStreetMap","sourceUrl":"https://www.openstreetmap.org/node/10310025769","lastVerified":"2026-08-10","verificationStatus":"verified"}}},{"type":"Feature","id":"osm-node-10310025770","geometry":{"type":"Point","coordinates":[-79.664419,43.5515404]},"properties":{"kind":"path-intersection","buildingCode":null,"floor":null,"accessibility":"unknown","metadata":{"source":"OpenStreetMap","sourceUrl":"https://www.openstreetmap.org/node/10310025770","lastVerified":"2026-08-10","verificationStatus":"verified"}}},{"type":"Feature","id":"osm-node-10310025771","geometry":{"type":"Point","coordinates":[-79.6634409,43.5512869]},"properties":{"kind":"path-intersection","buildingCode":null,"floor":null,"accessibility":"unknown","metadata":{"source":"OpenStreetMap","sourceUrl":"https://www.openstreetmap.org/node/10310025771","lastVerified":"2026-08-10","verificationStatus":"verified"}}},{"type":"Feature","id":"osm-node-10312293850","geometry":{"type":"Point","coordinates":[-79.6655951,43.5513831]},"properties":{"kind":"path-intersection","buildingCode":null,"floor":null,"accessibility":"unknown","metadata":{"source":"OpenStreetMap","sourceUrl":"https://www.openstreetmap.org/node/10312293850","lastVerified":"2026-08-10","verificationStatus":"verified"}}},{"type":"Feature","id":"osm-node-10312293851","geometry":{"type":"Point","coordinates":[-79.6656143,43.5513532]},"properties":{"kind":"path-intersection","buildingCode":null,"floor":null,"accessibility":"unknown","metadata":{"source":"OpenStreetMap","sourceUrl":"https://www.openstreetmap.org/node/10312293851","lastVerified":"2026-08-10","verificationStatus":"verified"}}},{"type":"Feature","id":"osm-node-10312293852","geometry":{"type":"Point","coordinates":[-79.66566,43.5513686]},"properties":{"kind":"path-intersection","buildingCode":null,"floor":null,"accessibility":"unknown","metadata":{"source":"OpenStreetMap","sourceUrl":"https://www.openstreetmap.org/node/10312293852","lastVerified":"2026-08-10","verificationStatus":"verified"}}},{"type":"Feature","id":"osm-node-10312293856","geometry":{"type":"Point","coordinates":[-79.6657517,43.5506762]},"properties":{"kind":"path-intersection","buildingCode":null,"floor":null,"accessibility":"unknown","metadata":{"source":"OpenStreetMap","sourceUrl":"https://www.openstreetmap.org/node/10312293856","lastVerified":"2026-08-10","verificationStatus":"verified"}}},{"type":"Feature","id":"osm-node-10659969354","geometry":{"type":"Point","coordinates":[-79.663093,43.5494267]},"properties":{"kind":"path-intersection","buildingCode":null,"floor":null,"accessibility":"unknown","metadata":{"source":"OpenStreetMap","sourceUrl":"https://www.openstreetmap.org/node/10659969354","lastVerified":"2026-08-10","verificationStatus":"verified"}}},{"type":"Feature","id":"osm-node-10660027246","geometry":{"type":"Point","coordinates":[-79.6655345,43.5482492]},"properties":{"kind":"path-intersection","buildingCode":null,"floor":null,"accessibility":"unknown","metadata":{"source":"OpenStreetMap","sourceUrl":"https://www.openstreetmap.org/node/10660027246","lastVerified":"2026-08-10","verificationStatus":"verified"}}},{"type":"Feature","id":"osm-node-10660027247","geometry":{"type":"Point","coordinates":[-79.6655647,43.5482524]},"properties":{"kind":"path-intersection","buildingCode":null,"floor":null,"accessibility":"unknown","metadata":{"source":"OpenStreetMap","sourceUrl":"https://www.openstreetmap.org/node/10660027247","lastVerified":"2026-08-10","verificationStatus":"verified"}}},{"type":"Feature","id":"osm-node-10660027248","geometry":{"type":"Point","coordinates":[-79.6656164,43.5483114]},"properties":{"kind":"path-intersection","buildingCode":null,"floor":null,"accessibility":"unknown","metadata":{"source":"OpenStreetMap","sourceUrl":"https://www.openstreetmap.org/node/10660027248","lastVerified":"2026-08-10","verificationStatus":"verified"}}},{"type":"Feature","id":"osm-node-10660027249","geometry":{"type":"Point","coordinates":[-79.66552,43.5483012]},"properties":{"kind":"path-intersection","buildingCode":null,"floor":null,"accessibility":"unknown","metadata":{"source":"OpenStreetMap","sourceUrl":"https://www.openstreetmap.org/node/10660027249","lastVerified":"2026-08-10","verificationStatus":"verified"}}},{"type":"Feature","id":"osm-node-10660027250","geometry":{"type":"Point","coordinates":[-79.6655266,43.5482686]},"properties":{"kind":"path-intersection","buildingCode":null,"floor":null,"accessibility":"unknown","metadata":{"source":"OpenStreetMap","sourceUrl":"https://www.openstreetmap.org/node/10660027250","lastVerified":"2026-08-10","verificationStatus":"verified"}}},{"type":"Feature","id":"osm-node-10660027251","geometry":{"type":"Point","coordinates":[-79.6652859,43.5486029]},"properties":{"kind":"path-intersection","buildingCode":null,"floor":null,"accessibility":"unknown","metadata":{"source":"OpenStreetMap","sourceUrl":"https://www.openstreetmap.org/node/10660027251","lastVerified":"2026-08-10","verificationStatus":"verified"}}},{"type":"Feature","id":"osm-node-10660027252","geometry":{"type":"Point","coordinates":[-79.6653065,43.5485923]},"properties":{"kind":"path-intersection","buildingCode":null,"floor":null,"accessibility":"unknown","metadata":{"source":"OpenStreetMap","sourceUrl":"https://www.openstreetmap.org/node/10660027252","lastVerified":"2026-08-10","verificationStatus":"verified"}}},{"type":"Feature","id":"osm-node-10660027253","geometry":{"type":"Point","coordinates":[-79.6657095,43.5486251]},"properties":{"kind":"path-intersection","buildingCode":null,"floor":null,"accessibility":"unknown","metadata":{"source":"OpenStreetMap","sourceUrl":"https://www.openstreetmap.org/node/10660027253","lastVerified":"2026-08-10","verificationStatus":"verified"}}},{"type":"Feature","id":"osm-node-10660027254","geometry":{"type":"Point","coordinates":[-79.665673,43.548675]},"properties":{"kind":"path-intersection","buildingCode":null,"floor":null,"accessibility":"unknown","metadata":{"source":"OpenStreetMap","sourceUrl":"https://www.openstreetmap.org/node/10660027254","lastVerified":"2026-08-10","verificationStatus":"verified"}}},{"type":"Feature","id":"osm-node-10660027255","geometry":{"type":"Point","coordinates":[-79.665789,43.5485219]},"properties":{"kind":"path-intersection","buildingCode":null,"floor":null,"accessibility":"unknown","metadata":{"source":"OpenStreetMap","sourceUrl":"https://www.openstreetmap.org/node/10660027255","lastVerified":"2026-08-10","verificationStatus":"verified"}}},{"type":"Feature","id":"osm-node-10660027256","geometry":{"type":"Point","coordinates":[-79.6657756,43.5485066]},"properties":{"kind":"path-intersection","buildingCode":null,"floor":null,"accessibility":"unknown","metadata":{"source":"OpenStreetMap","sourceUrl":"https://www.openstreetmap.org/node/10660027256","lastVerified":"2026-08-10","verificationStatus":"verified"}}},{"type":"Feature","id":"osm-node-10660027257","geometry":{"type":"Point","coordinates":[-79.6657886,43.548499]},"properties":{"kind":"path-intersection","buildingCode":null,"floor":null,"accessibility":"unknown","metadata":{"source":"OpenStreetMap","sourceUrl":"https://www.openstreetmap.org/node/10660027257","lastVerified":"2026-08-10","verificationStatus":"verified"}}},{"type":"Feature","id":"osm-node-10660027258","geometry":{"type":"Point","coordinates":[-79.6657987,43.5484878]},"properties":{"kind":"path-intersection","buildingCode":null,"floor":null,"accessibility":"unknown","metadata":{"source":"OpenStreetMap","sourceUrl":"https://www.openstreetmap.org/node/10660027258","lastVerified":"2026-08-10","verificationStatus":"verified"}}},{"type":"Feature","id":"osm-node-10660027259","geometry":{"type":"Point","coordinates":[-79.665799,43.5484718]},"properties":{"kind":"path-intersection","buildingCode":null,"floor":null,"accessibility":"unknown","metadata":{"source":"OpenStreetMap","sourceUrl":"https://www.openstreetmap.org/node/10660027259","lastVerified":"2026-08-10","verificationStatus":"verified"}}},{"type":"Feature","id":"osm-node-10660027260","geometry":{"type":"Point","coordinates":[-79.6657846,43.548458]},"properties":{"kind":"path-intersection","buildingCode":null,"floor":null,"accessibility":"unknown","metadata":{"source":"OpenStreetMap","sourceUrl":"https://www.openstreetmap.org/node/10660027260","lastVerified":"2026-08-10","verificationStatus":"verified"}}},{"type":"Feature","id":"osm-node-10660027261","geometry":{"type":"Point","coordinates":[-79.6657611,43.5484543]},"properties":{"kind":"path-intersection","buildingCode":null,"floor":null,"accessibility":"unknown","metadata":{"source":"OpenStreetMap","sourceUrl":"https://www.openstreetmap.org/node/10660027261","lastVerified":"2026-08-10","verificationStatus":"verified"}}},{"type":"Feature","id":"osm-node-10660027262","geometry":{"type":"Point","coordinates":[-79.6657363,43.5484597]},"properties":{"kind":"path-intersection","buildingCode":null,"floor":null,"accessibility":"unknown","metadata":{"source":"OpenStreetMap","sourceUrl":"https://www.openstreetmap.org/node/10660027262","lastVerified":"2026-08-10","verificationStatus":"verified"}}},{"type":"Feature","id":"osm-node-10660027263","geometry":{"type":"Point","coordinates":[-79.6656301,43.5483262]},"properties":{"kind":"path-intersection","buildingCode":null,"floor":null,"accessibility":"unknown","metadata":{"source":"OpenStreetMap","sourceUrl":"https://www.openstreetmap.org/node/10660027263","lastVerified":"2026-08-10","verificationStatus":"verified"}}},{"type":"Feature","id":"osm-node-10660027264","geometry":{"type":"Point","coordinates":[-79.6655069,43.5483138]},"properties":{"kind":"path-intersection","buildingCode":null,"floor":null,"accessibility":"unknown","metadata":{"source":"OpenStreetMap","sourceUrl":"https://www.openstreetmap.org/node/10660027264","lastVerified":"2026-08-10","verificationStatus":"verified"}}},{"type":"Feature","id":"osm-node-10660027265","geometry":{"type":"Point","coordinates":[-79.6652751,43.5485488]},"properties":{"kind":"path-intersection","buildingCode":null,"floor":null,"accessibility":"unknown","metadata":{"source":"OpenStreetMap","sourceUrl":"https://www.openstreetmap.org/node/10660027265","lastVerified":"2026-08-10","verificationStatus":"verified"}}},{"type":"Feature","id":"osm-node-10660027266","geometry":{"type":"Point","coordinates":[-79.6653149,43.5485552]},"properties":{"kind":"path-intersection","buildingCode":null,"floor":null,"accessibility":"unknown","metadata":{"source":"OpenStreetMap","sourceUrl":"https://www.openstreetmap.org/node/10660027266","lastVerified":"2026-08-10","verificationStatus":"verified"}}},{"type":"Feature","id":"osm-node-10660027267","geometry":{"type":"Point","coordinates":[-79.6653078,43.5485782]},"properties":{"kind":"path-intersection","buildingCode":null,"floor":null,"accessibility":"unknown","metadata":{"source":"OpenStreetMap","sourceUrl":"https://www.openstreetmap.org/node/10660027267","lastVerified":"2026-08-10","verificationStatus":"verified"}}},{"type":"Feature","id":"osm-node-10660027268","geometry":{"type":"Point","coordinates":[-79.6657202,43.5486137]},"properties":{"kind":"path-intersection","buildingCode":null,"floor":null,"accessibility":"unknown","metadata":{"source":"OpenStreetMap","sourceUrl":"https://www.openstreetmap.org/node/10660027268","lastVerified":"2026-08-10","verificationStatus":"verified"}}},{"type":"Feature","id":"osm-node-10660027269","geometry":{"type":"Point","coordinates":[-79.6652229,43.5510813]},"properties":{"kind":"path-intersection","buildingCode":null,"floor":null,"accessibility":"unknown","metadata":{"source":"OpenStreetMap","sourceUrl":"https://www.openstreetmap.org/node/10660027269","lastVerified":"2026-08-10","verificationStatus":"verified"}}},{"type":"Feature","id":"osm-node-10660027278","geometry":{"type":"Point","coordinates":[-79.6656459,43.5502355]},"properties":{"kind":"path-intersection","buildingCode":null,"floor":null,"accessibility":"unknown","metadata":{"source":"OpenStreetMap","sourceUrl":"https://www.openstreetmap.org/node/10660027278","lastVerified":"2026-08-10","verificationStatus":"verified"}}},{"type":"Feature","id":"osm-node-10660027279","geometry":{"type":"Point","coordinates":[-79.6654453,43.5502934]},"properties":{"kind":"path-intersection","buildingCode":null,"floor":null,"accessibility":"unknown","metadata":{"source":"OpenStreetMap","sourceUrl":"https://www.openstreetmap.org/node/10660027279","lastVerified":"2026-08-10","verificationStatus":"verified"}}},{"type":"Feature","id":"osm-node-10660027281","geometry":{"type":"Point","coordinates":[-79.6654622,43.5504472]},"properties":{"kind":"path-intersection","buildingCode":null,"floor":null,"accessibility":"unknown","metadata":{"source":"OpenStreetMap","sourceUrl":"https://www.openstreetmap.org/node/10660027281","lastVerified":"2026-08-10","verificationStatus":"verified"}}},{"type":"Feature","id":"osm-node-10660027282","geometry":{"type":"Point","coordinates":[-79.6654878,43.5504524]},"properties":{"kind":"path-intersection","buildingCode":null,"floor":null,"accessibility":"unknown","metadata":{"source":"OpenStreetMap","sourceUrl":"https://www.openstreetmap.org/node/10660027282","lastVerified":"2026-08-10","verificationStatus":"verified"}}},{"type":"Feature","id":"osm-node-10660027283","geometry":{"type":"Point","coordinates":[-79.6655008,43.5504184]},"properties":{"kind":"path-intersection","buildingCode":null,"floor":null,"accessibility":"unknown","metadata":{"source":"OpenStreetMap","sourceUrl":"https://www.openstreetmap.org/node/10660027283","lastVerified":"2026-08-10","verificationStatus":"verified"}}},{"type":"Feature","id":"osm-node-10660027284","geometry":{"type":"Point","coordinates":[-79.6655057,43.5504194]},"properties":{"kind":"path-intersection","buildingCode":null,"floor":null,"accessibility":"unknown","metadata":{"source":"OpenStreetMap","sourceUrl":"https://www.openstreetmap.org/node/10660027284","lastVerified":"2026-08-10","verificationStatus":"verified"}}},{"type":"Feature","id":"osm-node-10660027285","geometry":{"type":"Point","coordinates":[-79.6655155,43.5503939]},"properties":{"kind":"path-intersection","buildingCode":null,"floor":null,"accessibility":"unknown","metadata":{"source":"OpenStreetMap","sourceUrl":"https://www.openstreetmap.org/node/10660027285","lastVerified":"2026-08-10","verificationStatus":"verified"}}},{"type":"Feature","id":"osm-node-10660027286","geometry":{"type":"Point","coordinates":[-79.6655224,43.5503953]},"properties":{"kind":"path-intersection","buildingCode":null,"floor":null,"accessibility":"unknown","metadata":{"source":"OpenStreetMap","sourceUrl":"https://www.openstreetmap.org/node/10660027286","lastVerified":"2026-08-10","verificationStatus":"verified"}}},{"type":"Feature","id":"osm-node-10660027295","geometry":{"type":"Point","coordinates":[-79.665411,43.551116]},"properties":{"kind":"path-intersection","buildingCode":null,"floor":null,"accessibility":"unknown","metadata":{"source":"OpenStreetMap","sourceUrl":"https://www.openstreetmap.org/node/10660027295","lastVerified":"2026-08-10","verificationStatus":"verified"}}},{"type":"Feature","id":"osm-node-10660027296","geometry":{"type":"Point","coordinates":[-79.6653192,43.5512588]},"properties":{"kind":"path-intersection","buildingCode":null,"floor":null,"accessibility":"unknown","metadata":{"source":"OpenStreetMap","sourceUrl":"https://www.openstreetmap.org/node/10660027296","lastVerified":"2026-08-10","verificationStatus":"verified"}}},{"type":"Feature","id":"osm-node-10660027306","geometry":{"type":"Point","coordinates":[-79.6653806,43.5510384]},"properties":{"kind":"path-intersection","buildingCode":null,"floor":null,"accessibility":"unknown","metadata":{"source":"OpenStreetMap","sourceUrl":"https://www.openstreetmap.org/node/10660027306","lastVerified":"2026-08-10","verificationStatus":"verified"}}},{"type":"Feature","id":"osm-node-10660027307","geometry":{"type":"Point","coordinates":[-79.6654279,43.5510545]},"properties":{"kind":"path-intersection","buildingCode":null,"floor":null,"accessibility":"unknown","metadata":{"source":"OpenStreetMap","sourceUrl":"https://www.openstreetmap.org/node/10660027307","lastVerified":"2026-08-10","verificationStatus":"verified"}}},{"type":"Feature","id":"osm-node-10660027318","geometry":{"type":"Point","coordinates":[-79.6657209,43.5506904]},"properties":{"kind":"path-intersection","buildingCode":null,"floor":null,"accessibility":"unknown","metadata":{"source":"OpenStreetMap","sourceUrl":"https://www.openstreetmap.org/node/10660027318","lastVerified":"2026-08-10","verificationStatus":"verified"}}},{"type":"Feature","id":"osm-node-10660027319","geometry":{"type":"Point","coordinates":[-79.6656364,43.5508228]},"properties":{"kind":"path-intersection","buildingCode":null,"floor":null,"accessibility":"unknown","metadata":{"source":"OpenStreetMap","sourceUrl":"https://www.openstreetmap.org/node/10660027319","lastVerified":"2026-08-10","verificationStatus":"verified"}}},{"type":"Feature","id":"osm-node-10660027320","geometry":{"type":"Point","coordinates":[-79.6655486,43.5507934]},"properties":{"kind":"path-intersection","buildingCode":null,"floor":null,"accessibility":"unknown","metadata":{"source":"OpenStreetMap","sourceUrl":"https://www.openstreetmap.org/node/10660027320","lastVerified":"2026-08-10","verificationStatus":"verified"}}},{"type":"Feature","id":"osm-node-10660027323","geometry":{"type":"Point","coordinates":[-79.6657098,43.5502331]},"properties":{"kind":"path-intersection","buildingCode":null,"floor":null,"accessibility":"unknown","metadata":{"source":"OpenStreetMap","sourceUrl":"https://www.openstreetmap.org/node/10660027323","lastVerified":"2026-08-10","verificationStatus":"verified"}}},{"type":"Feature","id":"osm-node-10660027326","geometry":{"type":"Point","coordinates":[-79.6653944,43.5507303]},"properties":{"kind":"path-intersection","buildingCode":null,"floor":null,"accessibility":"unknown","metadata":{"source":"OpenStreetMap","sourceUrl":"https://www.openstreetmap.org/node/10660027326","lastVerified":"2026-08-10","verificationStatus":"verified"}}},{"type":"Feature","id":"osm-node-10660027327","geometry":{"type":"Point","coordinates":[-79.6654044,43.5507322]},"properties":{"kind":"path-intersection","buildingCode":null,"floor":null,"accessibility":"unknown","metadata":{"source":"OpenStreetMap","sourceUrl":"https://www.openstreetmap.org/node/10660027327","lastVerified":"2026-08-10","verificationStatus":"verified"}}},{"type":"Feature","id":"osm-node-10660027328","geometry":{"type":"Point","coordinates":[-79.6654017,43.5507431]},"properties":{"kind":"path-intersection","buildingCode":null,"floor":null,"accessibility":"unknown","metadata":{"source":"OpenStreetMap","sourceUrl":"https://www.openstreetmap.org/node/10660027328","lastVerified":"2026-08-10","verificationStatus":"verified"}}},{"type":"Feature","id":"osm-node-10660027329","geometry":{"type":"Point","coordinates":[-79.6654855,43.5507708]},"properties":{"kind":"path-intersection","buildingCode":null,"floor":null,"accessibility":"unknown","metadata":{"source":"OpenStreetMap","sourceUrl":"https://www.openstreetmap.org/node/10660027329","lastVerified":"2026-08-10","verificationStatus":"verified"}}},{"type":"Feature","id":"osm-node-10689762878","geometry":{"type":"Point","coordinates":[-79.6618563,43.5493963]},"properties":{"kind":"path-intersection","buildingCode":null,"floor":null,"accessibility":"unknown","metadata":{"source":"OpenStreetMap","sourceUrl":"https://www.openstreetmap.org/node/10689762878","lastVerified":"2026-08-10","verificationStatus":"verified"}}},{"type":"Feature","id":"osm-node-10689762880","geometry":{"type":"Point","coordinates":[-79.6615192,43.5493557]},"properties":{"kind":"path-intersection","buildingCode":null,"floor":null,"accessibility":"unknown","metadata":{"source":"OpenStreetMap","sourceUrl":"https://www.openstreetmap.org/node/10689762880","lastVerified":"2026-08-10","verificationStatus":"verified"}}},{"type":"Feature","id":"osm-node-10689762894","geometry":{"type":"Point","coordinates":[-79.6619339,43.5494057]},"properties":{"kind":"path-intersection","buildingCode":null,"floor":null,"accessibility":"unknown","metadata":{"source":"OpenStreetMap","sourceUrl":"https://www.openstreetmap.org/node/10689762894","lastVerified":"2026-08-10","verificationStatus":"verified"}}},{"type":"Feature","id":"osm-node-10689791055","geometry":{"type":"Point","coordinates":[-79.6633472,43.5512215]},"properties":{"kind":"stairs","buildingCode":null,"floor":null,"accessibility":"not_accessible","metadata":{"source":"OpenStreetMap","sourceUrl":"https://www.openstreetmap.org/node/10689791055","lastVerified":"2026-08-10","verificationStatus":"verified"}}},{"type":"Feature","id":"osm-node-10689791163","geometry":{"type":"Point","coordinates":[-79.6661893,43.5486295]},"properties":{"kind":"path-intersection","buildingCode":null,"floor":null,"accessibility":"unknown","metadata":{"source":"OpenStreetMap","sourceUrl":"https://www.openstreetmap.org/node/10689791163","lastVerified":"2026-08-10","verificationStatus":"verified"}}},{"type":"Feature","id":"osm-node-10689791164","geometry":{"type":"Point","coordinates":[-79.6661762,43.5486451]},"properties":{"kind":"path-intersection","buildingCode":null,"floor":null,"accessibility":"unknown","metadata":{"source":"OpenStreetMap","sourceUrl":"https://www.openstreetmap.org/node/10689791164","lastVerified":"2026-08-10","verificationStatus":"verified"}}},{"type":"Feature","id":"osm-node-10689791165","geometry":{"type":"Point","coordinates":[-79.6664504,43.5488374]},"properties":{"kind":"path-intersection","buildingCode":null,"floor":null,"accessibility":"unknown","metadata":{"source":"OpenStreetMap","sourceUrl":"https://www.openstreetmap.org/node/10689791165","lastVerified":"2026-08-10","verificationStatus":"verified"}}},{"type":"Feature","id":"osm-node-10689791170","geometry":{"type":"Point","coordinates":[-79.666443,43.548844]},"properties":{"kind":"path-intersection","buildingCode":null,"floor":null,"accessibility":"unknown","metadata":{"source":"OpenStreetMap","sourceUrl":"https://www.openstreetmap.org/node/10689791170","lastVerified":"2026-08-10","verificationStatus":"verified"}}},{"type":"Feature","id":"osm-node-10689791179","geometry":{"type":"Point","coordinates":[-79.6658362,43.5488664]},"properties":{"kind":"path-intersection","buildingCode":null,"floor":null,"accessibility":"unknown","metadata":{"source":"OpenStreetMap","sourceUrl":"https://www.openstreetmap.org/node/10689791179","lastVerified":"2026-08-10","verificationStatus":"verified"}}},{"type":"Feature","id":"osm-node-10689791181","geometry":{"type":"Point","coordinates":[-79.6657107,43.5488138]},"properties":{"kind":"path-intersection","buildingCode":null,"floor":null,"accessibility":"unknown","metadata":{"source":"OpenStreetMap","sourceUrl":"https://www.openstreetmap.org/node/10689791181","lastVerified":"2026-08-10","verificationStatus":"verified"}}},{"type":"Feature","id":"osm-node-10689791183","geometry":{"type":"Point","coordinates":[-79.665658,43.5488222]},"properties":{"kind":"path-intersection","buildingCode":null,"floor":null,"accessibility":"unknown","metadata":{"source":"OpenStreetMap","sourceUrl":"https://www.openstreetmap.org/node/10689791183","lastVerified":"2026-08-10","verificationStatus":"verified"}}},{"type":"Feature","id":"osm-node-10689791187","geometry":{"type":"Point","coordinates":[-79.6656661,43.548794]},"properties":{"kind":"path-intersection","buildingCode":null,"floor":null,"accessibility":"unknown","metadata":{"source":"OpenStreetMap","sourceUrl":"https://www.openstreetmap.org/node/10689791187","lastVerified":"2026-08-10","verificationStatus":"verified"}}},{"type":"Feature","id":"osm-node-10689791188","geometry":{"type":"Point","coordinates":[-79.6656701,43.5487801]},"properties":{"kind":"path-intersection","buildingCode":null,"floor":null,"accessibility":"unknown","metadata":{"source":"OpenStreetMap","sourceUrl":"https://www.openstreetmap.org/node/10689791188","lastVerified":"2026-08-10","verificationStatus":"verified"}}},{"type":"Feature","id":"osm-node-10689791200","geometry":{"type":"Point","coordinates":[-79.663139,43.5510124]},"properties":{"kind":"path-intersection","buildingCode":null,"floor":null,"accessibility":"unknown","metadata":{"source":"OpenStreetMap","sourceUrl":"https://www.openstreetmap.org/node/10689791200","lastVerified":"2026-08-10","verificationStatus":"verified"}}},{"type":"Feature","id":"osm-node-10689791201","geometry":{"type":"Point","coordinates":[-79.6632332,43.5510253]},"properties":{"kind":"path-intersection","buildingCode":null,"floor":null,"accessibility":"unknown","metadata":{"source":"OpenStreetMap","sourceUrl":"https://www.openstreetmap.org/node/10689791201","lastVerified":"2026-08-10","verificationStatus":"verified"}}},{"type":"Feature","id":"osm-node-10689791202","geometry":{"type":"Point","coordinates":[-79.6632935,43.550706]},"properties":{"kind":"path-intersection","buildingCode":null,"floor":null,"accessibility":"unknown","metadata":{"source":"OpenStreetMap","sourceUrl":"https://www.openstreetmap.org/node/10689791202","lastVerified":"2026-08-10","verificationStatus":"verified"}}},{"type":"Feature","id":"osm-node-10689791204","geometry":{"type":"Point","coordinates":[-79.6632951,43.5510724]},"properties":{"kind":"path-intersection","buildingCode":null,"floor":null,"accessibility":"unknown","metadata":{"source":"OpenStreetMap","sourceUrl":"https://www.openstreetmap.org/node/10689791204","lastVerified":"2026-08-10","verificationStatus":"verified"}}},{"type":"Feature","id":"osm-node-10689791205","geometry":{"type":"Point","coordinates":[-79.6633854,43.5507176]},"properties":{"kind":"path-intersection","buildingCode":null,"floor":null,"accessibility":"unknown","metadata":{"source":"OpenStreetMap","sourceUrl":"https://www.openstreetmap.org/node/10689791205","lastVerified":"2026-08-10","verificationStatus":"verified"}}},{"type":"Feature","id":"osm-node-10689791210","geometry":{"type":"Point","coordinates":[-79.6640749,43.551206]},"properties":{"kind":"path-intersection","buildingCode":null,"floor":null,"accessibility":"unknown","metadata":{"source":"OpenStreetMap","sourceUrl":"https://www.openstreetmap.org/node/10689791210","lastVerified":"2026-08-10","verificationStatus":"verified"}}},{"type":"Feature","id":"osm-node-10689791211","geometry":{"type":"Point","coordinates":[-79.6639404,43.5512084]},"properties":{"kind":"path-intersection","buildingCode":null,"floor":null,"accessibility":"unknown","metadata":{"source":"OpenStreetMap","sourceUrl":"https://www.openstreetmap.org/node/10689791211","lastVerified":"2026-08-10","verificationStatus":"verified"}}},{"type":"Feature","id":"osm-node-10689791217","geometry":{"type":"Point","coordinates":[-79.6629276,43.551076]},"properties":{"kind":"path-intersection","buildingCode":null,"floor":null,"accessibility":"unknown","metadata":{"source":"OpenStreetMap","sourceUrl":"https://www.openstreetmap.org/node/10689791217","lastVerified":"2026-08-10","verificationStatus":"verified"}}},{"type":"Feature","id":"osm-node-10689791292","geometry":{"type":"Point","coordinates":[-79.661198,43.5485841]},"properties":{"kind":"path-intersection","buildingCode":null,"floor":null,"accessibility":"unknown","metadata":{"source":"OpenStreetMap","sourceUrl":"https://www.openstreetmap.org/node/10689791292","lastVerified":"2026-08-10","verificationStatus":"verified"}}},{"type":"Feature","id":"osm-node-10969705463","geometry":{"type":"Point","coordinates":[-79.6585521,43.551419]},"properties":{"kind":"path-intersection","buildingCode":null,"floor":null,"accessibility":"unknown","metadata":{"source":"OpenStreetMap","sourceUrl":"https://www.openstreetmap.org/node/10969705463","lastVerified":"2026-08-10","verificationStatus":"verified"}}},{"type":"Feature","id":"osm-node-10969705464","geometry":{"type":"Point","coordinates":[-79.6581633,43.5511498]},"properties":{"kind":"path-intersection","buildingCode":null,"floor":null,"accessibility":"unknown","metadata":{"source":"OpenStreetMap","sourceUrl":"https://www.openstreetmap.org/node/10969705464","lastVerified":"2026-08-10","verificationStatus":"verified"}}},{"type":"Feature","id":"osm-node-10969705465","geometry":{"type":"Point","coordinates":[-79.6583638,43.5513034]},"properties":{"kind":"path-intersection","buildingCode":null,"floor":null,"accessibility":"unknown","metadata":{"source":"OpenStreetMap","sourceUrl":"https://www.openstreetmap.org/node/10969705465","lastVerified":"2026-08-10","verificationStatus":"verified"}}},{"type":"Feature","id":"osm-node-10969705467","geometry":{"type":"Point","coordinates":[-79.6576291,43.550805]},"properties":{"kind":"path-intersection","buildingCode":null,"floor":null,"accessibility":"unknown","metadata":{"source":"OpenStreetMap","sourceUrl":"https://www.openstreetmap.org/node/10969705467","lastVerified":"2026-08-10","verificationStatus":"verified"}}},{"type":"Feature","id":"osm-node-10969705468","geometry":{"type":"Point","coordinates":[-79.6575906,43.5506092]},"properties":{"kind":"path-intersection","buildingCode":null,"floor":null,"accessibility":"unknown","metadata":{"source":"OpenStreetMap","sourceUrl":"https://www.openstreetmap.org/node/10969705468","lastVerified":"2026-08-10","verificationStatus":"verified"}}},{"type":"Feature","id":"osm-node-10969705469","geometry":{"type":"Point","coordinates":[-79.6574328,43.5503528]},"properties":{"kind":"path-intersection","buildingCode":null,"floor":null,"accessibility":"unknown","metadata":{"source":"OpenStreetMap","sourceUrl":"https://www.openstreetmap.org/node/10969705469","lastVerified":"2026-08-10","verificationStatus":"verified"}}},{"type":"Feature","id":"osm-node-10969705470","geometry":{"type":"Point","coordinates":[-79.6573767,43.5501849]},"properties":{"kind":"path-intersection","buildingCode":null,"floor":null,"accessibility":"unknown","metadata":{"source":"OpenStreetMap","sourceUrl":"https://www.openstreetmap.org/node/10969705470","lastVerified":"2026-08-10","verificationStatus":"verified"}}},{"type":"Feature","id":"osm-node-10969705471","geometry":{"type":"Point","coordinates":[-79.6573581,43.5500299]},"properties":{"kind":"path-intersection","buildingCode":null,"floor":null,"accessibility":"unknown","metadata":{"source":"OpenStreetMap","sourceUrl":"https://www.openstreetmap.org/node/10969705471","lastVerified":"2026-08-10","verificationStatus":"verified"}}},{"type":"Feature","id":"osm-node-10969705478","geometry":{"type":"Point","coordinates":[-79.6572055,43.5487841]},"properties":{"kind":"path-intersection","buildingCode":null,"floor":null,"accessibility":"unknown","metadata":{"source":"OpenStreetMap","sourceUrl":"https://www.openstreetmap.org/node/10969705478","lastVerified":"2026-08-10","verificationStatus":"verified"}}},{"type":"Feature","id":"osm-node-10969705479","geometry":{"type":"Point","coordinates":[-79.6575659,43.5482326]},"properties":{"kind":"path-intersection","buildingCode":null,"floor":null,"accessibility":"unknown","metadata":{"source":"OpenStreetMap","sourceUrl":"https://www.openstreetmap.org/node/10969705479","lastVerified":"2026-08-10","verificationStatus":"verified"}}},{"type":"Feature","id":"osm-node-10969705480","geometry":{"type":"Point","coordinates":[-79.6576339,43.5477412]},"properties":{"kind":"path-intersection","buildingCode":null,"floor":null,"accessibility":"unknown","metadata":{"source":"OpenStreetMap","sourceUrl":"https://www.openstreetmap.org/node/10969705480","lastVerified":"2026-08-10","verificationStatus":"verified"}}},{"type":"Feature","id":"osm-node-10969705482","geometry":{"type":"Point","coordinates":[-79.6583014,43.5470198]},"properties":{"kind":"path-intersection","buildingCode":null,"floor":null,"accessibility":"unknown","metadata":{"source":"OpenStreetMap","sourceUrl":"https://www.openstreetmap.org/node/10969705482","lastVerified":"2026-08-10","verificationStatus":"verified"}}},{"type":"Feature","id":"osm-node-10969705483","geometry":{"type":"Point","coordinates":[-79.6583715,43.5469763]},"properties":{"kind":"path-intersection","buildingCode":null,"floor":null,"accessibility":"unknown","metadata":{"source":"OpenStreetMap","sourceUrl":"https://www.openstreetmap.org/node/10969705483","lastVerified":"2026-08-10","verificationStatus":"verified"}}},{"type":"Feature","id":"osm-node-10969705484","geometry":{"type":"Point","coordinates":[-79.6584694,43.5469314]},"properties":{"kind":"path-intersection","buildingCode":null,"floor":null,"accessibility":"unknown","metadata":{"source":"OpenStreetMap","sourceUrl":"https://www.openstreetmap.org/node/10969705484","lastVerified":"2026-08-10","verificationStatus":"verified"}}},{"type":"Feature","id":"osm-node-10969705485","geometry":{"type":"Point","coordinates":[-79.658554,43.5468804]},"properties":{"kind":"path-intersection","buildingCode":null,"floor":null,"accessibility":"unknown","metadata":{"source":"OpenStreetMap","sourceUrl":"https://www.openstreetmap.org/node/10969705485","lastVerified":"2026-08-10","verificationStatus":"verified"}}},{"type":"Feature","id":"osm-node-10969705486","geometry":{"type":"Point","coordinates":[-79.6586592,43.5468578]},"properties":{"kind":"path-intersection","buildingCode":null,"floor":null,"accessibility":"unknown","metadata":{"source":"OpenStreetMap","sourceUrl":"https://www.openstreetmap.org/node/10969705486","lastVerified":"2026-08-10","verificationStatus":"verified"}}},{"type":"Feature","id":"osm-node-10969861908","geometry":{"type":"Point","coordinates":[-79.6591449,43.55174]},"properties":{"kind":"path-intersection","buildingCode":null,"floor":null,"accessibility":"unknown","metadata":{"source":"OpenStreetMap","sourceUrl":"https://www.openstreetmap.org/node/10969861908","lastVerified":"2026-08-10","verificationStatus":"verified"}}},{"type":"Feature","id":"osm-node-10969861909","geometry":{"type":"Point","coordinates":[-79.6595298,43.5518795]},"properties":{"kind":"path-intersection","buildingCode":null,"floor":null,"accessibility":"unknown","metadata":{"source":"OpenStreetMap","sourceUrl":"https://www.openstreetmap.org/node/10969861909","lastVerified":"2026-08-10","verificationStatus":"verified"}}},{"type":"Feature","id":"osm-node-10969861910","geometry":{"type":"Point","coordinates":[-79.6598038,43.5520868]},"properties":{"kind":"path-intersection","buildingCode":null,"floor":null,"accessibility":"unknown","metadata":{"source":"OpenStreetMap","sourceUrl":"https://www.openstreetmap.org/node/10969861910","lastVerified":"2026-08-10","verificationStatus":"verified"}}},{"type":"Feature","id":"osm-node-10969861912","geometry":{"type":"Point","coordinates":[-79.6629879,43.5535973]},"properties":{"kind":"path-intersection","buildingCode":null,"floor":null,"accessibility":"unknown","metadata":{"source":"OpenStreetMap","sourceUrl":"https://www.openstreetmap.org/node/10969861912","lastVerified":"2026-08-10","verificationStatus":"verified"}}},{"type":"Feature","id":"osm-node-10969861913","geometry":{"type":"Point","coordinates":[-79.6650123,43.554758]},"properties":{"kind":"path-intersection","buildingCode":null,"floor":null,"accessibility":"unknown","metadata":{"source":"OpenStreetMap","sourceUrl":"https://www.openstreetmap.org/node/10969861913","lastVerified":"2026-08-10","verificationStatus":"verified"}}},{"type":"Feature","id":"osm-node-10969861914","geometry":{"type":"Point","coordinates":[-79.6659298,43.5552118]},"properties":{"kind":"path-intersection","buildingCode":null,"floor":null,"accessibility":"unknown","metadata":{"source":"OpenStreetMap","sourceUrl":"https://www.openstreetmap.org/node/10969861914","lastVerified":"2026-08-10","verificationStatus":"verified"}}},{"type":"Feature","id":"osm-node-10969861915","geometry":{"type":"Point","coordinates":[-79.6666819,43.5553641]},"properties":{"kind":"path-intersection","buildingCode":null,"floor":null,"accessibility":"unknown","metadata":{"source":"OpenStreetMap","sourceUrl":"https://www.openstreetmap.org/node/10969861915","lastVerified":"2026-08-10","verificationStatus":"verified"}}},{"type":"Feature","id":"osm-node-10969861916","geometry":{"type":"Point","coordinates":[-79.6696781,43.5523374]},"properties":{"kind":"path-intersection","buildingCode":null,"floor":null,"accessibility":"unknown","metadata":{"source":"OpenStreetMap","sourceUrl":"https://www.openstreetmap.org/node/10969861916","lastVerified":"2026-08-10","verificationStatus":"verified"}}},{"type":"Feature","id":"osm-node-10969861917","geometry":{"type":"Point","coordinates":[-79.6691901,43.5520596]},"properties":{"kind":"path-intersection","buildingCode":null,"floor":null,"accessibility":"unknown","metadata":{"source":"OpenStreetMap","sourceUrl":"https://www.openstreetmap.org/node/10969861917","lastVerified":"2026-08-10","verificationStatus":"verified"}}},{"type":"Feature","id":"osm-node-10969861918","geometry":{"type":"Point","coordinates":[-79.6690849,43.5519253]},"properties":{"kind":"path-intersection","buildingCode":null,"floor":null,"accessibility":"unknown","metadata":{"source":"OpenStreetMap","sourceUrl":"https://www.openstreetmap.org/node/10969861918","lastVerified":"2026-08-10","verificationStatus":"verified"}}},{"type":"Feature","id":"osm-node-10969861919","geometry":{"type":"Point","coordinates":[-79.6684317,43.5514208]},"properties":{"kind":"path-intersection","buildingCode":null,"floor":null,"accessibility":"unknown","metadata":{"source":"OpenStreetMap","sourceUrl":"https://www.openstreetmap.org/node/10969861919","lastVerified":"2026-08-10","verificationStatus":"verified"}}},{"type":"Feature","id":"osm-node-10969861920","geometry":{"type":"Point","coordinates":[-79.6677292,43.5508694]},"properties":{"kind":"path-intersection","buildingCode":null,"floor":null,"accessibility":"unknown","metadata":{"source":"OpenStreetMap","sourceUrl":"https://www.openstreetmap.org/node/10969861920","lastVerified":"2026-08-10","verificationStatus":"verified"}}},{"type":"Feature","id":"osm-node-10969861921","geometry":{"type":"Point","coordinates":[-79.6674765,43.5506876]},"properties":{"kind":"path-intersection","buildingCode":null,"floor":null,"accessibility":"unknown","metadata":{"source":"OpenStreetMap","sourceUrl":"https://www.openstreetmap.org/node/10969861921","lastVerified":"2026-08-10","verificationStatus":"verified"}}},{"type":"Feature","id":"osm-node-10969861922","geometry":{"type":"Point","coordinates":[-79.6688056,43.5516901]},"properties":{"kind":"path-intersection","buildingCode":null,"floor":null,"accessibility":"unknown","metadata":{"source":"OpenStreetMap","sourceUrl":"https://www.openstreetmap.org/node/10969861922","lastVerified":"2026-08-10","verificationStatus":"verified"}}},{"type":"Feature","id":"osm-node-10969861923","geometry":{"type":"Point","coordinates":[-79.6672309,43.5505262]},"properties":{"kind":"path-intersection","buildingCode":null,"floor":null,"accessibility":"unknown","metadata":{"source":"OpenStreetMap","sourceUrl":"https://www.openstreetmap.org/node/10969861923","lastVerified":"2026-08-10","verificationStatus":"verified"}}},{"type":"Feature","id":"osm-node-10969861925","geometry":{"type":"Point","coordinates":[-79.6675243,43.5505127]},"properties":{"kind":"path-intersection","buildingCode":null,"floor":null,"accessibility":"unknown","metadata":{"source":"OpenStreetMap","sourceUrl":"https://www.openstreetmap.org/node/10969861925","lastVerified":"2026-08-10","verificationStatus":"verified"}}},{"type":"Feature","id":"osm-node-10969861926","geometry":{"type":"Point","coordinates":[-79.6678041,43.5502574]},"properties":{"kind":"path-intersection","buildingCode":null,"floor":null,"accessibility":"unknown","metadata":{"source":"OpenStreetMap","sourceUrl":"https://www.openstreetmap.org/node/10969861926","lastVerified":"2026-08-10","verificationStatus":"verified"}}},{"type":"Feature","id":"osm-node-10969861927","geometry":{"type":"Point","coordinates":[-79.6681598,43.5499438]},"properties":{"kind":"path-intersection","buildingCode":null,"floor":null,"accessibility":"unknown","metadata":{"source":"OpenStreetMap","sourceUrl":"https://www.openstreetmap.org/node/10969861927","lastVerified":"2026-08-10","verificationStatus":"verified"}}},{"type":"Feature","id":"osm-node-10969861928","geometry":{"type":"Point","coordinates":[-79.668614,43.5495088]},"properties":{"kind":"path-intersection","buildingCode":null,"floor":null,"accessibility":"unknown","metadata":{"source":"OpenStreetMap","sourceUrl":"https://www.openstreetmap.org/node/10969861928","lastVerified":"2026-08-10","verificationStatus":"verified"}}},{"type":"Feature","id":"osm-node-10969861929","geometry":{"type":"Point","coordinates":[-79.6689158,43.5492388]},"properties":{"kind":"path-intersection","buildingCode":null,"floor":null,"accessibility":"unknown","metadata":{"source":"OpenStreetMap","sourceUrl":"https://www.openstreetmap.org/node/10969861929","lastVerified":"2026-08-10","verificationStatus":"verified"}}},{"type":"Feature","id":"osm-node-10969861930","geometry":{"type":"Point","coordinates":[-79.6690266,43.5492043]},"properties":{"kind":"path-intersection","buildingCode":null,"floor":null,"accessibility":"unknown","metadata":{"source":"OpenStreetMap","sourceUrl":"https://www.openstreetmap.org/node/10969861930","lastVerified":"2026-08-10","verificationStatus":"verified"}}},{"type":"Feature","id":"osm-node-10969861931","geometry":{"type":"Point","coordinates":[-79.6692673,43.5491804]},"properties":{"kind":"path-intersection","buildingCode":null,"floor":null,"accessibility":"unknown","metadata":{"source":"OpenStreetMap","sourceUrl":"https://www.openstreetmap.org/node/10969861931","lastVerified":"2026-08-10","verificationStatus":"verified"}}},{"type":"Feature","id":"osm-node-10971046504","geometry":{"type":"Point","coordinates":[-79.6680094,43.5453643]},"properties":{"kind":"path-intersection","buildingCode":null,"floor":null,"accessibility":"unknown","metadata":{"source":"OpenStreetMap","sourceUrl":"https://www.openstreetmap.org/node/10971046504","lastVerified":"2026-08-10","verificationStatus":"verified"}}},{"type":"Feature","id":"osm-node-10971072905","geometry":{"type":"Point","coordinates":[-79.6681541,43.5452146]},"properties":{"kind":"path-intersection","buildingCode":null,"floor":null,"accessibility":"unknown","metadata":{"source":"OpenStreetMap","sourceUrl":"https://www.openstreetmap.org/node/10971072905","lastVerified":"2026-08-10","verificationStatus":"verified"}}},{"type":"Feature","id":"osm-node-11137996025","geometry":{"type":"Point","coordinates":[-79.6772725,43.5457689]},"properties":{"kind":"path-intersection","buildingCode":null,"floor":null,"accessibility":"unknown","metadata":{"source":"OpenStreetMap","sourceUrl":"https://www.openstreetmap.org/node/11137996025","lastVerified":"2026-08-10","verificationStatus":"verified"}}},{"type":"Feature","id":"osm-node-11137996026","geometry":{"type":"Point","coordinates":[-79.6771897,43.5454315]},"properties":{"kind":"path-intersection","buildingCode":null,"floor":null,"accessibility":"unknown","metadata":{"source":"OpenStreetMap","sourceUrl":"https://www.openstreetmap.org/node/11137996026","lastVerified":"2026-08-10","verificationStatus":"verified"}}},{"type":"Feature","id":"osm-node-11137996028","geometry":{"type":"Point","coordinates":[-79.6768348,43.5454693]},"properties":{"kind":"path-intersection","buildingCode":null,"floor":null,"accessibility":"unknown","metadata":{"source":"OpenStreetMap","sourceUrl":"https://www.openstreetmap.org/node/11137996028","lastVerified":"2026-08-10","verificationStatus":"verified"}}},{"type":"Feature","id":"osm-node-11137996029","geometry":{"type":"Point","coordinates":[-79.6766554,43.5454951]},"properties":{"kind":"path-intersection","buildingCode":null,"floor":null,"accessibility":"unknown","metadata":{"source":"OpenStreetMap","sourceUrl":"https://www.openstreetmap.org/node/11137996029","lastVerified":"2026-08-10","verificationStatus":"verified"}}},{"type":"Feature","id":"osm-node-11137996030","geometry":{"type":"Point","coordinates":[-79.6765031,43.5455223]},"properties":{"kind":"path-intersection","buildingCode":null,"floor":null,"accessibility":"unknown","metadata":{"source":"OpenStreetMap","sourceUrl":"https://www.openstreetmap.org/node/11137996030","lastVerified":"2026-08-10","verificationStatus":"verified"}}},{"type":"Feature","id":"osm-node-11137996031","geometry":{"type":"Point","coordinates":[-79.6763073,43.5455794]},"properties":{"kind":"path-intersection","buildingCode":null,"floor":null,"accessibility":"unknown","metadata":{"source":"OpenStreetMap","sourceUrl":"https://www.openstreetmap.org/node/11137996031","lastVerified":"2026-08-10","verificationStatus":"verified"}}},{"type":"Feature","id":"osm-node-11137996032","geometry":{"type":"Point","coordinates":[-79.67613,43.5456517]},"properties":{"kind":"path-intersection","buildingCode":null,"floor":null,"accessibility":"unknown","metadata":{"source":"OpenStreetMap","sourceUrl":"https://www.openstreetmap.org/node/11137996032","lastVerified":"2026-08-10","verificationStatus":"verified"}}},{"type":"Feature","id":"osm-node-11137996033","geometry":{"type":"Point","coordinates":[-79.6759914,43.5457125]},"properties":{"kind":"path-intersection","buildingCode":null,"floor":null,"accessibility":"unknown","metadata":{"source":"OpenStreetMap","sourceUrl":"https://www.openstreetmap.org/node/11137996033","lastVerified":"2026-08-10","verificationStatus":"verified"}}},{"type":"Feature","id":"osm-node-11137996034","geometry":{"type":"Point","coordinates":[-79.6755042,43.5459706]},"properties":{"kind":"path-intersection","buildingCode":null,"floor":null,"accessibility":"unknown","metadata":{"source":"OpenStreetMap","sourceUrl":"https://www.openstreetmap.org/node/11137996034","lastVerified":"2026-08-10","verificationStatus":"verified"}}},{"type":"Feature","id":"osm-node-11137996035","geometry":{"type":"Point","coordinates":[-79.6751327,43.5461661]},"properties":{"kind":"path-intersection","buildingCode":null,"floor":null,"accessibility":"unknown","metadata":{"source":"OpenStreetMap","sourceUrl":"https://www.openstreetmap.org/node/11137996035","lastVerified":"2026-08-10","verificationStatus":"verified"}}},{"type":"Feature","id":"osm-node-11137996036","geometry":{"type":"Point","coordinates":[-79.6749997,43.546225]},"properties":{"kind":"path-intersection","buildingCode":null,"floor":null,"accessibility":"unknown","metadata":{"source":"OpenStreetMap","sourceUrl":"https://www.openstreetmap.org/node/11137996036","lastVerified":"2026-08-10","verificationStatus":"verified"}}},{"type":"Feature","id":"osm-node-11137996037","geometry":{"type":"Point","coordinates":[-79.6748252,43.5462879]},"properties":{"kind":"path-intersection","buildingCode":null,"floor":null,"accessibility":"unknown","metadata":{"source":"OpenStreetMap","sourceUrl":"https://www.openstreetmap.org/node/11137996037","lastVerified":"2026-08-10","verificationStatus":"verified"}}},{"type":"Feature","id":"osm-node-11137996038","geometry":{"type":"Point","coordinates":[-79.6746678,43.5463338]},"properties":{"kind":"path-intersection","buildingCode":null,"floor":null,"accessibility":"unknown","metadata":{"source":"OpenStreetMap","sourceUrl":"https://www.openstreetmap.org/node/11137996038","lastVerified":"2026-08-10","verificationStatus":"verified"}}},{"type":"Feature","id":"osm-node-11137996039","geometry":{"type":"Point","coordinates":[-79.6744994,43.5463713]},"properties":{"kind":"path-intersection","buildingCode":null,"floor":null,"accessibility":"unknown","metadata":{"source":"OpenStreetMap","sourceUrl":"https://www.openstreetmap.org/node/11137996039","lastVerified":"2026-08-10","verificationStatus":"verified"}}},{"type":"Feature","id":"osm-node-11137996040","geometry":{"type":"Point","coordinates":[-79.6742965,43.546403]},"properties":{"kind":"path-intersection","buildingCode":null,"floor":null,"accessibility":"unknown","metadata":{"source":"OpenStreetMap","sourceUrl":"https://www.openstreetmap.org/node/11137996040","lastVerified":"2026-08-10","verificationStatus":"verified"}}},{"type":"Feature","id":"osm-node-11137996041","geometry":{"type":"Point","coordinates":[-79.6741107,43.5464207]},"properties":{"kind":"path-intersection","buildingCode":null,"floor":null,"accessibility":"unknown","metadata":{"source":"OpenStreetMap","sourceUrl":"https://www.openstreetmap.org/node/11137996041","lastVerified":"2026-08-10","verificationStatus":"verified"}}},{"type":"Feature","id":"osm-node-11137996042","geometry":{"type":"Point","coordinates":[-79.6738837,43.5464259]},"properties":{"kind":"path-intersection","buildingCode":null,"floor":null,"accessibility":"unknown","metadata":{"source":"OpenStreetMap","sourceUrl":"https://www.openstreetmap.org/node/11137996042","lastVerified":"2026-08-10","verificationStatus":"verified"}}},{"type":"Feature","id":"osm-node-11137996044","geometry":{"type":"Point","coordinates":[-79.6737186,43.5464191]},"properties":{"kind":"path-intersection","buildingCode":null,"floor":null,"accessibility":"unknown","metadata":{"source":"OpenStreetMap","sourceUrl":"https://www.openstreetmap.org/node/11137996044","lastVerified":"2026-08-10","verificationStatus":"verified"}}},{"type":"Feature","id":"osm-node-11137996045","geometry":{"type":"Point","coordinates":[-79.6735918,43.5464059]},"properties":{"kind":"path-intersection","buildingCode":null,"floor":null,"accessibility":"unknown","metadata":{"source":"OpenStreetMap","sourceUrl":"https://www.openstreetmap.org/node/11137996045","lastVerified":"2026-08-10","verificationStatus":"verified"}}},{"type":"Feature","id":"osm-node-11137996046","geometry":{"type":"Point","coordinates":[-79.6734679,43.5463911]},"properties":{"kind":"path-intersection","buildingCode":null,"floor":null,"accessibility":"unknown","metadata":{"source":"OpenStreetMap","sourceUrl":"https://www.openstreetmap.org/node/11137996046","lastVerified":"2026-08-10","verificationStatus":"verified"}}},{"type":"Feature","id":"osm-node-11137996047","geometry":{"type":"Point","coordinates":[-79.673304,43.5463612]},"properties":{"kind":"path-intersection","buildingCode":null,"floor":null,"accessibility":"unknown","metadata":{"source":"OpenStreetMap","sourceUrl":"https://www.openstreetmap.org/node/11137996047","lastVerified":"2026-08-10","verificationStatus":"verified"}}},{"type":"Feature","id":"osm-node-11137996048","geometry":{"type":"Point","coordinates":[-79.6731105,43.5463129]},"properties":{"kind":"path-intersection","buildingCode":null,"floor":null,"accessibility":"unknown","metadata":{"source":"OpenStreetMap","sourceUrl":"https://www.openstreetmap.org/node/11137996048","lastVerified":"2026-08-10","verificationStatus":"verified"}}},{"type":"Feature","id":"osm-node-11137996049","geometry":{"type":"Point","coordinates":[-79.6729177,43.5462479]},"properties":{"kind":"path-intersection","buildingCode":null,"floor":null,"accessibility":"unknown","metadata":{"source":"OpenStreetMap","sourceUrl":"https://www.openstreetmap.org/node/11137996049","lastVerified":"2026-08-10","verificationStatus":"verified"}}},{"type":"Feature","id":"osm-node-11137996050","geometry":{"type":"Point","coordinates":[-79.6727993,43.5461996]},"properties":{"kind":"path-intersection","buildingCode":null,"floor":null,"accessibility":"unknown","metadata":{"source":"OpenStreetMap","sourceUrl":"https://www.openstreetmap.org/node/11137996050","lastVerified":"2026-08-10","verificationStatus":"verified"}}},{"type":"Feature","id":"osm-node-11137996051","geometry":{"type":"Point","coordinates":[-79.6726802,43.5461402]},"properties":{"kind":"path-intersection","buildingCode":null,"floor":null,"accessibility":"unknown","metadata":{"source":"OpenStreetMap","sourceUrl":"https://www.openstreetmap.org/node/11137996051","lastVerified":"2026-08-10","verificationStatus":"verified"}}},{"type":"Feature","id":"osm-node-11137996052","geometry":{"type":"Point","coordinates":[-79.6717799,43.5456674]},"properties":{"kind":"path-intersection","buildingCode":null,"floor":null,"accessibility":"unknown","metadata":{"source":"OpenStreetMap","sourceUrl":"https://www.openstreetmap.org/node/11137996052","lastVerified":"2026-08-10","verificationStatus":"verified"}}},{"type":"Feature","id":"osm-node-11137996053","geometry":{"type":"Point","coordinates":[-79.6715715,43.5455642]},"properties":{"kind":"path-intersection","buildingCode":null,"floor":null,"accessibility":"unknown","metadata":{"source":"OpenStreetMap","sourceUrl":"https://www.openstreetmap.org/node/11137996053","lastVerified":"2026-08-10","verificationStatus":"verified"}}},{"type":"Feature","id":"osm-node-11137996054","geometry":{"type":"Point","coordinates":[-79.6713652,43.5454768]},"properties":{"kind":"path-intersection","buildingCode":null,"floor":null,"accessibility":"unknown","metadata":{"source":"OpenStreetMap","sourceUrl":"https://www.openstreetmap.org/node/11137996054","lastVerified":"2026-08-10","verificationStatus":"verified"}}},{"type":"Feature","id":"osm-node-11137996055","geometry":{"type":"Point","coordinates":[-79.6712013,43.5454152]},"properties":{"kind":"path-intersection","buildingCode":null,"floor":null,"accessibility":"unknown","metadata":{"source":"OpenStreetMap","sourceUrl":"https://www.openstreetmap.org/node/11137996055","lastVerified":"2026-08-10","verificationStatus":"verified"}}},{"type":"Feature","id":"osm-node-11137996056","geometry":{"type":"Point","coordinates":[-79.6710337,43.5453585]},"properties":{"kind":"path-intersection","buildingCode":null,"floor":null,"accessibility":"unknown","metadata":{"source":"OpenStreetMap","sourceUrl":"https://www.openstreetmap.org/node/11137996056","lastVerified":"2026-08-10","verificationStatus":"verified"}}},{"type":"Feature","id":"osm-node-11137996057","geometry":{"type":"Point","coordinates":[-79.670674,43.5452721]},"properties":{"kind":"path-intersection","buildingCode":null,"floor":null,"accessibility":"unknown","metadata":{"source":"OpenStreetMap","sourceUrl":"https://www.openstreetmap.org/node/11137996057","lastVerified":"2026-08-10","verificationStatus":"verified"}}},{"type":"Feature","id":"osm-node-11137996058","geometry":{"type":"Point","coordinates":[-79.6703337,43.5451871]},"properties":{"kind":"path-intersection","buildingCode":null,"floor":null,"accessibility":"unknown","metadata":{"source":"OpenStreetMap","sourceUrl":"https://www.openstreetmap.org/node/11137996058","lastVerified":"2026-08-10","verificationStatus":"verified"}}},{"type":"Feature","id":"osm-node-11137996059","geometry":{"type":"Point","coordinates":[-79.6700532,43.5451189]},"properties":{"kind":"path-intersection","buildingCode":null,"floor":null,"accessibility":"unknown","metadata":{"source":"OpenStreetMap","sourceUrl":"https://www.openstreetmap.org/node/11137996059","lastVerified":"2026-08-10","verificationStatus":"verified"}}},{"type":"Feature","id":"osm-node-11137996060","geometry":{"type":"Point","coordinates":[-79.6697274,43.5450532]},"properties":{"kind":"path-intersection","buildingCode":null,"floor":null,"accessibility":"unknown","metadata":{"source":"OpenStreetMap","sourceUrl":"https://www.openstreetmap.org/node/11137996060","lastVerified":"2026-08-10","verificationStatus":"verified"}}},{"type":"Feature","id":"osm-node-11137996061","geometry":{"type":"Point","coordinates":[-79.6694881,43.5450209]},"properties":{"kind":"path-intersection","buildingCode":null,"floor":null,"accessibility":"unknown","metadata":{"source":"OpenStreetMap","sourceUrl":"https://www.openstreetmap.org/node/11137996061","lastVerified":"2026-08-10","verificationStatus":"verified"}}},{"type":"Feature","id":"osm-node-11137996062","geometry":{"type":"Point","coordinates":[-79.6692888,43.5450098]},"properties":{"kind":"path-intersection","buildingCode":null,"floor":null,"accessibility":"unknown","metadata":{"source":"OpenStreetMap","sourceUrl":"https://www.openstreetmap.org/node/11137996062","lastVerified":"2026-08-10","verificationStatus":"verified"}}},{"type":"Feature","id":"osm-node-11137996063","geometry":{"type":"Point","coordinates":[-79.6685032,43.54497]},"properties":{"kind":"path-intersection","buildingCode":null,"floor":null,"accessibility":"unknown","metadata":{"source":"OpenStreetMap","sourceUrl":"https://www.openstreetmap.org/node/11137996063","lastVerified":"2026-08-10","verificationStatus":"verified"}}},{"type":"Feature","id":"osm-node-11137996064","geometry":{"type":"Point","coordinates":[-79.668395,43.5449646]},"properties":{"kind":"path-intersection","buildingCode":null,"floor":null,"accessibility":"unknown","metadata":{"source":"OpenStreetMap","sourceUrl":"https://www.openstreetmap.org/node/11137996064","lastVerified":"2026-08-10","verificationStatus":"verified"}}},{"type":"Feature","id":"osm-node-11137996065","geometry":{"type":"Point","coordinates":[-79.66807,43.5449491]},"properties":{"kind":"path-intersection","buildingCode":null,"floor":null,"accessibility":"unknown","metadata":{"source":"OpenStreetMap","sourceUrl":"https://www.openstreetmap.org/node/11137996065","lastVerified":"2026-08-10","verificationStatus":"verified"}}},{"type":"Feature","id":"osm-node-11137996066","geometry":{"type":"Point","coordinates":[-79.6679035,43.544928]},"properties":{"kind":"path-intersection","buildingCode":null,"floor":null,"accessibility":"unknown","metadata":{"source":"OpenStreetMap","sourceUrl":"https://www.openstreetmap.org/node/11137996066","lastVerified":"2026-08-10","verificationStatus":"verified"}}},{"type":"Feature","id":"osm-node-11137996067","geometry":{"type":"Point","coordinates":[-79.6677475,43.5448981]},"properties":{"kind":"path-intersection","buildingCode":null,"floor":null,"accessibility":"unknown","metadata":{"source":"OpenStreetMap","sourceUrl":"https://www.openstreetmap.org/node/11137996067","lastVerified":"2026-08-10","verificationStatus":"verified"}}},{"type":"Feature","id":"osm-node-11137996068","geometry":{"type":"Point","coordinates":[-79.6676124,43.5448659]},"properties":{"kind":"path-intersection","buildingCode":null,"floor":null,"accessibility":"unknown","metadata":{"source":"OpenStreetMap","sourceUrl":"https://www.openstreetmap.org/node/11137996068","lastVerified":"2026-08-10","verificationStatus":"verified"}}},{"type":"Feature","id":"osm-node-11137996069","geometry":{"type":"Point","coordinates":[-79.6674499,43.5448139]},"properties":{"kind":"path-intersection","buildingCode":null,"floor":null,"accessibility":"unknown","metadata":{"source":"OpenStreetMap","sourceUrl":"https://www.openstreetmap.org/node/11137996069","lastVerified":"2026-08-10","verificationStatus":"verified"}}},{"type":"Feature","id":"osm-node-11137996070","geometry":{"type":"Point","coordinates":[-79.6673493,43.5447764]},"properties":{"kind":"path-intersection","buildingCode":null,"floor":null,"accessibility":"unknown","metadata":{"source":"OpenStreetMap","sourceUrl":"https://www.openstreetmap.org/node/11137996070","lastVerified":"2026-08-10","verificationStatus":"verified"}}},{"type":"Feature","id":"osm-node-11137996071","geometry":{"type":"Point","coordinates":[-79.6672571,43.5447363]},"properties":{"kind":"path-intersection","buildingCode":null,"floor":null,"accessibility":"unknown","metadata":{"source":"OpenStreetMap","sourceUrl":"https://www.openstreetmap.org/node/11137996071","lastVerified":"2026-08-10","verificationStatus":"verified"}}},{"type":"Feature","id":"osm-node-11137996074","geometry":{"type":"Point","coordinates":[-79.6668671,43.5445052]},"properties":{"kind":"path-intersection","buildingCode":null,"floor":null,"accessibility":"unknown","metadata":{"source":"OpenStreetMap","sourceUrl":"https://www.openstreetmap.org/node/11137996074","lastVerified":"2026-08-10","verificationStatus":"verified"}}},{"type":"Feature","id":"osm-node-11137996075","geometry":{"type":"Point","coordinates":[-79.6669583,43.5445763]},"properties":{"kind":"path-intersection","buildingCode":null,"floor":null,"accessibility":"unknown","metadata":{"source":"OpenStreetMap","sourceUrl":"https://www.openstreetmap.org/node/11137996075","lastVerified":"2026-08-10","verificationStatus":"verified"}}},{"type":"Feature","id":"osm-node-11137996076","geometry":{"type":"Point","coordinates":[-79.6670409,43.5446243]},"properties":{"kind":"path-intersection","buildingCode":null,"floor":null,"accessibility":"unknown","metadata":{"source":"OpenStreetMap","sourceUrl":"https://www.openstreetmap.org/node/11137996076","lastVerified":"2026-08-10","verificationStatus":"verified"}}},{"type":"Feature","id":"osm-node-11137996077","geometry":{"type":"Point","coordinates":[-79.6671971,43.5447095]},"properties":{"kind":"path-intersection","buildingCode":null,"floor":null,"accessibility":"unknown","metadata":{"source":"OpenStreetMap","sourceUrl":"https://www.openstreetmap.org/node/11137996077","lastVerified":"2026-08-10","verificationStatus":"verified"}}},{"type":"Feature","id":"osm-node-11137996078","geometry":{"type":"Point","coordinates":[-79.6664783,43.5441835]},"properties":{"kind":"path-intersection","buildingCode":null,"floor":null,"accessibility":"unknown","metadata":{"source":"OpenStreetMap","sourceUrl":"https://www.openstreetmap.org/node/11137996078","lastVerified":"2026-08-10","verificationStatus":"verified"}}},{"type":"Feature","id":"osm-node-11265108544","geometry":{"type":"Point","coordinates":[-79.6660973,43.5467222]},"properties":{"kind":"path-intersection","buildingCode":null,"floor":null,"accessibility":"unknown","metadata":{"source":"OpenStreetMap","sourceUrl":"https://www.openstreetmap.org/node/11265108544","lastVerified":"2026-08-10","verificationStatus":"verified"}}},{"type":"Feature","id":"osm-node-11843121257","geometry":{"type":"Point","coordinates":[-79.660158,43.547424]},"properties":{"kind":"path-intersection","buildingCode":null,"floor":null,"accessibility":"unknown","metadata":{"source":"OpenStreetMap","sourceUrl":"https://www.openstreetmap.org/node/11843121257","lastVerified":"2026-08-10","verificationStatus":"verified"}}},{"type":"Feature","id":"osm-node-11843128650","geometry":{"type":"Point","coordinates":[-79.6604082,43.5476174]},"properties":{"kind":"path-intersection","buildingCode":null,"floor":null,"accessibility":"unknown","metadata":{"source":"OpenStreetMap","sourceUrl":"https://www.openstreetmap.org/node/11843128650","lastVerified":"2026-08-10","verificationStatus":"verified"}}},{"type":"Feature","id":"osm-node-12115692396","geometry":{"type":"Point","coordinates":[-79.6629328,43.5450005]},"properties":{"kind":"crosswalk","buildingCode":null,"floor":null,"accessibility":"unknown","metadata":{"source":"OpenStreetMap","sourceUrl":"https://www.openstreetmap.org/node/12115692396","lastVerified":"2026-08-10","verificationStatus":"verified"}}},{"type":"Feature","id":"osm-node-12202195621","geometry":{"type":"Point","coordinates":[-79.6653835,43.5492235]},"properties":{"kind":"path-intersection","buildingCode":null,"floor":null,"accessibility":"unknown","metadata":{"source":"OpenStreetMap","sourceUrl":"https://www.openstreetmap.org/node/12202195621","lastVerified":"2026-08-10","verificationStatus":"verified"}}},{"type":"Feature","id":"osm-node-12202195622","geometry":{"type":"Point","coordinates":[-79.665185,43.5491348]},"properties":{"kind":"path-intersection","buildingCode":null,"floor":null,"accessibility":"unknown","metadata":{"source":"OpenStreetMap","sourceUrl":"https://www.openstreetmap.org/node/12202195622","lastVerified":"2026-08-10","verificationStatus":"verified"}}},{"type":"Feature","id":"osm-node-12202195623","geometry":{"type":"Point","coordinates":[-79.6652164,43.5492865]},"properties":{"kind":"path-intersection","buildingCode":null,"floor":null,"accessibility":"unknown","metadata":{"source":"OpenStreetMap","sourceUrl":"https://www.openstreetmap.org/node/12202195623","lastVerified":"2026-08-10","verificationStatus":"verified"}}},{"type":"Feature","id":"osm-node-12724268045","geometry":{"type":"Point","coordinates":[-79.6649149,43.5517004]},"properties":{"kind":"path-intersection","buildingCode":null,"floor":null,"accessibility":"unknown","metadata":{"source":"OpenStreetMap","sourceUrl":"https://www.openstreetmap.org/node/12724268045","lastVerified":"2026-08-10","verificationStatus":"verified"}}},{"type":"Feature","id":"osm-node-12724268046","geometry":{"type":"Point","coordinates":[-79.6654079,43.5519475]},"properties":{"kind":"path-intersection","buildingCode":null,"floor":null,"accessibility":"unknown","metadata":{"source":"OpenStreetMap","sourceUrl":"https://www.openstreetmap.org/node/12724268046","lastVerified":"2026-08-10","verificationStatus":"verified"}}},{"type":"Feature","id":"osm-node-12724268047","geometry":{"type":"Point","coordinates":[-79.6656512,43.551817]},"properties":{"kind":"path-intersection","buildingCode":null,"floor":null,"accessibility":"unknown","metadata":{"source":"OpenStreetMap","sourceUrl":"https://www.openstreetmap.org/node/12724268047","lastVerified":"2026-08-10","verificationStatus":"verified"}}},{"type":"Feature","id":"osm-node-12724268087","geometry":{"type":"Point","coordinates":[-79.6661772,43.5470766]},"properties":{"kind":"path-intersection","buildingCode":null,"floor":null,"accessibility":"unknown","metadata":{"source":"OpenStreetMap","sourceUrl":"https://www.openstreetmap.org/node/12724268087","lastVerified":"2026-08-10","verificationStatus":"verified"}}},{"type":"Feature","id":"osm-node-12724290042","geometry":{"type":"Point","coordinates":[-79.6660395,43.5484575]},"properties":{"kind":"crosswalk","buildingCode":null,"floor":null,"accessibility":"unknown","metadata":{"source":"OpenStreetMap","sourceUrl":"https://www.openstreetmap.org/node/12724290042","lastVerified":"2026-08-10","verificationStatus":"verified"}}},{"type":"Feature","id":"osm-node-12724290043","geometry":{"type":"Point","coordinates":[-79.6664831,43.5488226]},"properties":{"kind":"crosswalk","buildingCode":null,"floor":null,"accessibility":"unknown","metadata":{"source":"OpenStreetMap","sourceUrl":"https://www.openstreetmap.org/node/12724290043","lastVerified":"2026-08-10","verificationStatus":"verified"}}},{"type":"Feature","id":"osm-node-12724310006","geometry":{"type":"Point","coordinates":[-79.6650039,43.5474346]},"properties":{"kind":"path-intersection","buildingCode":null,"floor":null,"accessibility":"unknown","metadata":{"source":"OpenStreetMap","sourceUrl":"https://www.openstreetmap.org/node/12724310006","lastVerified":"2026-08-10","verificationStatus":"verified"}}},{"type":"Feature","id":"osm-node-12724310007","geometry":{"type":"Point","coordinates":[-79.6649943,43.5474295]},"properties":{"kind":"path-intersection","buildingCode":null,"floor":null,"accessibility":"unknown","metadata":{"source":"OpenStreetMap","sourceUrl":"https://www.openstreetmap.org/node/12724310007","lastVerified":"2026-08-10","verificationStatus":"verified"}}},{"type":"Feature","id":"osm-node-12724327413","geometry":{"type":"Point","coordinates":[-79.6627442,43.5466248]},"properties":{"kind":"path-intersection","buildingCode":null,"floor":null,"accessibility":"unknown","metadata":{"source":"OpenStreetMap","sourceUrl":"https://www.openstreetmap.org/node/12724327413","lastVerified":"2026-08-10","verificationStatus":"verified"}}},{"type":"Feature","id":"osm-node-12724327414","geometry":{"type":"Point","coordinates":[-79.6627544,43.5466505]},"properties":{"kind":"path-intersection","buildingCode":null,"floor":null,"accessibility":"unknown","metadata":{"source":"OpenStreetMap","sourceUrl":"https://www.openstreetmap.org/node/12724327414","lastVerified":"2026-08-10","verificationStatus":"verified"}}},{"type":"Feature","id":"osm-node-12724347102","geometry":{"type":"Point","coordinates":[-79.6599849,43.5496208]},"properties":{"kind":"path-intersection","buildingCode":null,"floor":null,"accessibility":"unknown","metadata":{"source":"OpenStreetMap","sourceUrl":"https://www.openstreetmap.org/node/12724347102","lastVerified":"2026-08-10","verificationStatus":"verified"}}},{"type":"Feature","id":"osm-node-12956766732","geometry":{"type":"Point","coordinates":[-79.6723629,43.54572]},"properties":{"kind":"path-intersection","buildingCode":null,"floor":null,"accessibility":"unknown","metadata":{"source":"OpenStreetMap","sourceUrl":"https://www.openstreetmap.org/node/12956766732","lastVerified":"2026-08-10","verificationStatus":"verified"}}},{"type":"Feature","id":"osm-node-12956766733","geometry":{"type":"Point","coordinates":[-79.6705526,43.5449782]},"properties":{"kind":"path-intersection","buildingCode":null,"floor":null,"accessibility":"unknown","metadata":{"source":"OpenStreetMap","sourceUrl":"https://www.openstreetmap.org/node/12956766733","lastVerified":"2026-08-10","verificationStatus":"verified"}}},{"type":"Feature","id":"osm-node-13011039795","geometry":{"type":"Point","coordinates":[-79.6714488,43.5447527]},"properties":{"kind":"path-intersection","buildingCode":null,"floor":null,"accessibility":"unknown","metadata":{"source":"OpenStreetMap","sourceUrl":"https://www.openstreetmap.org/node/13011039795","lastVerified":"2026-08-10","verificationStatus":"verified"}}},{"type":"Feature","id":"osm-node-13011039796","geometry":{"type":"Point","coordinates":[-79.6721649,43.5449797]},"properties":{"kind":"path-intersection","buildingCode":null,"floor":null,"accessibility":"unknown","metadata":{"source":"OpenStreetMap","sourceUrl":"https://www.openstreetmap.org/node/13011039796","lastVerified":"2026-08-10","verificationStatus":"verified"}}},{"type":"Feature","id":"osm-node-13011039797","geometry":{"type":"Point","coordinates":[-79.6721352,43.5454478]},"properties":{"kind":"path-intersection","buildingCode":null,"floor":null,"accessibility":"unknown","metadata":{"source":"OpenStreetMap","sourceUrl":"https://www.openstreetmap.org/node/13011039797","lastVerified":"2026-08-10","verificationStatus":"verified"}}},{"type":"Feature","id":"osm-node-13011039798","geometry":{"type":"Point","coordinates":[-79.6722661,43.5455164]},"properties":{"kind":"path-intersection","buildingCode":null,"floor":null,"accessibility":"unknown","metadata":{"source":"OpenStreetMap","sourceUrl":"https://www.openstreetmap.org/node/13011039798","lastVerified":"2026-08-10","verificationStatus":"verified"}}},{"type":"Feature","id":"osm-node-13011039799","geometry":{"type":"Point","coordinates":[-79.6723491,43.5455326]},"properties":{"kind":"path-intersection","buildingCode":null,"floor":null,"accessibility":"unknown","metadata":{"source":"OpenStreetMap","sourceUrl":"https://www.openstreetmap.org/node/13011039799","lastVerified":"2026-08-10","verificationStatus":"verified"}}},{"type":"Feature","id":"osm-node-13011039800","geometry":{"type":"Point","coordinates":[-79.6724641,43.5456156]},"properties":{"kind":"path-intersection","buildingCode":null,"floor":null,"accessibility":"unknown","metadata":{"source":"OpenStreetMap","sourceUrl":"https://www.openstreetmap.org/node/13011039800","lastVerified":"2026-08-10","verificationStatus":"verified"}}},{"type":"Feature","id":"osm-node-1312345666","geometry":{"type":"Point","coordinates":[-79.6648313,43.5469275]},"properties":{"kind":"path-intersection","buildingCode":null,"floor":null,"accessibility":"unknown","metadata":{"source":"OpenStreetMap","sourceUrl":"https://www.openstreetmap.org/node/1312345666","lastVerified":"2026-08-10","verificationStatus":"verified"}}},{"type":"Feature","id":"osm-node-1312345667","geometry":{"type":"Point","coordinates":[-79.6649492,43.5468766]},"properties":{"kind":"path-intersection","buildingCode":null,"floor":null,"accessibility":"unknown","metadata":{"source":"OpenStreetMap","sourceUrl":"https://www.openstreetmap.org/node/1312345667","lastVerified":"2026-08-10","verificationStatus":"verified"}}},{"type":"Feature","id":"osm-node-1312345668","geometry":{"type":"Point","coordinates":[-79.6646978,43.5466639]},"properties":{"kind":"path-intersection","buildingCode":null,"floor":null,"accessibility":"unknown","metadata":{"source":"OpenStreetMap","sourceUrl":"https://www.openstreetmap.org/node/1312345668","lastVerified":"2026-08-10","verificationStatus":"verified"}}},{"type":"Feature","id":"osm-node-1312345669","geometry":{"type":"Point","coordinates":[-79.6646196,43.5468026]},"properties":{"kind":"path-intersection","buildingCode":null,"floor":null,"accessibility":"unknown","metadata":{"source":"OpenStreetMap","sourceUrl":"https://www.openstreetmap.org/node/1312345669","lastVerified":"2026-08-10","verificationStatus":"verified"}}},{"type":"Feature","id":"osm-node-1312345670","geometry":{"type":"Point","coordinates":[-79.6647502,43.5469231]},"properties":{"kind":"path-intersection","buildingCode":null,"floor":null,"accessibility":"unknown","metadata":{"source":"OpenStreetMap","sourceUrl":"https://www.openstreetmap.org/node/1312345670","lastVerified":"2026-08-10","verificationStatus":"verified"}}},{"type":"Feature","id":"osm-node-1312345671","geometry":{"type":"Point","coordinates":[-79.6648964,43.5466804]},"properties":{"kind":"path-intersection","buildingCode":null,"floor":null,"accessibility":"unknown","metadata":{"source":"OpenStreetMap","sourceUrl":"https://www.openstreetmap.org/node/1312345671","lastVerified":"2026-08-10","verificationStatus":"verified"}}},{"type":"Feature","id":"osm-node-1312345673","geometry":{"type":"Point","coordinates":[-79.6647968,43.5466479]},"properties":{"kind":"building-entrance","buildingCode":"PP","floor":null,"accessibility":"unknown","label":"Mapped residence approach","notes":"A mapped footway within the townhouse complex is used because individual doors are not entrance-tagged.","metadata":{"source":"OpenStreetMap","sourceUrl":"https://www.openstreetmap.org/node/1312345673","lastVerified":"2026-08-10","verificationStatus":"inferred"}}},{"type":"Feature","id":"osm-node-1312345675","geometry":{"type":"Point","coordinates":[-79.6649626,43.5468571]},"properties":{"kind":"path-intersection","buildingCode":null,"floor":null,"accessibility":"unknown","metadata":{"source":"OpenStreetMap","sourceUrl":"https://www.openstreetmap.org/node/1312345675","lastVerified":"2026-08-10","verificationStatus":"verified"}}},{"type":"Feature","id":"osm-node-1312345677","geometry":{"type":"Point","coordinates":[-79.6649728,43.5467954]},"properties":{"kind":"path-intersection","buildingCode":null,"floor":null,"accessibility":"unknown","metadata":{"source":"OpenStreetMap","sourceUrl":"https://www.openstreetmap.org/node/1312345677","lastVerified":"2026-08-10","verificationStatus":"verified"}}},{"type":"Feature","id":"osm-node-1312379634","geometry":{"type":"Point","coordinates":[-79.6652774,43.5486013]},"properties":{"kind":"path-intersection","buildingCode":null,"floor":null,"accessibility":"unknown","metadata":{"source":"OpenStreetMap","sourceUrl":"https://www.openstreetmap.org/node/1312379634","lastVerified":"2026-08-10","verificationStatus":"verified"}}},{"type":"Feature","id":"osm-node-1312379637","geometry":{"type":"Point","coordinates":[-79.6655363,43.5482404]},"properties":{"kind":"path-intersection","buildingCode":null,"floor":null,"accessibility":"unknown","metadata":{"source":"OpenStreetMap","sourceUrl":"https://www.openstreetmap.org/node/1312379637","lastVerified":"2026-08-10","verificationStatus":"verified"}}},{"type":"Feature","id":"osm-node-1312379643","geometry":{"type":"Point","coordinates":[-79.6657396,43.5487919]},"properties":{"kind":"path-intersection","buildingCode":null,"floor":null,"accessibility":"unknown","metadata":{"source":"OpenStreetMap","sourceUrl":"https://www.openstreetmap.org/node/1312379643","lastVerified":"2026-08-10","verificationStatus":"verified"}}},{"type":"Feature","id":"osm-node-1312379648","geometry":{"type":"Point","coordinates":[-79.6652511,43.5486163]},"properties":{"kind":"path-intersection","buildingCode":null,"floor":null,"accessibility":"unknown","metadata":{"source":"OpenStreetMap","sourceUrl":"https://www.openstreetmap.org/node/1312379648","lastVerified":"2026-08-10","verificationStatus":"verified"}}},{"type":"Feature","id":"osm-node-1312379658","geometry":{"type":"Point","coordinates":[-79.6654686,43.5482165]},"properties":{"kind":"path-intersection","buildingCode":null,"floor":null,"accessibility":"unknown","metadata":{"source":"OpenStreetMap","sourceUrl":"https://www.openstreetmap.org/node/1312379658","lastVerified":"2026-08-10","verificationStatus":"verified"}}},{"type":"Feature","id":"osm-node-1312379667","geometry":{"type":"Point","coordinates":[-79.6657742,43.5486939]},"properties":{"kind":"path-intersection","buildingCode":null,"floor":null,"accessibility":"unknown","metadata":{"source":"OpenStreetMap","sourceUrl":"https://www.openstreetmap.org/node/1312379667","lastVerified":"2026-08-10","verificationStatus":"verified"}}},{"type":"Feature","id":"osm-node-1312379678","geometry":{"type":"Point","coordinates":[-79.6655164,43.5482675]},"properties":{"kind":"path-intersection","buildingCode":null,"floor":null,"accessibility":"unknown","metadata":{"source":"OpenStreetMap","sourceUrl":"https://www.openstreetmap.org/node/1312379678","lastVerified":"2026-08-10","verificationStatus":"verified"}}},{"type":"Feature","id":"osm-node-1312379679","geometry":{"type":"Point","coordinates":[-79.6652708,43.5486199]},"properties":{"kind":"path-intersection","buildingCode":null,"floor":null,"accessibility":"unknown","metadata":{"source":"OpenStreetMap","sourceUrl":"https://www.openstreetmap.org/node/1312379679","lastVerified":"2026-08-10","verificationStatus":"verified"}}},{"type":"Feature","id":"osm-node-1312379687","geometry":{"type":"Point","coordinates":[-79.6654652,43.5482328]},"properties":{"kind":"path-intersection","buildingCode":null,"floor":null,"accessibility":"unknown","metadata":{"source":"OpenStreetMap","sourceUrl":"https://www.openstreetmap.org/node/1312379687","lastVerified":"2026-08-10","verificationStatus":"verified"}}},{"type":"Feature","id":"osm-node-1312381352","geometry":{"type":"Point","coordinates":[-79.6670666,43.5491004]},"properties":{"kind":"path-intersection","buildingCode":null,"floor":null,"accessibility":"unknown","metadata":{"source":"OpenStreetMap","sourceUrl":"https://www.openstreetmap.org/node/1312381352","lastVerified":"2026-08-10","verificationStatus":"verified"}}},{"type":"Feature","id":"osm-node-1312381363","geometry":{"type":"Point","coordinates":[-79.6637852,43.549127]},"properties":{"kind":"path-intersection","buildingCode":null,"floor":null,"accessibility":"unknown","metadata":{"source":"OpenStreetMap","sourceUrl":"https://www.openstreetmap.org/node/1312381363","lastVerified":"2026-08-10","verificationStatus":"verified"}}},{"type":"Feature","id":"osm-node-1312381373","geometry":{"type":"Point","coordinates":[-79.6657236,43.5500346]},"properties":{"kind":"path-intersection","buildingCode":null,"floor":null,"accessibility":"unknown","metadata":{"source":"OpenStreetMap","sourceUrl":"https://www.openstreetmap.org/node/1312381373","lastVerified":"2026-08-10","verificationStatus":"verified"}}},{"type":"Feature","id":"osm-node-1312381376","geometry":{"type":"Point","coordinates":[-79.6660712,43.5499023]},"properties":{"kind":"path-intersection","buildingCode":null,"floor":null,"accessibility":"unknown","metadata":{"source":"OpenStreetMap","sourceUrl":"https://www.openstreetmap.org/node/1312381376","lastVerified":"2026-08-10","verificationStatus":"verified"}}},{"type":"Feature","id":"osm-node-1312381379","geometry":{"type":"Point","coordinates":[-79.666006,43.5496414]},"properties":{"kind":"path-intersection","buildingCode":null,"floor":null,"accessibility":"unknown","metadata":{"source":"OpenStreetMap","sourceUrl":"https://www.openstreetmap.org/node/1312381379","lastVerified":"2026-08-10","verificationStatus":"verified"}}},{"type":"Feature","id":"osm-node-1312381394","geometry":{"type":"Point","coordinates":[-79.6660378,43.5496677]},"properties":{"kind":"path-intersection","buildingCode":null,"floor":null,"accessibility":"unknown","metadata":{"source":"OpenStreetMap","sourceUrl":"https://www.openstreetmap.org/node/1312381394","lastVerified":"2026-08-10","verificationStatus":"verified"}}},{"type":"Feature","id":"osm-node-1312381395","geometry":{"type":"Point","coordinates":[-79.6659257,43.5495666]},"properties":{"kind":"path-intersection","buildingCode":null,"floor":null,"accessibility":"unknown","metadata":{"source":"OpenStreetMap","sourceUrl":"https://www.openstreetmap.org/node/1312381395","lastVerified":"2026-08-10","verificationStatus":"verified"}}},{"type":"Feature","id":"osm-node-1312381400","geometry":{"type":"Point","coordinates":[-79.66607,43.5496796]},"properties":{"kind":"path-intersection","buildingCode":null,"floor":null,"accessibility":"unknown","metadata":{"source":"OpenStreetMap","sourceUrl":"https://www.openstreetmap.org/node/1312381400","lastVerified":"2026-08-10","verificationStatus":"verified"}}},{"type":"Feature","id":"osm-node-1312381401","geometry":{"type":"Point","coordinates":[-79.6657552,43.550195]},"properties":{"kind":"path-intersection","buildingCode":null,"floor":null,"accessibility":"unknown","metadata":{"source":"OpenStreetMap","sourceUrl":"https://www.openstreetmap.org/node/1312381401","lastVerified":"2026-08-10","verificationStatus":"verified"}}},{"type":"Feature","id":"osm-node-1312381405","geometry":{"type":"Point","coordinates":[-79.665827,43.5496711]},"properties":{"kind":"building-entrance","buildingCode":"EH","floor":null,"accessibility":"unknown","label":"Mapped residence approach","notes":"A mapped footway approach is used because no entrance-tagged door is published.","metadata":{"source":"OpenStreetMap","sourceUrl":"https://www.openstreetmap.org/node/1312381405","lastVerified":"2026-08-10","verificationStatus":"inferred"}}},{"type":"Feature","id":"osm-node-1312381409","geometry":{"type":"Point","coordinates":[-79.6649315,43.5492726]},"properties":{"kind":"path-intersection","buildingCode":null,"floor":null,"accessibility":"unknown","metadata":{"source":"OpenStreetMap","sourceUrl":"https://www.openstreetmap.org/node/1312381409","lastVerified":"2026-08-10","verificationStatus":"verified"}}},{"type":"Feature","id":"osm-node-1312390344","geometry":{"type":"Point","coordinates":[-79.6671326,43.5486684]},"properties":{"kind":"path-intersection","buildingCode":null,"floor":null,"accessibility":"unknown","metadata":{"source":"OpenStreetMap","sourceUrl":"https://www.openstreetmap.org/node/1312390344","lastVerified":"2026-08-10","verificationStatus":"verified"}}},{"type":"Feature","id":"osm-node-1312390345","geometry":{"type":"Point","coordinates":[-79.6636449,43.5486152]},"properties":{"kind":"path-intersection","buildingCode":null,"floor":null,"accessibility":"unknown","metadata":{"source":"OpenStreetMap","sourceUrl":"https://www.openstreetmap.org/node/1312390345","lastVerified":"2026-08-10","verificationStatus":"verified"}}},{"type":"Feature","id":"osm-node-1312390347","geometry":{"type":"Point","coordinates":[-79.6663273,43.5482646]},"properties":{"kind":"path-intersection","buildingCode":null,"floor":null,"accessibility":"unknown","metadata":{"source":"OpenStreetMap","sourceUrl":"https://www.openstreetmap.org/node/1312390347","lastVerified":"2026-08-10","verificationStatus":"verified"}}},{"type":"Feature","id":"osm-node-1312390348","geometry":{"type":"Point","coordinates":[-79.6674226,43.548067]},"properties":{"kind":"path-intersection","buildingCode":null,"floor":null,"accessibility":"unknown","metadata":{"source":"OpenStreetMap","sourceUrl":"https://www.openstreetmap.org/node/1312390348","lastVerified":"2026-08-10","verificationStatus":"verified"}}},{"type":"Feature","id":"osm-node-1312390351","geometry":{"type":"Point","coordinates":[-79.6639084,43.5481584]},"properties":{"kind":"crosswalk","buildingCode":null,"floor":null,"accessibility":"unknown","metadata":{"source":"OpenStreetMap","sourceUrl":"https://www.openstreetmap.org/node/1312390351","lastVerified":"2026-08-10","verificationStatus":"verified"}}},{"type":"Feature","id":"osm-node-1312390353","geometry":{"type":"Point","coordinates":[-79.6635738,43.5485156]},"properties":{"kind":"path-intersection","buildingCode":null,"floor":null,"accessibility":"unknown","metadata":{"source":"OpenStreetMap","sourceUrl":"https://www.openstreetmap.org/node/1312390353","lastVerified":"2026-08-10","verificationStatus":"verified"}}},{"type":"Feature","id":"osm-node-1312390354","geometry":{"type":"Point","coordinates":[-79.666889,43.5482003]},"properties":{"kind":"path-intersection","buildingCode":null,"floor":null,"accessibility":"unknown","metadata":{"source":"OpenStreetMap","sourceUrl":"https://www.openstreetmap.org/node/1312390354","lastVerified":"2026-08-10","verificationStatus":"verified"}}},{"type":"Feature","id":"osm-node-1312390355","geometry":{"type":"Point","coordinates":[-79.6658913,43.5483353]},"properties":{"kind":"path-intersection","buildingCode":null,"floor":null,"accessibility":"unknown","metadata":{"source":"OpenStreetMap","sourceUrl":"https://www.openstreetmap.org/node/1312390355","lastVerified":"2026-08-10","verificationStatus":"verified"}}},{"type":"Feature","id":"osm-node-1312390357","geometry":{"type":"Point","coordinates":[-79.6631583,43.5488374]},"properties":{"kind":"path-intersection","buildingCode":null,"floor":null,"accessibility":"unknown","metadata":{"source":"OpenStreetMap","sourceUrl":"https://www.openstreetmap.org/node/1312390357","lastVerified":"2026-08-10","verificationStatus":"verified"}}},{"type":"Feature","id":"osm-node-1312390358","geometry":{"type":"Point","coordinates":[-79.6655977,43.5476647]},"properties":{"kind":"path-intersection","buildingCode":null,"floor":null,"accessibility":"unknown","metadata":{"source":"OpenStreetMap","sourceUrl":"https://www.openstreetmap.org/node/1312390358","lastVerified":"2026-08-10","verificationStatus":"verified"}}},{"type":"Feature","id":"osm-node-1312390361","geometry":{"type":"Point","coordinates":[-79.6672435,43.548693]},"properties":{"kind":"path-intersection","buildingCode":null,"floor":null,"accessibility":"unknown","metadata":{"source":"OpenStreetMap","sourceUrl":"https://www.openstreetmap.org/node/1312390361","lastVerified":"2026-08-10","verificationStatus":"verified"}}},{"type":"Feature","id":"osm-node-1312390363","geometry":{"type":"Point","coordinates":[-79.666753,43.5483707]},"properties":{"kind":"path-intersection","buildingCode":null,"floor":null,"accessibility":"unknown","metadata":{"source":"OpenStreetMap","sourceUrl":"https://www.openstreetmap.org/node/1312390363","lastVerified":"2026-08-10","verificationStatus":"verified"}}},{"type":"Feature","id":"osm-node-1312390365","geometry":{"type":"Point","coordinates":[-79.6673452,43.5488471]},"properties":{"kind":"path-intersection","buildingCode":null,"floor":null,"accessibility":"unknown","metadata":{"source":"OpenStreetMap","sourceUrl":"https://www.openstreetmap.org/node/1312390365","lastVerified":"2026-08-10","verificationStatus":"verified"}}},{"type":"Feature","id":"osm-node-1312390366","geometry":{"type":"Point","coordinates":[-79.6670245,43.5487337]},"properties":{"kind":"path-intersection","buildingCode":null,"floor":null,"accessibility":"unknown","metadata":{"source":"OpenStreetMap","sourceUrl":"https://www.openstreetmap.org/node/1312390366","lastVerified":"2026-08-10","verificationStatus":"verified"}}},{"type":"Feature","id":"osm-node-1312390368","geometry":{"type":"Point","coordinates":[-79.6653397,43.5476622]},"properties":{"kind":"path-intersection","buildingCode":null,"floor":null,"accessibility":"unknown","metadata":{"source":"OpenStreetMap","sourceUrl":"https://www.openstreetmap.org/node/1312390368","lastVerified":"2026-08-10","verificationStatus":"verified"}}},{"type":"Feature","id":"osm-node-1312390369","geometry":{"type":"Point","coordinates":[-79.667106,43.5486855]},"properties":{"kind":"path-intersection","buildingCode":null,"floor":null,"accessibility":"unknown","metadata":{"source":"OpenStreetMap","sourceUrl":"https://www.openstreetmap.org/node/1312390369","lastVerified":"2026-08-10","verificationStatus":"verified"}}},{"type":"Feature","id":"osm-node-1312390370","geometry":{"type":"Point","coordinates":[-79.6661445,43.5483612]},"properties":{"kind":"path-intersection","buildingCode":null,"floor":null,"accessibility":"unknown","metadata":{"source":"OpenStreetMap","sourceUrl":"https://www.openstreetmap.org/node/1312390370","lastVerified":"2026-08-10","verificationStatus":"verified"}}},{"type":"Feature","id":"osm-node-1312390376","geometry":{"type":"Point","coordinates":[-79.6673398,43.5481773]},"properties":{"kind":"path-intersection","buildingCode":null,"floor":null,"accessibility":"unknown","metadata":{"source":"OpenStreetMap","sourceUrl":"https://www.openstreetmap.org/node/1312390376","lastVerified":"2026-08-10","verificationStatus":"verified"}}},{"type":"Feature","id":"osm-node-1312390377","geometry":{"type":"Point","coordinates":[-79.6653285,43.5478111]},"properties":{"kind":"path-intersection","buildingCode":null,"floor":null,"accessibility":"unknown","metadata":{"source":"OpenStreetMap","sourceUrl":"https://www.openstreetmap.org/node/1312390377","lastVerified":"2026-08-10","verificationStatus":"verified"}}},{"type":"Feature","id":"osm-node-1312390378","geometry":{"type":"Point","coordinates":[-79.6636086,43.5485712]},"properties":{"kind":"path-intersection","buildingCode":null,"floor":null,"accessibility":"unknown","metadata":{"source":"OpenStreetMap","sourceUrl":"https://www.openstreetmap.org/node/1312390378","lastVerified":"2026-08-10","verificationStatus":"verified"}}},{"type":"Feature","id":"osm-node-1312390379","geometry":{"type":"Point","coordinates":[-79.6632137,43.5486691]},"properties":{"kind":"path-intersection","buildingCode":null,"floor":null,"accessibility":"unknown","metadata":{"source":"OpenStreetMap","sourceUrl":"https://www.openstreetmap.org/node/1312390379","lastVerified":"2026-08-10","verificationStatus":"verified"}}},{"type":"Feature","id":"osm-node-1312390380","geometry":{"type":"Point","coordinates":[-79.6673842,43.5481462]},"properties":{"kind":"path-intersection","buildingCode":null,"floor":null,"accessibility":"unknown","metadata":{"source":"OpenStreetMap","sourceUrl":"https://www.openstreetmap.org/node/1312390380","lastVerified":"2026-08-10","verificationStatus":"verified"}}},{"type":"Feature","id":"osm-node-1312390381","geometry":{"type":"Point","coordinates":[-79.667273,43.5486673]},"properties":{"kind":"path-intersection","buildingCode":null,"floor":null,"accessibility":"unknown","metadata":{"source":"OpenStreetMap","sourceUrl":"https://www.openstreetmap.org/node/1312390381","lastVerified":"2026-08-10","verificationStatus":"verified"}}},{"type":"Feature","id":"osm-node-1312390383","geometry":{"type":"Point","coordinates":[-79.6667412,43.5483503]},"properties":{"kind":"path-intersection","buildingCode":null,"floor":null,"accessibility":"unknown","metadata":{"source":"OpenStreetMap","sourceUrl":"https://www.openstreetmap.org/node/1312390383","lastVerified":"2026-08-10","verificationStatus":"verified"}}},{"type":"Feature","id":"osm-node-1312390389","geometry":{"type":"Point","coordinates":[-79.6666629,43.5480461]},"properties":{"kind":"path-intersection","buildingCode":null,"floor":null,"accessibility":"unknown","metadata":{"source":"OpenStreetMap","sourceUrl":"https://www.openstreetmap.org/node/1312390389","lastVerified":"2026-08-10","verificationStatus":"verified"}}},{"type":"Feature","id":"osm-node-1312390392","geometry":{"type":"Point","coordinates":[-79.6672198,43.5486737]},"properties":{"kind":"path-intersection","buildingCode":null,"floor":null,"accessibility":"unknown","metadata":{"source":"OpenStreetMap","sourceUrl":"https://www.openstreetmap.org/node/1312390392","lastVerified":"2026-08-10","verificationStatus":"verified"}}},{"type":"Feature","id":"osm-node-1312390393","geometry":{"type":"Point","coordinates":[-79.666419,43.548195]},"properties":{"kind":"path-intersection","buildingCode":null,"floor":null,"accessibility":"unknown","metadata":{"source":"OpenStreetMap","sourceUrl":"https://www.openstreetmap.org/node/1312390393","lastVerified":"2026-08-10","verificationStatus":"verified"}}},{"type":"Feature","id":"osm-node-1312390395","geometry":{"type":"Point","coordinates":[-79.6666599,43.5480107]},"properties":{"kind":"path-intersection","buildingCode":null,"floor":null,"accessibility":"unknown","metadata":{"source":"OpenStreetMap","sourceUrl":"https://www.openstreetmap.org/node/1312390395","lastVerified":"2026-08-10","verificationStatus":"verified"}}},{"type":"Feature","id":"osm-node-1312390397","geometry":{"type":"Point","coordinates":[-79.6654125,43.5479252]},"properties":{"kind":"path-intersection","buildingCode":null,"floor":null,"accessibility":"unknown","metadata":{"source":"OpenStreetMap","sourceUrl":"https://www.openstreetmap.org/node/1312390397","lastVerified":"2026-08-10","verificationStatus":"verified"}}},{"type":"Feature","id":"osm-node-1312390399","geometry":{"type":"Point","coordinates":[-79.6635872,43.5485334]},"properties":{"kind":"path-intersection","buildingCode":null,"floor":null,"accessibility":"unknown","metadata":{"source":"OpenStreetMap","sourceUrl":"https://www.openstreetmap.org/node/1312390399","lastVerified":"2026-08-10","verificationStatus":"verified"}}},{"type":"Feature","id":"osm-node-1312390400","geometry":{"type":"Point","coordinates":[-79.6671858,43.548663]},"properties":{"kind":"path-intersection","buildingCode":null,"floor":null,"accessibility":"unknown","metadata":{"source":"OpenStreetMap","sourceUrl":"https://www.openstreetmap.org/node/1312390400","lastVerified":"2026-08-10","verificationStatus":"verified"}}},{"type":"Feature","id":"osm-node-1312390402","geometry":{"type":"Point","coordinates":[-79.6634817,43.5487129]},"properties":{"kind":"path-intersection","buildingCode":null,"floor":null,"accessibility":"unknown","metadata":{"source":"OpenStreetMap","sourceUrl":"https://www.openstreetmap.org/node/1312390402","lastVerified":"2026-08-10","verificationStatus":"verified"}}},{"type":"Feature","id":"osm-node-1312390404","geometry":{"type":"Point","coordinates":[-79.666382,43.548225]},"properties":{"kind":"path-intersection","buildingCode":null,"floor":null,"accessibility":"unknown","metadata":{"source":"OpenStreetMap","sourceUrl":"https://www.openstreetmap.org/node/1312390404","lastVerified":"2026-08-10","verificationStatus":"verified"}}},{"type":"Feature","id":"osm-node-1312390405","geometry":{"type":"Point","coordinates":[-79.6675097,43.5487613]},"properties":{"kind":"path-intersection","buildingCode":null,"floor":null,"accessibility":"unknown","metadata":{"source":"OpenStreetMap","sourceUrl":"https://www.openstreetmap.org/node/1312390405","lastVerified":"2026-08-10","verificationStatus":"verified"}}},{"type":"Feature","id":"osm-node-1312390408","geometry":{"type":"Point","coordinates":[-79.6667486,43.5484864]},"properties":{"kind":"path-intersection","buildingCode":null,"floor":null,"accessibility":"unknown","metadata":{"source":"OpenStreetMap","sourceUrl":"https://www.openstreetmap.org/node/1312390408","lastVerified":"2026-08-10","verificationStatus":"verified"}}},{"type":"Feature","id":"osm-node-1312390409","geometry":{"type":"Point","coordinates":[-79.6639773,43.5480076]},"properties":{"kind":"path-intersection","buildingCode":null,"floor":null,"accessibility":"unknown","metadata":{"source":"OpenStreetMap","sourceUrl":"https://www.openstreetmap.org/node/1312390409","lastVerified":"2026-08-10","verificationStatus":"verified"}}},{"type":"Feature","id":"osm-node-1312390412","geometry":{"type":"Point","coordinates":[-79.6669422,43.5481361]},"properties":{"kind":"path-intersection","buildingCode":null,"floor":null,"accessibility":"unknown","metadata":{"source":"OpenStreetMap","sourceUrl":"https://www.openstreetmap.org/node/1312390412","lastVerified":"2026-08-10","verificationStatus":"verified"}}},{"type":"Feature","id":"osm-node-1312390413","geometry":{"type":"Point","coordinates":[-79.6633283,43.5487718]},"properties":{"kind":"path-intersection","buildingCode":null,"floor":null,"accessibility":"unknown","metadata":{"source":"OpenStreetMap","sourceUrl":"https://www.openstreetmap.org/node/1312390413","lastVerified":"2026-08-10","verificationStatus":"verified"}}},{"type":"Feature","id":"osm-node-1312390415","geometry":{"type":"Point","coordinates":[-79.6656915,43.5477147]},"properties":{"kind":"path-intersection","buildingCode":null,"floor":null,"accessibility":"unknown","metadata":{"source":"OpenStreetMap","sourceUrl":"https://www.openstreetmap.org/node/1312390415","lastVerified":"2026-08-10","verificationStatus":"verified"}}},{"type":"Feature","id":"osm-node-1312390416","geometry":{"type":"Point","coordinates":[-79.6672701,43.5487648]},"properties":{"kind":"path-intersection","buildingCode":null,"floor":null,"accessibility":"unknown","metadata":{"source":"OpenStreetMap","sourceUrl":"https://www.openstreetmap.org/node/1312390416","lastVerified":"2026-08-10","verificationStatus":"verified"}}},{"type":"Feature","id":"osm-node-1312390418","geometry":{"type":"Point","coordinates":[-79.6640969,43.5484435]},"properties":{"kind":"crosswalk","buildingCode":null,"floor":null,"accessibility":"unknown","metadata":{"source":"OpenStreetMap","sourceUrl":"https://www.openstreetmap.org/node/1312390418","lastVerified":"2026-08-10","verificationStatus":"verified"}}},{"type":"Feature","id":"osm-node-1312390419","geometry":{"type":"Point","coordinates":[-79.6667649,43.5484028]},"properties":{"kind":"path-intersection","buildingCode":null,"floor":null,"accessibility":"unknown","metadata":{"source":"OpenStreetMap","sourceUrl":"https://www.openstreetmap.org/node/1312390419","lastVerified":"2026-08-10","verificationStatus":"verified"}}},{"type":"Feature","id":"osm-node-1312390420","geometry":{"type":"Point","coordinates":[-79.6637082,43.5479359]},"properties":{"kind":"path-intersection","buildingCode":null,"floor":null,"accessibility":"unknown","metadata":{"source":"OpenStreetMap","sourceUrl":"https://www.openstreetmap.org/node/1312390420","lastVerified":"2026-08-10","verificationStatus":"verified"}}},{"type":"Feature","id":"osm-node-1312390426","geometry":{"type":"Point","coordinates":[-79.6668033,43.5482668]},"properties":{"kind":"path-intersection","buildingCode":null,"floor":null,"accessibility":"unknown","metadata":{"source":"OpenStreetMap","sourceUrl":"https://www.openstreetmap.org/node/1312390426","lastVerified":"2026-08-10","verificationStatus":"verified"}}},{"type":"Feature","id":"osm-node-1312390427","geometry":{"type":"Point","coordinates":[-79.6669334,43.548578]},"properties":{"kind":"path-intersection","buildingCode":null,"floor":null,"accessibility":"unknown","metadata":{"source":"OpenStreetMap","sourceUrl":"https://www.openstreetmap.org/node/1312390427","lastVerified":"2026-08-10","verificationStatus":"verified"}}},{"type":"Feature","id":"osm-node-1312390428","geometry":{"type":"Point","coordinates":[-79.6673129,43.5484939]},"properties":{"kind":"path-intersection","buildingCode":null,"floor":null,"accessibility":"unknown","metadata":{"source":"OpenStreetMap","sourceUrl":"https://www.openstreetmap.org/node/1312390428","lastVerified":"2026-08-10","verificationStatus":"verified"}}},{"type":"Feature","id":"osm-node-1312390429","geometry":{"type":"Point","coordinates":[-79.6665828,43.5482158]},"properties":{"kind":"path-intersection","buildingCode":null,"floor":null,"accessibility":"unknown","metadata":{"source":"OpenStreetMap","sourceUrl":"https://www.openstreetmap.org/node/1312390429","lastVerified":"2026-08-10","verificationStatus":"verified"}}},{"type":"Feature","id":"osm-node-1312390430","geometry":{"type":"Point","coordinates":[-79.6672541,43.5482169]},"properties":{"kind":"path-intersection","buildingCode":null,"floor":null,"accessibility":"unknown","metadata":{"source":"OpenStreetMap","sourceUrl":"https://www.openstreetmap.org/node/1312390430","lastVerified":"2026-08-10","verificationStatus":"verified"}}},{"type":"Feature","id":"osm-node-1312390431","geometry":{"type":"Point","coordinates":[-79.6669097,43.5482464]},"properties":{"kind":"path-intersection","buildingCode":null,"floor":null,"accessibility":"unknown","metadata":{"source":"OpenStreetMap","sourceUrl":"https://www.openstreetmap.org/node/1312390431","lastVerified":"2026-08-10","verificationStatus":"verified"}}},{"type":"Feature","id":"osm-node-1312390432","geometry":{"type":"Point","coordinates":[-79.6658805,43.5477025]},"properties":{"kind":"path-intersection","buildingCode":null,"floor":null,"accessibility":"unknown","metadata":{"source":"OpenStreetMap","sourceUrl":"https://www.openstreetmap.org/node/1312390432","lastVerified":"2026-08-10","verificationStatus":"verified"}}},{"type":"Feature","id":"osm-node-1312390433","geometry":{"type":"Point","coordinates":[-79.6636137,43.5486556]},"properties":{"kind":"path-intersection","buildingCode":null,"floor":null,"accessibility":"unknown","metadata":{"source":"OpenStreetMap","sourceUrl":"https://www.openstreetmap.org/node/1312390433","lastVerified":"2026-08-10","verificationStatus":"verified"}}},{"type":"Feature","id":"osm-node-1312390438","geometry":{"type":"Point","coordinates":[-79.6669481,43.5483514]},"properties":{"kind":"building-entrance","buildingCode":"RIH","floor":null,"accessibility":"unknown","label":"Mapped residence approach","notes":"A mapped footway within the residence complex is used because individual doors are not entrance-tagged.","metadata":{"source":"OpenStreetMap","sourceUrl":"https://www.openstreetmap.org/node/1312390438","lastVerified":"2026-08-10","verificationStatus":"inferred"}}},{"type":"Feature","id":"osm-node-1312390439","geometry":{"type":"Point","coordinates":[-79.6674418,43.5479834]},"properties":{"kind":"path-intersection","buildingCode":null,"floor":null,"accessibility":"unknown","metadata":{"source":"OpenStreetMap","sourceUrl":"https://www.openstreetmap.org/node/1312390439","lastVerified":"2026-08-10","verificationStatus":"verified"}}},{"type":"Feature","id":"osm-node-1312390441","geometry":{"type":"Point","coordinates":[-79.6666244,43.5480953]},"properties":{"kind":"path-intersection","buildingCode":null,"floor":null,"accessibility":"unknown","metadata":{"source":"OpenStreetMap","sourceUrl":"https://www.openstreetmap.org/node/1312390441","lastVerified":"2026-08-10","verificationStatus":"verified"}}},{"type":"Feature","id":"osm-node-1312390444","geometry":{"type":"Point","coordinates":[-79.6670014,43.548165]},"properties":{"kind":"path-intersection","buildingCode":null,"floor":null,"accessibility":"unknown","metadata":{"source":"OpenStreetMap","sourceUrl":"https://www.openstreetmap.org/node/1312390444","lastVerified":"2026-08-10","verificationStatus":"verified"}}},{"type":"Feature","id":"osm-node-1312390447","geometry":{"type":"Point","coordinates":[-79.663744,43.5486165]},"properties":{"kind":"path-intersection","buildingCode":null,"floor":null,"accessibility":"unknown","metadata":{"source":"OpenStreetMap","sourceUrl":"https://www.openstreetmap.org/node/1312390447","lastVerified":"2026-08-10","verificationStatus":"verified"}}},{"type":"Feature","id":"osm-node-1312390449","geometry":{"type":"Point","coordinates":[-79.6673783,43.5484387]},"properties":{"kind":"path-intersection","buildingCode":null,"floor":null,"accessibility":"unknown","metadata":{"source":"OpenStreetMap","sourceUrl":"https://www.openstreetmap.org/node/1312390449","lastVerified":"2026-08-10","verificationStatus":"verified"}}},{"type":"Feature","id":"osm-node-1312390451","geometry":{"type":"Point","coordinates":[-79.6671979,43.5482576]},"properties":{"kind":"path-intersection","buildingCode":null,"floor":null,"accessibility":"unknown","metadata":{"source":"OpenStreetMap","sourceUrl":"https://www.openstreetmap.org/node/1312390451","lastVerified":"2026-08-10","verificationStatus":"verified"}}},{"type":"Feature","id":"osm-node-1312390454","geometry":{"type":"Point","coordinates":[-79.666497,43.5481864]},"properties":{"kind":"path-intersection","buildingCode":null,"floor":null,"accessibility":"unknown","metadata":{"source":"OpenStreetMap","sourceUrl":"https://www.openstreetmap.org/node/1312390454","lastVerified":"2026-08-10","verificationStatus":"verified"}}},{"type":"Feature","id":"osm-node-1312390456","geometry":{"type":"Point","coordinates":[-79.6666037,43.547888]},"properties":{"kind":"path-intersection","buildingCode":null,"floor":null,"accessibility":"unknown","metadata":{"source":"OpenStreetMap","sourceUrl":"https://www.openstreetmap.org/node/1312390456","lastVerified":"2026-08-10","verificationStatus":"verified"}}},{"type":"Feature","id":"osm-node-1312390459","geometry":{"type":"Point","coordinates":[-79.6668666,43.5486555]},"properties":{"kind":"path-intersection","buildingCode":null,"floor":null,"accessibility":"unknown","metadata":{"source":"OpenStreetMap","sourceUrl":"https://www.openstreetmap.org/node/1312390459","lastVerified":"2026-08-10","verificationStatus":"verified"}}},{"type":"Feature","id":"osm-node-1312390461","geometry":{"type":"Point","coordinates":[-79.665308,43.5476705]},"properties":{"kind":"path-intersection","buildingCode":null,"floor":null,"accessibility":"unknown","metadata":{"source":"OpenStreetMap","sourceUrl":"https://www.openstreetmap.org/node/1312390461","lastVerified":"2026-08-10","verificationStatus":"verified"}}},{"type":"Feature","id":"osm-node-1312390465","geometry":{"type":"Point","coordinates":[-79.6668683,43.5482228]},"properties":{"kind":"path-intersection","buildingCode":null,"floor":null,"accessibility":"unknown","metadata":{"source":"OpenStreetMap","sourceUrl":"https://www.openstreetmap.org/node/1312390465","lastVerified":"2026-08-10","verificationStatus":"verified"}}},{"type":"Feature","id":"osm-node-1312390466","geometry":{"type":"Point","coordinates":[-79.6669878,43.5487552]},"properties":{"kind":"path-intersection","buildingCode":null,"floor":null,"accessibility":"unknown","metadata":{"source":"OpenStreetMap","sourceUrl":"https://www.openstreetmap.org/node/1312390466","lastVerified":"2026-08-10","verificationStatus":"verified"}}},{"type":"Feature","id":"osm-node-1312390467","geometry":{"type":"Point","coordinates":[-79.663563,43.5486834]},"properties":{"kind":"path-intersection","buildingCode":null,"floor":null,"accessibility":"unknown","metadata":{"source":"OpenStreetMap","sourceUrl":"https://www.openstreetmap.org/node/1312390467","lastVerified":"2026-08-10","verificationStatus":"verified"}}},{"type":"Feature","id":"osm-node-1312390468","geometry":{"type":"Point","coordinates":[-79.6661222,43.5483795]},"properties":{"kind":"path-intersection","buildingCode":null,"floor":null,"accessibility":"unknown","metadata":{"source":"OpenStreetMap","sourceUrl":"https://www.openstreetmap.org/node/1312390468","lastVerified":"2026-08-10","verificationStatus":"verified"}}},{"type":"Feature","id":"osm-node-1312390469","geometry":{"type":"Point","coordinates":[-79.6664692,43.5478013]},"properties":{"kind":"path-intersection","buildingCode":null,"floor":null,"accessibility":"unknown","metadata":{"source":"OpenStreetMap","sourceUrl":"https://www.openstreetmap.org/node/1312390469","lastVerified":"2026-08-10","verificationStatus":"verified"}}},{"type":"Feature","id":"osm-node-1312390471","geometry":{"type":"Point","coordinates":[-79.6667678,43.5484939]},"properties":{"kind":"path-intersection","buildingCode":null,"floor":null,"accessibility":"unknown","metadata":{"source":"OpenStreetMap","sourceUrl":"https://www.openstreetmap.org/node/1312390471","lastVerified":"2026-08-10","verificationStatus":"verified"}}},{"type":"Feature","id":"osm-node-1312390481","geometry":{"type":"Point","coordinates":[-79.6674064,43.5481098]},"properties":{"kind":"path-intersection","buildingCode":null,"floor":null,"accessibility":"unknown","metadata":{"source":"OpenStreetMap","sourceUrl":"https://www.openstreetmap.org/node/1312390481","lastVerified":"2026-08-10","verificationStatus":"verified"}}},{"type":"Feature","id":"osm-node-1312390483","geometry":{"type":"Point","coordinates":[-79.667279,43.5486212]},"properties":{"kind":"path-intersection","buildingCode":null,"floor":null,"accessibility":"unknown","metadata":{"source":"OpenStreetMap","sourceUrl":"https://www.openstreetmap.org/node/1312390483","lastVerified":"2026-08-10","verificationStatus":"verified"}}},{"type":"Feature","id":"osm-node-1312390485","geometry":{"type":"Point","coordinates":[-79.6667323,43.5482989]},"properties":{"kind":"path-intersection","buildingCode":null,"floor":null,"accessibility":"unknown","metadata":{"source":"OpenStreetMap","sourceUrl":"https://www.openstreetmap.org/node/1312390485","lastVerified":"2026-08-10","verificationStatus":"verified"}}},{"type":"Feature","id":"osm-node-1312390486","geometry":{"type":"Point","coordinates":[-79.6665431,43.5481382]},"properties":{"kind":"path-intersection","buildingCode":null,"floor":null,"accessibility":"unknown","metadata":{"source":"OpenStreetMap","sourceUrl":"https://www.openstreetmap.org/node/1312390486","lastVerified":"2026-08-10","verificationStatus":"verified"}}},{"type":"Feature","id":"osm-node-1312390488","geometry":{"type":"Point","coordinates":[-79.665822,43.5483223]},"properties":{"kind":"path-intersection","buildingCode":null,"floor":null,"accessibility":"unknown","metadata":{"source":"OpenStreetMap","sourceUrl":"https://www.openstreetmap.org/node/1312390488","lastVerified":"2026-08-10","verificationStatus":"verified"}}},{"type":"Feature","id":"osm-node-1312390495","geometry":{"type":"Point","coordinates":[-79.6669493,43.548587]},"properties":{"kind":"path-intersection","buildingCode":null,"floor":null,"accessibility":"unknown","metadata":{"source":"OpenStreetMap","sourceUrl":"https://www.openstreetmap.org/node/1312390495","lastVerified":"2026-08-10","verificationStatus":"verified"}}},{"type":"Feature","id":"osm-node-1312390496","geometry":{"type":"Point","coordinates":[-79.6652357,43.5476947]},"properties":{"kind":"crosswalk","buildingCode":null,"floor":null,"accessibility":"unknown","metadata":{"source":"OpenStreetMap","sourceUrl":"https://www.openstreetmap.org/node/1312390496","lastVerified":"2026-08-10","verificationStatus":"verified"}}},{"type":"Feature","id":"osm-node-1312390498","geometry":{"type":"Point","coordinates":[-79.66696,43.5483085]},"properties":{"kind":"path-intersection","buildingCode":null,"floor":null,"accessibility":"unknown","metadata":{"source":"OpenStreetMap","sourceUrl":"https://www.openstreetmap.org/node/1312390498","lastVerified":"2026-08-10","verificationStatus":"verified"}}},{"type":"Feature","id":"osm-node-1312390499","geometry":{"type":"Point","coordinates":[-79.6672834,43.5485388]},"properties":{"kind":"path-intersection","buildingCode":null,"floor":null,"accessibility":"unknown","metadata":{"source":"OpenStreetMap","sourceUrl":"https://www.openstreetmap.org/node/1312390499","lastVerified":"2026-08-10","verificationStatus":"verified"}}},{"type":"Feature","id":"osm-node-1312390500","geometry":{"type":"Point","coordinates":[-79.6667013,43.5482732]},"properties":{"kind":"path-intersection","buildingCode":null,"floor":null,"accessibility":"unknown","metadata":{"source":"OpenStreetMap","sourceUrl":"https://www.openstreetmap.org/node/1312390500","lastVerified":"2026-08-10","verificationStatus":"verified"}}},{"type":"Feature","id":"osm-node-1312390501","geometry":{"type":"Point","coordinates":[-79.6666318,43.5479255]},"properties":{"kind":"path-intersection","buildingCode":null,"floor":null,"accessibility":"unknown","metadata":{"source":"OpenStreetMap","sourceUrl":"https://www.openstreetmap.org/node/1312390501","lastVerified":"2026-08-10","verificationStatus":"verified"}}},{"type":"Feature","id":"osm-node-1312390509","geometry":{"type":"Point","coordinates":[-79.6669348,43.5482721]},"properties":{"kind":"path-intersection","buildingCode":null,"floor":null,"accessibility":"unknown","metadata":{"source":"OpenStreetMap","sourceUrl":"https://www.openstreetmap.org/node/1312390509","lastVerified":"2026-08-10","verificationStatus":"verified"}}},{"type":"Feature","id":"osm-node-1312393145","geometry":{"type":"Point","coordinates":[-79.6636331,43.5488978]},"properties":{"kind":"path-intersection","buildingCode":null,"floor":null,"accessibility":"unknown","metadata":{"source":"OpenStreetMap","sourceUrl":"https://www.openstreetmap.org/node/1312393145","lastVerified":"2026-08-10","verificationStatus":"verified"}}},{"type":"Feature","id":"osm-node-1312393147","geometry":{"type":"Point","coordinates":[-79.663008,43.5488081]},"properties":{"kind":"path-intersection","buildingCode":null,"floor":null,"accessibility":"unknown","metadata":{"source":"OpenStreetMap","sourceUrl":"https://www.openstreetmap.org/node/1312393147","lastVerified":"2026-08-10","verificationStatus":"verified"}}},{"type":"Feature","id":"osm-node-1312393153","geometry":{"type":"Point","coordinates":[-79.6627634,43.5488456]},"properties":{"kind":"path-intersection","buildingCode":null,"floor":null,"accessibility":"unknown","metadata":{"source":"OpenStreetMap","sourceUrl":"https://www.openstreetmap.org/node/1312393153","lastVerified":"2026-08-10","verificationStatus":"verified"}}},{"type":"Feature","id":"osm-node-1312393156","geometry":{"type":"Point","coordinates":[-79.6628427,43.5488351]},"properties":{"kind":"path-intersection","buildingCode":null,"floor":null,"accessibility":"unknown","metadata":{"source":"OpenStreetMap","sourceUrl":"https://www.openstreetmap.org/node/1312393156","lastVerified":"2026-08-10","verificationStatus":"verified"}}},{"type":"Feature","id":"osm-node-1312393158","geometry":{"type":"Point","coordinates":[-79.6628463,43.5478358]},"properties":{"kind":"path-intersection","buildingCode":null,"floor":null,"accessibility":"unknown","metadata":{"source":"OpenStreetMap","sourceUrl":"https://www.openstreetmap.org/node/1312393158","lastVerified":"2026-08-10","verificationStatus":"verified"}}},{"type":"Feature","id":"osm-node-1312393159","geometry":{"type":"Point","coordinates":[-79.6643151,43.5485984]},"properties":{"kind":"path-intersection","buildingCode":null,"floor":null,"accessibility":"unknown","metadata":{"source":"OpenStreetMap","sourceUrl":"https://www.openstreetmap.org/node/1312393159","lastVerified":"2026-08-10","verificationStatus":"verified"}}},{"type":"Feature","id":"osm-node-1312393166","geometry":{"type":"Point","coordinates":[-79.6626008,43.5487202]},"properties":{"kind":"path-intersection","buildingCode":null,"floor":null,"accessibility":"unknown","metadata":{"source":"OpenStreetMap","sourceUrl":"https://www.openstreetmap.org/node/1312393166","lastVerified":"2026-08-10","verificationStatus":"verified"}}},{"type":"Feature","id":"osm-node-1312393169","geometry":{"type":"Point","coordinates":[-79.6623809,43.5485291]},"properties":{"kind":"path-intersection","buildingCode":null,"floor":null,"accessibility":"unknown","metadata":{"source":"OpenStreetMap","sourceUrl":"https://www.openstreetmap.org/node/1312393169","lastVerified":"2026-08-10","verificationStatus":"verified"}}},{"type":"Feature","id":"osm-node-1312393172","geometry":{"type":"Point","coordinates":[-79.6626178,43.5486559]},"properties":{"kind":"path-intersection","buildingCode":null,"floor":null,"accessibility":"unknown","metadata":{"source":"OpenStreetMap","sourceUrl":"https://www.openstreetmap.org/node/1312393172","lastVerified":"2026-08-10","verificationStatus":"verified"}}},{"type":"Feature","id":"osm-node-1312393174","geometry":{"type":"Point","coordinates":[-79.6638942,43.5483885]},"properties":{"kind":"path-intersection","buildingCode":null,"floor":null,"accessibility":"unknown","metadata":{"source":"OpenStreetMap","sourceUrl":"https://www.openstreetmap.org/node/1312393174","lastVerified":"2026-08-10","verificationStatus":"verified"}}},{"type":"Feature","id":"osm-node-1312393175","geometry":{"type":"Point","coordinates":[-79.6626731,43.5488195]},"properties":{"kind":"path-intersection","buildingCode":null,"floor":null,"accessibility":"unknown","metadata":{"source":"OpenStreetMap","sourceUrl":"https://www.openstreetmap.org/node/1312393175","lastVerified":"2026-08-10","verificationStatus":"verified"}}},{"type":"Feature","id":"osm-node-1312393180","geometry":{"type":"Point","coordinates":[-79.6642501,43.5485723]},"properties":{"kind":"path-intersection","buildingCode":null,"floor":null,"accessibility":"unknown","metadata":{"source":"OpenStreetMap","sourceUrl":"https://www.openstreetmap.org/node/1312393180","lastVerified":"2026-08-10","verificationStatus":"verified"}}},{"type":"Feature","id":"osm-node-1312395473","geometry":{"type":"Point","coordinates":[-79.6618513,43.5489583]},"properties":{"kind":"path-intersection","buildingCode":null,"floor":null,"accessibility":"unknown","metadata":{"source":"OpenStreetMap","sourceUrl":"https://www.openstreetmap.org/node/1312395473","lastVerified":"2026-08-10","verificationStatus":"verified"}}},{"type":"Feature","id":"osm-node-1312395486","geometry":{"type":"Point","coordinates":[-79.6620076,43.549053]},"properties":{"kind":"path-intersection","buildingCode":null,"floor":null,"accessibility":"unknown","metadata":{"source":"OpenStreetMap","sourceUrl":"https://www.openstreetmap.org/node/1312395486","lastVerified":"2026-08-10","verificationStatus":"verified"}}},{"type":"Feature","id":"osm-node-1312395493","geometry":{"type":"Point","coordinates":[-79.6620876,43.5491212]},"properties":{"kind":"path-intersection","buildingCode":null,"floor":null,"accessibility":"unknown","metadata":{"source":"OpenStreetMap","sourceUrl":"https://www.openstreetmap.org/node/1312395493","lastVerified":"2026-08-10","verificationStatus":"verified"}}},{"type":"Feature","id":"osm-node-1312395496","geometry":{"type":"Point","coordinates":[-79.6620586,43.549088]},"properties":{"kind":"path-intersection","buildingCode":null,"floor":null,"accessibility":"unknown","metadata":{"source":"OpenStreetMap","sourceUrl":"https://www.openstreetmap.org/node/1312395496","lastVerified":"2026-08-10","verificationStatus":"verified"}}},{"type":"Feature","id":"osm-node-1312397453","geometry":{"type":"Point","coordinates":[-79.6647833,43.5469284]},"properties":{"kind":"path-intersection","buildingCode":null,"floor":null,"accessibility":"unknown","metadata":{"source":"OpenStreetMap","sourceUrl":"https://www.openstreetmap.org/node/1312397453","lastVerified":"2026-08-10","verificationStatus":"verified"}}},{"type":"Feature","id":"osm-node-1312397455","geometry":{"type":"Point","coordinates":[-79.6648163,43.5471785]},"properties":{"kind":"path-intersection","buildingCode":null,"floor":null,"accessibility":"unknown","metadata":{"source":"OpenStreetMap","sourceUrl":"https://www.openstreetmap.org/node/1312397455","lastVerified":"2026-08-10","verificationStatus":"verified"}}},{"type":"Feature","id":"osm-node-1312397457","geometry":{"type":"Point","coordinates":[-79.6647791,43.5470783]},"properties":{"kind":"path-intersection","buildingCode":null,"floor":null,"accessibility":"unknown","metadata":{"source":"OpenStreetMap","sourceUrl":"https://www.openstreetmap.org/node/1312397457","lastVerified":"2026-08-10","verificationStatus":"verified"}}},{"type":"Feature","id":"osm-node-1312397697","geometry":{"type":"Point","coordinates":[-79.6664101,43.5488315]},"properties":{"kind":"path-intersection","buildingCode":null,"floor":null,"accessibility":"unknown","metadata":{"source":"OpenStreetMap","sourceUrl":"https://www.openstreetmap.org/node/1312397697","lastVerified":"2026-08-10","verificationStatus":"verified"}}},{"type":"Feature","id":"osm-node-1312397700","geometry":{"type":"Point","coordinates":[-79.6671013,43.5490324]},"properties":{"kind":"path-intersection","buildingCode":null,"floor":null,"accessibility":"unknown","metadata":{"source":"OpenStreetMap","sourceUrl":"https://www.openstreetmap.org/node/1312397700","lastVerified":"2026-08-10","verificationStatus":"verified"}}},{"type":"Feature","id":"osm-node-1312397704","geometry":{"type":"Point","coordinates":[-79.6659573,43.5486229]},"properties":{"kind":"path-intersection","buildingCode":null,"floor":null,"accessibility":"unknown","metadata":{"source":"OpenStreetMap","sourceUrl":"https://www.openstreetmap.org/node/1312397704","lastVerified":"2026-08-10","verificationStatus":"verified"}}},{"type":"Feature","id":"osm-node-1312397707","geometry":{"type":"Point","coordinates":[-79.6659117,43.5485909]},"properties":{"kind":"path-intersection","buildingCode":null,"floor":null,"accessibility":"unknown","metadata":{"source":"OpenStreetMap","sourceUrl":"https://www.openstreetmap.org/node/1312397707","lastVerified":"2026-08-10","verificationStatus":"verified"}}},{"type":"Feature","id":"osm-node-1312397708","geometry":{"type":"Point","coordinates":[-79.667537,43.5493457]},"properties":{"kind":"path-intersection","buildingCode":null,"floor":null,"accessibility":"unknown","metadata":{"source":"OpenStreetMap","sourceUrl":"https://www.openstreetmap.org/node/1312397708","lastVerified":"2026-08-10","verificationStatus":"verified"}}},{"type":"Feature","id":"osm-node-1312397712","geometry":{"type":"Point","coordinates":[-79.6662079,43.5487164]},"properties":{"kind":"path-intersection","buildingCode":null,"floor":null,"accessibility":"unknown","metadata":{"source":"OpenStreetMap","sourceUrl":"https://www.openstreetmap.org/node/1312397712","lastVerified":"2026-08-10","verificationStatus":"verified"}}},{"type":"Feature","id":"osm-node-1312397713","geometry":{"type":"Point","coordinates":[-79.6660137,43.5485805]},"properties":{"kind":"path-intersection","buildingCode":null,"floor":null,"accessibility":"unknown","metadata":{"source":"OpenStreetMap","sourceUrl":"https://www.openstreetmap.org/node/1312397713","lastVerified":"2026-08-10","verificationStatus":"verified"}}},{"type":"Feature","id":"osm-node-1312397714","geometry":{"type":"Point","coordinates":[-79.6657327,43.5487967]},"properties":{"kind":"path-intersection","buildingCode":null,"floor":null,"accessibility":"unknown","metadata":{"source":"OpenStreetMap","sourceUrl":"https://www.openstreetmap.org/node/1312397714","lastVerified":"2026-08-10","verificationStatus":"verified"}}},{"type":"Feature","id":"osm-node-1312397716","geometry":{"type":"Point","coordinates":[-79.6664006,43.5488402]},"properties":{"kind":"path-intersection","buildingCode":null,"floor":null,"accessibility":"unknown","metadata":{"source":"OpenStreetMap","sourceUrl":"https://www.openstreetmap.org/node/1312397716","lastVerified":"2026-08-10","verificationStatus":"verified"}}},{"type":"Feature","id":"osm-node-1312397717","geometry":{"type":"Point","coordinates":[-79.6658168,43.548855]},"properties":{"kind":"path-intersection","buildingCode":null,"floor":null,"accessibility":"unknown","metadata":{"source":"OpenStreetMap","sourceUrl":"https://www.openstreetmap.org/node/1312397717","lastVerified":"2026-08-10","verificationStatus":"verified"}}},{"type":"Feature","id":"osm-node-1312398469","geometry":{"type":"Point","coordinates":[-79.6655598,43.5502729]},"properties":{"kind":"path-intersection","buildingCode":null,"floor":null,"accessibility":"unknown","metadata":{"source":"OpenStreetMap","sourceUrl":"https://www.openstreetmap.org/node/1312398469","lastVerified":"2026-08-10","verificationStatus":"verified"}}},{"type":"Feature","id":"osm-node-1312398476","geometry":{"type":"Point","coordinates":[-79.6666158,43.5502337]},"properties":{"kind":"path-intersection","buildingCode":null,"floor":null,"accessibility":"unknown","metadata":{"source":"OpenStreetMap","sourceUrl":"https://www.openstreetmap.org/node/1312398476","lastVerified":"2026-08-10","verificationStatus":"verified"}}},{"type":"Feature","id":"osm-node-1312398479","geometry":{"type":"Point","coordinates":[-79.6658293,43.5505088]},"properties":{"kind":"path-intersection","buildingCode":null,"floor":null,"accessibility":"unknown","metadata":{"source":"OpenStreetMap","sourceUrl":"https://www.openstreetmap.org/node/1312398479","lastVerified":"2026-08-10","verificationStatus":"verified"}}},{"type":"Feature","id":"osm-node-1312398485","geometry":{"type":"Point","coordinates":[-79.665718,43.5501522]},"properties":{"kind":"path-intersection","buildingCode":null,"floor":null,"accessibility":"unknown","metadata":{"source":"OpenStreetMap","sourceUrl":"https://www.openstreetmap.org/node/1312398485","lastVerified":"2026-08-10","verificationStatus":"verified"}}},{"type":"Feature","id":"osm-node-1312398489","geometry":{"type":"Point","coordinates":[-79.6669917,43.5504936]},"properties":{"kind":"path-intersection","buildingCode":null,"floor":null,"accessibility":"unknown","metadata":{"source":"OpenStreetMap","sourceUrl":"https://www.openstreetmap.org/node/1312398489","lastVerified":"2026-08-10","verificationStatus":"verified"}}},{"type":"Feature","id":"osm-node-1312400143","geometry":{"type":"Point","coordinates":[-79.6629788,43.5510677]},"properties":{"kind":"path-intersection","buildingCode":null,"floor":null,"accessibility":"unknown","metadata":{"source":"OpenStreetMap","sourceUrl":"https://www.openstreetmap.org/node/1312400143","lastVerified":"2026-08-10","verificationStatus":"verified"}}},{"type":"Feature","id":"osm-node-1312400145","geometry":{"type":"Point","coordinates":[-79.6632191,43.5506825]},"properties":{"kind":"path-intersection","buildingCode":null,"floor":null,"accessibility":"unknown","metadata":{"source":"OpenStreetMap","sourceUrl":"https://www.openstreetmap.org/node/1312400145","lastVerified":"2026-08-10","verificationStatus":"verified"}}},{"type":"Feature","id":"osm-node-1312400168","geometry":{"type":"Point","coordinates":[-79.663037,43.5510751]},"properties":{"kind":"path-intersection","buildingCode":null,"floor":null,"accessibility":"unknown","metadata":{"source":"OpenStreetMap","sourceUrl":"https://www.openstreetmap.org/node/1312400168","lastVerified":"2026-08-10","verificationStatus":"verified"}}},{"type":"Feature","id":"osm-node-1312400176","geometry":{"type":"Point","coordinates":[-79.6631211,43.5510859]},"properties":{"kind":"path-intersection","buildingCode":null,"floor":null,"accessibility":"unknown","metadata":{"source":"OpenStreetMap","sourceUrl":"https://www.openstreetmap.org/node/1312400176","lastVerified":"2026-08-10","verificationStatus":"verified"}}},{"type":"Feature","id":"osm-node-1312403099","geometry":{"type":"Point","coordinates":[-79.6636735,43.5518366]},"properties":{"kind":"path-intersection","buildingCode":null,"floor":null,"accessibility":"unknown","metadata":{"source":"OpenStreetMap","sourceUrl":"https://www.openstreetmap.org/node/1312403099","lastVerified":"2026-08-10","verificationStatus":"verified"}}},{"type":"Feature","id":"osm-node-1312470623","geometry":{"type":"Point","coordinates":[-79.6679172,43.5494643]},"properties":{"kind":"path-intersection","buildingCode":null,"floor":null,"accessibility":"unknown","metadata":{"source":"OpenStreetMap","sourceUrl":"https://www.openstreetmap.org/node/1312470623","lastVerified":"2026-08-10","verificationStatus":"verified"}}},{"type":"Feature","id":"osm-node-1312470625","geometry":{"type":"Point","coordinates":[-79.6672661,43.5491757]},"properties":{"kind":"path-intersection","buildingCode":null,"floor":null,"accessibility":"unknown","metadata":{"source":"OpenStreetMap","sourceUrl":"https://www.openstreetmap.org/node/1312470625","lastVerified":"2026-08-10","verificationStatus":"verified"}}},{"type":"Feature","id":"osm-node-1312470630","geometry":{"type":"Point","coordinates":[-79.6671122,43.5494972]},"properties":{"kind":"building-entrance","buildingCode":"NRB","floor":null,"accessibility":"unknown","label":"Five Minute Walk approach","notes":"The official residence opens in September 2026; a mapped footway approach is used until an entrance-tagged door is published.","metadata":{"source":"OpenStreetMap and UTM Student Housing & Residence Life","sourceUrl":"https://www.utm.utoronto.ca/housing/new-residence-building","lastVerified":"2026-08-10","verificationStatus":"inferred"}}},{"type":"Feature","id":"osm-node-1312470678","geometry":{"type":"Point","coordinates":[-79.6675803,43.5497498]},"properties":{"kind":"path-intersection","buildingCode":null,"floor":null,"accessibility":"unknown","metadata":{"source":"OpenStreetMap","sourceUrl":"https://www.openstreetmap.org/node/1312470678","lastVerified":"2026-08-10","verificationStatus":"verified"}}},{"type":"Feature","id":"osm-node-1312470687","geometry":{"type":"Point","coordinates":[-79.6676635,43.5496586]},"properties":{"kind":"path-intersection","buildingCode":null,"floor":null,"accessibility":"unknown","metadata":{"source":"OpenStreetMap","sourceUrl":"https://www.openstreetmap.org/node/1312470687","lastVerified":"2026-08-10","verificationStatus":"verified"}}},{"type":"Feature","id":"osm-node-1312470701","geometry":{"type":"Point","coordinates":[-79.6675526,43.5498218]},"properties":{"kind":"path-intersection","buildingCode":null,"floor":null,"accessibility":"unknown","metadata":{"source":"OpenStreetMap","sourceUrl":"https://www.openstreetmap.org/node/1312470701","lastVerified":"2026-08-10","verificationStatus":"verified"}}},{"type":"Feature","id":"osm-node-1312472028","geometry":{"type":"Point","coordinates":[-79.661899,43.5489479]},"properties":{"kind":"path-intersection","buildingCode":null,"floor":null,"accessibility":"unknown","metadata":{"source":"OpenStreetMap","sourceUrl":"https://www.openstreetmap.org/node/1312472028","lastVerified":"2026-08-10","verificationStatus":"verified"}}},{"type":"Feature","id":"osm-node-1312572620","geometry":{"type":"Point","coordinates":[-79.6659145,43.5479429]},"properties":{"kind":"path-intersection","buildingCode":null,"floor":null,"accessibility":"unknown","metadata":{"source":"OpenStreetMap","sourceUrl":"https://www.openstreetmap.org/node/1312572620","lastVerified":"2026-08-10","verificationStatus":"verified"}}},{"type":"Feature","id":"osm-node-1312572621","geometry":{"type":"Point","coordinates":[-79.6662955,43.5477068]},"properties":{"kind":"path-intersection","buildingCode":null,"floor":null,"accessibility":"unknown","metadata":{"source":"OpenStreetMap","sourceUrl":"https://www.openstreetmap.org/node/1312572621","lastVerified":"2026-08-10","verificationStatus":"verified"}}},{"type":"Feature","id":"osm-node-1312572622","geometry":{"type":"Point","coordinates":[-79.6661418,43.5476385]},"properties":{"kind":"path-intersection","buildingCode":null,"floor":null,"accessibility":"unknown","metadata":{"source":"OpenStreetMap","sourceUrl":"https://www.openstreetmap.org/node/1312572622","lastVerified":"2026-08-10","verificationStatus":"verified"}}},{"type":"Feature","id":"osm-node-1312572623","geometry":{"type":"Point","coordinates":[-79.6658296,43.5477903]},"properties":{"kind":"path-intersection","buildingCode":null,"floor":null,"accessibility":"unknown","metadata":{"source":"OpenStreetMap","sourceUrl":"https://www.openstreetmap.org/node/1312572623","lastVerified":"2026-08-10","verificationStatus":"verified"}}},{"type":"Feature","id":"osm-node-1312572624","geometry":{"type":"Point","coordinates":[-79.6663247,43.5478265]},"properties":{"kind":"path-intersection","buildingCode":null,"floor":null,"accessibility":"unknown","metadata":{"source":"OpenStreetMap","sourceUrl":"https://www.openstreetmap.org/node/1312572624","lastVerified":"2026-08-10","verificationStatus":"verified"}}},{"type":"Feature","id":"osm-node-1312572625","geometry":{"type":"Point","coordinates":[-79.6663369,43.5477885]},"properties":{"kind":"building-entrance","buildingCode":"MC","floor":null,"accessibility":"unknown","label":"Mapped residence approach","notes":"A mapped footway within the townhouse complex is used because individual doors are not entrance-tagged.","metadata":{"source":"OpenStreetMap","sourceUrl":"https://www.openstreetmap.org/node/1312572625","lastVerified":"2026-08-10","verificationStatus":"inferred"}}},{"type":"Feature","id":"osm-node-1312572626","geometry":{"type":"Point","coordinates":[-79.6660124,43.5480728]},"properties":{"kind":"path-intersection","buildingCode":null,"floor":null,"accessibility":"unknown","metadata":{"source":"OpenStreetMap","sourceUrl":"https://www.openstreetmap.org/node/1312572626","lastVerified":"2026-08-10","verificationStatus":"verified"}}},{"type":"Feature","id":"osm-node-1312572627","geometry":{"type":"Point","coordinates":[-79.6657687,43.5482805]},"properties":{"kind":"path-intersection","buildingCode":null,"floor":null,"accessibility":"unknown","metadata":{"source":"OpenStreetMap","sourceUrl":"https://www.openstreetmap.org/node/1312572627","lastVerified":"2026-08-10","verificationStatus":"verified"}}},{"type":"Feature","id":"osm-node-1312572628","geometry":{"type":"Point","coordinates":[-79.6660375,43.5476413]},"properties":{"kind":"path-intersection","buildingCode":null,"floor":null,"accessibility":"unknown","metadata":{"source":"OpenStreetMap","sourceUrl":"https://www.openstreetmap.org/node/1312572628","lastVerified":"2026-08-10","verificationStatus":"verified"}}},{"type":"Feature","id":"osm-node-1312572629","geometry":{"type":"Point","coordinates":[-79.6658412,43.5478323]},"properties":{"kind":"path-intersection","buildingCode":null,"floor":null,"accessibility":"unknown","metadata":{"source":"OpenStreetMap","sourceUrl":"https://www.openstreetmap.org/node/1312572629","lastVerified":"2026-08-10","verificationStatus":"verified"}}},{"type":"Feature","id":"osm-node-1312572630","geometry":{"type":"Point","coordinates":[-79.665951,43.5476655]},"properties":{"kind":"path-intersection","buildingCode":null,"floor":null,"accessibility":"unknown","metadata":{"source":"OpenStreetMap","sourceUrl":"https://www.openstreetmap.org/node/1312572630","lastVerified":"2026-08-10","verificationStatus":"verified"}}},{"type":"Feature","id":"osm-node-1312577090","geometry":{"type":"Point","coordinates":[-79.662259,43.5463199]},"properties":{"kind":"path-intersection","buildingCode":null,"floor":null,"accessibility":"unknown","metadata":{"source":"OpenStreetMap","sourceUrl":"https://www.openstreetmap.org/node/1312577090","lastVerified":"2026-08-10","verificationStatus":"verified"}}},{"type":"Feature","id":"osm-node-1312577091","geometry":{"type":"Point","coordinates":[-79.6612725,43.546573]},"properties":{"kind":"path-intersection","buildingCode":null,"floor":null,"accessibility":"unknown","metadata":{"source":"OpenStreetMap","sourceUrl":"https://www.openstreetmap.org/node/1312577091","lastVerified":"2026-08-10","verificationStatus":"verified"}}},{"type":"Feature","id":"osm-node-1312577092","geometry":{"type":"Point","coordinates":[-79.6612644,43.5464443]},"properties":{"kind":"path-intersection","buildingCode":null,"floor":null,"accessibility":"unknown","metadata":{"source":"OpenStreetMap","sourceUrl":"https://www.openstreetmap.org/node/1312577092","lastVerified":"2026-08-10","verificationStatus":"verified"}}},{"type":"Feature","id":"osm-node-1312577093","geometry":{"type":"Point","coordinates":[-79.6612251,43.5458866]},"properties":{"kind":"path-intersection","buildingCode":null,"floor":null,"accessibility":"unknown","metadata":{"source":"OpenStreetMap","sourceUrl":"https://www.openstreetmap.org/node/1312577093","lastVerified":"2026-08-10","verificationStatus":"verified"}}},{"type":"Feature","id":"osm-node-1312577095","geometry":{"type":"Point","coordinates":[-79.6627121,43.5465831]},"properties":{"kind":"path-intersection","buildingCode":null,"floor":null,"accessibility":"unknown","metadata":{"source":"OpenStreetMap","sourceUrl":"https://www.openstreetmap.org/node/1312577095","lastVerified":"2026-08-10","verificationStatus":"verified"}}},{"type":"Feature","id":"osm-node-1312577096","geometry":{"type":"Point","coordinates":[-79.6619728,43.5458403]},"properties":{"kind":"path-intersection","buildingCode":null,"floor":null,"accessibility":"unknown","metadata":{"source":"OpenStreetMap","sourceUrl":"https://www.openstreetmap.org/node/1312577096","lastVerified":"2026-08-10","verificationStatus":"verified"}}},{"type":"Feature","id":"osm-node-1312577097","geometry":{"type":"Point","coordinates":[-79.6612533,43.5465451]},"properties":{"kind":"path-intersection","buildingCode":null,"floor":null,"accessibility":"unknown","metadata":{"source":"OpenStreetMap","sourceUrl":"https://www.openstreetmap.org/node/1312577097","lastVerified":"2026-08-10","verificationStatus":"verified"}}},{"type":"Feature","id":"osm-node-1312577098","geometry":{"type":"Point","coordinates":[-79.6613338,43.5463718]},"properties":{"kind":"path-intersection","buildingCode":null,"floor":null,"accessibility":"unknown","metadata":{"source":"OpenStreetMap","sourceUrl":"https://www.openstreetmap.org/node/1312577098","lastVerified":"2026-08-10","verificationStatus":"verified"}}},{"type":"Feature","id":"osm-node-1312577099","geometry":{"type":"Point","coordinates":[-79.6616615,43.545549]},"properties":{"kind":"path-intersection","buildingCode":null,"floor":null,"accessibility":"unknown","metadata":{"source":"OpenStreetMap","sourceUrl":"https://www.openstreetmap.org/node/1312577099","lastVerified":"2026-08-10","verificationStatus":"verified"}}},{"type":"Feature","id":"osm-node-1312577100","geometry":{"type":"Point","coordinates":[-79.6610027,43.5465381]},"properties":{"kind":"path-intersection","buildingCode":null,"floor":null,"accessibility":"unknown","metadata":{"source":"OpenStreetMap","sourceUrl":"https://www.openstreetmap.org/node/1312577100","lastVerified":"2026-08-10","verificationStatus":"verified"}}},{"type":"Feature","id":"osm-node-1312577101","geometry":{"type":"Point","coordinates":[-79.6621981,43.5462341]},"properties":{"kind":"path-intersection","buildingCode":null,"floor":null,"accessibility":"unknown","metadata":{"source":"OpenStreetMap","sourceUrl":"https://www.openstreetmap.org/node/1312577101","lastVerified":"2026-08-10","verificationStatus":"verified"}}},{"type":"Feature","id":"osm-node-1312577102","geometry":{"type":"Point","coordinates":[-79.662042,43.5460923]},"properties":{"kind":"path-intersection","buildingCode":null,"floor":null,"accessibility":"unknown","metadata":{"source":"OpenStreetMap","sourceUrl":"https://www.openstreetmap.org/node/1312577102","lastVerified":"2026-08-10","verificationStatus":"verified"}}},{"type":"Feature","id":"osm-node-1312577103","geometry":{"type":"Point","coordinates":[-79.6623596,43.5463903]},"properties":{"kind":"path-intersection","buildingCode":null,"floor":null,"accessibility":"unknown","metadata":{"source":"OpenStreetMap","sourceUrl":"https://www.openstreetmap.org/node/1312577103","lastVerified":"2026-08-10","verificationStatus":"verified"}}},{"type":"Feature","id":"osm-node-1312577107","geometry":{"type":"Point","coordinates":[-79.6634654,43.5459363]},"properties":{"kind":"path-intersection","buildingCode":null,"floor":null,"accessibility":"unknown","metadata":{"source":"OpenStreetMap","sourceUrl":"https://www.openstreetmap.org/node/1312577107","lastVerified":"2026-08-10","verificationStatus":"verified"}}},{"type":"Feature","id":"osm-node-1312577108","geometry":{"type":"Point","coordinates":[-79.6629408,43.5460476]},"properties":{"kind":"path-intersection","buildingCode":null,"floor":null,"accessibility":"unknown","metadata":{"source":"OpenStreetMap","sourceUrl":"https://www.openstreetmap.org/node/1312577108","lastVerified":"2026-08-10","verificationStatus":"verified"}}},{"type":"Feature","id":"osm-node-1312577207","geometry":{"type":"Point","coordinates":[-79.6627577,43.5463541]},"properties":{"kind":"path-intersection","buildingCode":null,"floor":null,"accessibility":"unknown","metadata":{"source":"OpenStreetMap","sourceUrl":"https://www.openstreetmap.org/node/1312577207","lastVerified":"2026-08-10","verificationStatus":"verified"}}},{"type":"Feature","id":"osm-node-1312577208","geometry":{"type":"Point","coordinates":[-79.6629875,43.5464507]},"properties":{"kind":"path-intersection","buildingCode":null,"floor":null,"accessibility":"unknown","metadata":{"source":"OpenStreetMap","sourceUrl":"https://www.openstreetmap.org/node/1312577208","lastVerified":"2026-08-10","verificationStatus":"verified"}}},{"type":"Feature","id":"osm-node-1312577209","geometry":{"type":"Point","coordinates":[-79.6628867,43.5464114]},"properties":{"kind":"path-intersection","buildingCode":null,"floor":null,"accessibility":"unknown","metadata":{"source":"OpenStreetMap","sourceUrl":"https://www.openstreetmap.org/node/1312577209","lastVerified":"2026-08-10","verificationStatus":"verified"}}},{"type":"Feature","id":"osm-node-1312578305","geometry":{"type":"Point","coordinates":[-79.6622842,43.5477576]},"properties":{"kind":"path-intersection","buildingCode":null,"floor":null,"accessibility":"unknown","metadata":{"source":"OpenStreetMap","sourceUrl":"https://www.openstreetmap.org/node/1312578305","lastVerified":"2026-08-10","verificationStatus":"verified"}}},{"type":"Feature","id":"osm-node-1312578306","geometry":{"type":"Point","coordinates":[-79.6631639,43.5466218]},"properties":{"kind":"path-intersection","buildingCode":null,"floor":null,"accessibility":"unknown","metadata":{"source":"OpenStreetMap","sourceUrl":"https://www.openstreetmap.org/node/1312578306","lastVerified":"2026-08-10","verificationStatus":"verified"}}},{"type":"Feature","id":"osm-node-1312578307","geometry":{"type":"Point","coordinates":[-79.6620139,43.5473944]},"properties":{"kind":"path-intersection","buildingCode":null,"floor":null,"accessibility":"unknown","metadata":{"source":"OpenStreetMap","sourceUrl":"https://www.openstreetmap.org/node/1312578307","lastVerified":"2026-08-10","verificationStatus":"verified"}}},{"type":"Feature","id":"osm-node-1312578308","geometry":{"type":"Point","coordinates":[-79.6634435,43.5478342]},"properties":{"kind":"path-intersection","buildingCode":null,"floor":null,"accessibility":"unknown","metadata":{"source":"OpenStreetMap","sourceUrl":"https://www.openstreetmap.org/node/1312578308","lastVerified":"2026-08-10","verificationStatus":"verified"}}},{"type":"Feature","id":"osm-node-1312578310","geometry":{"type":"Point","coordinates":[-79.6621126,43.5476792]},"properties":{"kind":"path-intersection","buildingCode":null,"floor":null,"accessibility":"unknown","metadata":{"source":"OpenStreetMap","sourceUrl":"https://www.openstreetmap.org/node/1312578310","lastVerified":"2026-08-10","verificationStatus":"verified"}}},{"type":"Feature","id":"osm-node-1312578311","geometry":{"type":"Point","coordinates":[-79.6620505,43.5473181]},"properties":{"kind":"path-intersection","buildingCode":null,"floor":null,"accessibility":"unknown","metadata":{"source":"OpenStreetMap","sourceUrl":"https://www.openstreetmap.org/node/1312578311","lastVerified":"2026-08-10","verificationStatus":"verified"}}},{"type":"Feature","id":"osm-node-1312578313","geometry":{"type":"Point","coordinates":[-79.6621643,43.5477106]},"properties":{"kind":"path-intersection","buildingCode":null,"floor":null,"accessibility":"unknown","metadata":{"source":"OpenStreetMap","sourceUrl":"https://www.openstreetmap.org/node/1312578313","lastVerified":"2026-08-10","verificationStatus":"verified"}}},{"type":"Feature","id":"osm-node-1312578314","geometry":{"type":"Point","coordinates":[-79.6629063,43.5466633]},"properties":{"kind":"path-intersection","buildingCode":null,"floor":null,"accessibility":"unknown","metadata":{"source":"OpenStreetMap","sourceUrl":"https://www.openstreetmap.org/node/1312578314","lastVerified":"2026-08-10","verificationStatus":"verified"}}},{"type":"Feature","id":"osm-node-1312578315","geometry":{"type":"Point","coordinates":[-79.6626818,43.5467535]},"properties":{"kind":"crosswalk","buildingCode":null,"floor":null,"accessibility":"unknown","metadata":{"source":"OpenStreetMap","sourceUrl":"https://www.openstreetmap.org/node/1312578315","lastVerified":"2026-08-10","verificationStatus":"verified"}}},{"type":"Feature","id":"osm-node-1312578322","geometry":{"type":"Point","coordinates":[-79.6635445,43.5478375]},"properties":{"kind":"path-intersection","buildingCode":null,"floor":null,"accessibility":"unknown","metadata":{"source":"OpenStreetMap","sourceUrl":"https://www.openstreetmap.org/node/1312578322","lastVerified":"2026-08-10","verificationStatus":"verified"}}},{"type":"Feature","id":"osm-node-1312578323","geometry":{"type":"Point","coordinates":[-79.6630896,43.5466534]},"properties":{"kind":"path-intersection","buildingCode":null,"floor":null,"accessibility":"unknown","metadata":{"source":"OpenStreetMap","sourceUrl":"https://www.openstreetmap.org/node/1312578323","lastVerified":"2026-08-10","verificationStatus":"verified"}}},{"type":"Feature","id":"osm-node-1312578325","geometry":{"type":"Point","coordinates":[-79.6629842,43.5478495]},"properties":{"kind":"path-intersection","buildingCode":null,"floor":null,"accessibility":"unknown","metadata":{"source":"OpenStreetMap","sourceUrl":"https://www.openstreetmap.org/node/1312578325","lastVerified":"2026-08-10","verificationStatus":"verified"}}},{"type":"Feature","id":"osm-node-1312578326","geometry":{"type":"Point","coordinates":[-79.6626617,43.5478373]},"properties":{"kind":"path-intersection","buildingCode":null,"floor":null,"accessibility":"unknown","metadata":{"source":"OpenStreetMap","sourceUrl":"https://www.openstreetmap.org/node/1312578326","lastVerified":"2026-08-10","verificationStatus":"verified"}}},{"type":"Feature","id":"osm-node-1312578327","geometry":{"type":"Point","coordinates":[-79.6622879,43.5470188]},"properties":{"kind":"path-intersection","buildingCode":null,"floor":null,"accessibility":"unknown","metadata":{"source":"OpenStreetMap","sourceUrl":"https://www.openstreetmap.org/node/1312578327","lastVerified":"2026-08-10","verificationStatus":"verified"}}},{"type":"Feature","id":"osm-node-1312578328","geometry":{"type":"Point","coordinates":[-79.6620567,43.5476068]},"properties":{"kind":"path-intersection","buildingCode":null,"floor":null,"accessibility":"unknown","metadata":{"source":"OpenStreetMap","sourceUrl":"https://www.openstreetmap.org/node/1312578328","lastVerified":"2026-08-10","verificationStatus":"verified"}}},{"type":"Feature","id":"osm-node-1312578330","geometry":{"type":"Point","coordinates":[-79.6623594,43.5477955]},"properties":{"kind":"path-intersection","buildingCode":null,"floor":null,"accessibility":"unknown","metadata":{"source":"OpenStreetMap","sourceUrl":"https://www.openstreetmap.org/node/1312578330","lastVerified":"2026-08-10","verificationStatus":"verified"}}},{"type":"Feature","id":"osm-node-1312578331","geometry":{"type":"Point","coordinates":[-79.6626251,43.5468063]},"properties":{"kind":"path-intersection","buildingCode":null,"floor":null,"accessibility":"unknown","metadata":{"source":"OpenStreetMap","sourceUrl":"https://www.openstreetmap.org/node/1312578331","lastVerified":"2026-08-10","verificationStatus":"verified"}}},{"type":"Feature","id":"osm-node-1312578332","geometry":{"type":"Point","coordinates":[-79.6624791,43.5478241]},"properties":{"kind":"path-intersection","buildingCode":null,"floor":null,"accessibility":"unknown","metadata":{"source":"OpenStreetMap","sourceUrl":"https://www.openstreetmap.org/node/1312578332","lastVerified":"2026-08-10","verificationStatus":"verified"}}},{"type":"Feature","id":"osm-node-1312578334","geometry":{"type":"Point","coordinates":[-79.6621065,43.5472056]},"properties":{"kind":"path-intersection","buildingCode":null,"floor":null,"accessibility":"unknown","metadata":{"source":"OpenStreetMap","sourceUrl":"https://www.openstreetmap.org/node/1312578334","lastVerified":"2026-08-10","verificationStatus":"verified"}}},{"type":"Feature","id":"osm-node-1312578335","geometry":{"type":"Point","coordinates":[-79.6622266,43.5477171]},"properties":{"kind":"path-intersection","buildingCode":null,"floor":null,"accessibility":"unknown","metadata":{"source":"OpenStreetMap","sourceUrl":"https://www.openstreetmap.org/node/1312578335","lastVerified":"2026-08-10","verificationStatus":"verified"}}},{"type":"Feature","id":"osm-node-1312578336","geometry":{"type":"Point","coordinates":[-79.6637017,43.5478711]},"properties":{"kind":"path-intersection","buildingCode":null,"floor":null,"accessibility":"unknown","metadata":{"source":"OpenStreetMap","sourceUrl":"https://www.openstreetmap.org/node/1312578336","lastVerified":"2026-08-10","verificationStatus":"verified"}}},{"type":"Feature","id":"osm-node-1312578337","geometry":{"type":"Point","coordinates":[-79.6621908,43.5471046]},"properties":{"kind":"path-intersection","buildingCode":null,"floor":null,"accessibility":"unknown","metadata":{"source":"OpenStreetMap","sourceUrl":"https://www.openstreetmap.org/node/1312578337","lastVerified":"2026-08-10","verificationStatus":"verified"}}},{"type":"Feature","id":"osm-node-1312579120","geometry":{"type":"Point","coordinates":[-79.6628687,43.5479701]},"properties":{"kind":"building-entrance","buildingCode":"KN","floor":null,"accessibility":"accessible","label":"Accessible main entrance B","metadata":{"source":"OpenStreetMap","sourceUrl":"https://www.openstreetmap.org/node/1312579120","lastVerified":"2026-08-10","verificationStatus":"verified"}}},{"type":"Feature","id":"osm-node-1312579656","geometry":{"type":"Point","coordinates":[-79.6624691,43.5478839]},"properties":{"kind":"path-intersection","buildingCode":null,"floor":null,"accessibility":"unknown","metadata":{"source":"OpenStreetMap","sourceUrl":"https://www.openstreetmap.org/node/1312579656","lastVerified":"2026-08-10","verificationStatus":"verified"}}},{"type":"Feature","id":"osm-node-1312585011","geometry":{"type":"Point","coordinates":[-79.6603732,43.5491774]},"properties":{"kind":"path-intersection","buildingCode":null,"floor":null,"accessibility":"unknown","metadata":{"source":"OpenStreetMap","sourceUrl":"https://www.openstreetmap.org/node/1312585011","lastVerified":"2026-08-10","verificationStatus":"verified"}}},{"type":"Feature","id":"osm-node-1312585013","geometry":{"type":"Point","coordinates":[-79.660322,43.5486808]},"properties":{"kind":"path-intersection","buildingCode":null,"floor":null,"accessibility":"unknown","metadata":{"source":"OpenStreetMap","sourceUrl":"https://www.openstreetmap.org/node/1312585013","lastVerified":"2026-08-10","verificationStatus":"verified"}}},{"type":"Feature","id":"osm-node-1312585019","geometry":{"type":"Point","coordinates":[-79.6602756,43.5496109]},"properties":{"kind":"path-intersection","buildingCode":null,"floor":null,"accessibility":"unknown","metadata":{"source":"OpenStreetMap","sourceUrl":"https://www.openstreetmap.org/node/1312585019","lastVerified":"2026-08-10","verificationStatus":"verified"}}},{"type":"Feature","id":"osm-node-1312585021","geometry":{"type":"Point","coordinates":[-79.6604454,43.5486293]},"properties":{"kind":"crosswalk","buildingCode":null,"floor":null,"accessibility":"unknown","metadata":{"source":"OpenStreetMap","sourceUrl":"https://www.openstreetmap.org/node/1312585021","lastVerified":"2026-08-10","verificationStatus":"verified"}}},{"type":"Feature","id":"osm-node-1312585023","geometry":{"type":"Point","coordinates":[-79.6604451,43.5485579]},"properties":{"kind":"crosswalk","buildingCode":null,"floor":null,"accessibility":"unknown","metadata":{"source":"OpenStreetMap","sourceUrl":"https://www.openstreetmap.org/node/1312585023","lastVerified":"2026-08-10","verificationStatus":"verified"}}},{"type":"Feature","id":"osm-node-1312589629","geometry":{"type":"Point","coordinates":[-79.658898,43.5481859]},"properties":{"kind":"path-intersection","buildingCode":null,"floor":null,"accessibility":"unknown","metadata":{"source":"OpenStreetMap","sourceUrl":"https://www.openstreetmap.org/node/1312589629","lastVerified":"2026-08-10","verificationStatus":"verified"}}},{"type":"Feature","id":"osm-node-1312589632","geometry":{"type":"Point","coordinates":[-79.6585468,43.5478511]},"properties":{"kind":"path-intersection","buildingCode":null,"floor":null,"accessibility":"unknown","metadata":{"source":"OpenStreetMap","sourceUrl":"https://www.openstreetmap.org/node/1312589632","lastVerified":"2026-08-10","verificationStatus":"verified"}}},{"type":"Feature","id":"osm-node-1312589634","geometry":{"type":"Point","coordinates":[-79.6593692,43.548524]},"properties":{"kind":"path-intersection","buildingCode":null,"floor":null,"accessibility":"unknown","metadata":{"source":"OpenStreetMap","sourceUrl":"https://www.openstreetmap.org/node/1312589634","lastVerified":"2026-08-10","verificationStatus":"verified"}}},{"type":"Feature","id":"osm-node-1312589635","geometry":{"type":"Point","coordinates":[-79.6585425,43.5477936]},"properties":{"kind":"path-intersection","buildingCode":null,"floor":null,"accessibility":"unknown","metadata":{"source":"OpenStreetMap","sourceUrl":"https://www.openstreetmap.org/node/1312589635","lastVerified":"2026-08-10","verificationStatus":"verified"}}},{"type":"Feature","id":"osm-node-1312589637","geometry":{"type":"Point","coordinates":[-79.659088,43.5483349]},"properties":{"kind":"path-intersection","buildingCode":null,"floor":null,"accessibility":"unknown","metadata":{"source":"OpenStreetMap","sourceUrl":"https://www.openstreetmap.org/node/1312589637","lastVerified":"2026-08-10","verificationStatus":"verified"}}},{"type":"Feature","id":"osm-node-1312589640","geometry":{"type":"Point","coordinates":[-79.6587076,43.5480366]},"properties":{"kind":"path-intersection","buildingCode":null,"floor":null,"accessibility":"unknown","metadata":{"source":"OpenStreetMap","sourceUrl":"https://www.openstreetmap.org/node/1312589640","lastVerified":"2026-08-10","verificationStatus":"verified"}}},{"type":"Feature","id":"osm-node-1312591186","geometry":{"type":"Point","coordinates":[-79.6641214,43.5465503]},"properties":{"kind":"path-intersection","buildingCode":null,"floor":null,"accessibility":"unknown","metadata":{"source":"OpenStreetMap","sourceUrl":"https://www.openstreetmap.org/node/1312591186","lastVerified":"2026-08-10","verificationStatus":"verified"}}},{"type":"Feature","id":"osm-node-1312591191","geometry":{"type":"Point","coordinates":[-79.6648372,43.546614]},"properties":{"kind":"path-intersection","buildingCode":null,"floor":null,"accessibility":"unknown","metadata":{"source":"OpenStreetMap","sourceUrl":"https://www.openstreetmap.org/node/1312591191","lastVerified":"2026-08-10","verificationStatus":"verified"}}},{"type":"Feature","id":"osm-node-1312591193","geometry":{"type":"Point","coordinates":[-79.6645929,43.5462157]},"properties":{"kind":"path-intersection","buildingCode":null,"floor":null,"accessibility":"unknown","metadata":{"source":"OpenStreetMap","sourceUrl":"https://www.openstreetmap.org/node/1312591193","lastVerified":"2026-08-10","verificationStatus":"verified"}}},{"type":"Feature","id":"osm-node-1312591194","geometry":{"type":"Point","coordinates":[-79.664911,43.5462071]},"properties":{"kind":"path-intersection","buildingCode":null,"floor":null,"accessibility":"unknown","metadata":{"source":"OpenStreetMap","sourceUrl":"https://www.openstreetmap.org/node/1312591194","lastVerified":"2026-08-10","verificationStatus":"verified"}}},{"type":"Feature","id":"osm-node-1312591196","geometry":{"type":"Point","coordinates":[-79.6647704,43.5462655]},"properties":{"kind":"path-intersection","buildingCode":null,"floor":null,"accessibility":"unknown","metadata":{"source":"OpenStreetMap","sourceUrl":"https://www.openstreetmap.org/node/1312591196","lastVerified":"2026-08-10","verificationStatus":"verified"}}},{"type":"Feature","id":"osm-node-1312591199","geometry":{"type":"Point","coordinates":[-79.6645586,43.5462088]},"properties":{"kind":"path-intersection","buildingCode":null,"floor":null,"accessibility":"unknown","metadata":{"source":"OpenStreetMap","sourceUrl":"https://www.openstreetmap.org/node/1312591199","lastVerified":"2026-08-10","verificationStatus":"verified"}}},{"type":"Feature","id":"osm-node-1312591203","geometry":{"type":"Point","coordinates":[-79.6649164,43.546445]},"properties":{"kind":"path-intersection","buildingCode":null,"floor":null,"accessibility":"unknown","metadata":{"source":"OpenStreetMap","sourceUrl":"https://www.openstreetmap.org/node/1312591203","lastVerified":"2026-08-10","verificationStatus":"verified"}}},{"type":"Feature","id":"osm-node-1312591205","geometry":{"type":"Point","coordinates":[-79.6649147,43.5463126]},"properties":{"kind":"path-intersection","buildingCode":null,"floor":null,"accessibility":"unknown","metadata":{"source":"OpenStreetMap","sourceUrl":"https://www.openstreetmap.org/node/1312591205","lastVerified":"2026-08-10","verificationStatus":"verified"}}},{"type":"Feature","id":"osm-node-1312595304","geometry":{"type":"Point","coordinates":[-79.6641407,43.5466575]},"properties":{"kind":"path-intersection","buildingCode":null,"floor":null,"accessibility":"unknown","metadata":{"source":"OpenStreetMap","sourceUrl":"https://www.openstreetmap.org/node/1312595304","lastVerified":"2026-08-10","verificationStatus":"verified"}}},{"type":"Feature","id":"osm-node-1312598487","geometry":{"type":"Point","coordinates":[-79.6633631,43.5503236]},"properties":{"kind":"path-intersection","buildingCode":null,"floor":null,"accessibility":"unknown","metadata":{"source":"OpenStreetMap","sourceUrl":"https://www.openstreetmap.org/node/1312598487","lastVerified":"2026-08-10","verificationStatus":"verified"}}},{"type":"Feature","id":"osm-node-1312598490","geometry":{"type":"Point","coordinates":[-79.663296,43.5508844]},"properties":{"kind":"path-intersection","buildingCode":null,"floor":null,"accessibility":"unknown","metadata":{"source":"OpenStreetMap","sourceUrl":"https://www.openstreetmap.org/node/1312598490","lastVerified":"2026-08-10","verificationStatus":"verified"}}},{"type":"Feature","id":"osm-node-1312598491","geometry":{"type":"Point","coordinates":[-79.662977,43.5512984]},"properties":{"kind":"path-intersection","buildingCode":null,"floor":null,"accessibility":"unknown","metadata":{"source":"OpenStreetMap","sourceUrl":"https://www.openstreetmap.org/node/1312598491","lastVerified":"2026-08-10","verificationStatus":"verified"}}},{"type":"Feature","id":"osm-node-1312598492","geometry":{"type":"Point","coordinates":[-79.6636205,43.5491954]},"properties":{"kind":"path-intersection","buildingCode":null,"floor":null,"accessibility":"unknown","metadata":{"source":"OpenStreetMap","sourceUrl":"https://www.openstreetmap.org/node/1312598492","lastVerified":"2026-08-10","verificationStatus":"verified"}}},{"type":"Feature","id":"osm-node-1312598495","geometry":{"type":"Point","coordinates":[-79.6630145,43.5515939]},"properties":{"kind":"path-intersection","buildingCode":null,"floor":null,"accessibility":"unknown","metadata":{"source":"OpenStreetMap","sourceUrl":"https://www.openstreetmap.org/node/1312598495","lastVerified":"2026-08-10","verificationStatus":"verified"}}},{"type":"Feature","id":"osm-node-1312598496","geometry":{"type":"Point","coordinates":[-79.6630855,43.5514245]},"properties":{"kind":"path-intersection","buildingCode":null,"floor":null,"accessibility":"unknown","metadata":{"source":"OpenStreetMap","sourceUrl":"https://www.openstreetmap.org/node/1312598496","lastVerified":"2026-08-10","verificationStatus":"verified"}}},{"type":"Feature","id":"osm-node-1312598497","geometry":{"type":"Point","coordinates":[-79.6637352,43.5491258]},"properties":{"kind":"path-intersection","buildingCode":null,"floor":null,"accessibility":"unknown","metadata":{"source":"OpenStreetMap","sourceUrl":"https://www.openstreetmap.org/node/1312598497","lastVerified":"2026-08-10","verificationStatus":"verified"}}},{"type":"Feature","id":"osm-node-1312598498","geometry":{"type":"Point","coordinates":[-79.6634421,43.5496861]},"properties":{"kind":"path-intersection","buildingCode":null,"floor":null,"accessibility":"unknown","metadata":{"source":"OpenStreetMap","sourceUrl":"https://www.openstreetmap.org/node/1312598498","lastVerified":"2026-08-10","verificationStatus":"verified"}}},{"type":"Feature","id":"osm-node-1312598721","geometry":{"type":"Point","coordinates":[-79.6629074,43.5494658]},"properties":{"kind":"path-intersection","buildingCode":null,"floor":null,"accessibility":"unknown","metadata":{"source":"OpenStreetMap","sourceUrl":"https://www.openstreetmap.org/node/1312598721","lastVerified":"2026-08-10","verificationStatus":"verified"}}},{"type":"Feature","id":"osm-node-1312598723","geometry":{"type":"Point","coordinates":[-79.6627688,43.5494493]},"properties":{"kind":"path-intersection","buildingCode":null,"floor":null,"accessibility":"unknown","metadata":{"source":"OpenStreetMap","sourceUrl":"https://www.openstreetmap.org/node/1312598723","lastVerified":"2026-08-10","verificationStatus":"verified"}}},{"type":"Feature","id":"osm-node-1312598724","geometry":{"type":"Point","coordinates":[-79.6631253,43.5494171]},"properties":{"kind":"path-intersection","buildingCode":null,"floor":null,"accessibility":"unknown","metadata":{"source":"OpenStreetMap","sourceUrl":"https://www.openstreetmap.org/node/1312598724","lastVerified":"2026-08-10","verificationStatus":"verified"}}},{"type":"Feature","id":"osm-node-1312598726","geometry":{"type":"Point","coordinates":[-79.6631036,43.5494815]},"properties":{"kind":"path-intersection","buildingCode":null,"floor":null,"accessibility":"unknown","metadata":{"source":"OpenStreetMap","sourceUrl":"https://www.openstreetmap.org/node/1312598726","lastVerified":"2026-08-10","verificationStatus":"verified"}}},{"type":"Feature","id":"osm-node-13181249685","geometry":{"type":"Point","coordinates":[-79.677277,43.5457978]},"properties":{"kind":"path-intersection","buildingCode":null,"floor":null,"accessibility":"unknown","metadata":{"source":"OpenStreetMap","sourceUrl":"https://www.openstreetmap.org/node/13181249685","lastVerified":"2026-08-10","verificationStatus":"verified"}}},{"type":"Feature","id":"osm-node-1347493799","geometry":{"type":"Point","coordinates":[-79.6712794,43.5521507]},"properties":{"kind":"path-intersection","buildingCode":null,"floor":null,"accessibility":"unknown","metadata":{"source":"OpenStreetMap","sourceUrl":"https://www.openstreetmap.org/node/1347493799","lastVerified":"2026-08-10","verificationStatus":"verified"}}},{"type":"Feature","id":"osm-node-1347493800","geometry":{"type":"Point","coordinates":[-79.6722448,43.5513099]},"properties":{"kind":"path-intersection","buildingCode":null,"floor":null,"accessibility":"unknown","metadata":{"source":"OpenStreetMap","sourceUrl":"https://www.openstreetmap.org/node/1347493800","lastVerified":"2026-08-10","verificationStatus":"verified"}}},{"type":"Feature","id":"osm-node-13568025285","geometry":{"type":"Point","coordinates":[-79.6612981,43.5490848]},"properties":{"kind":"path-intersection","buildingCode":null,"floor":null,"accessibility":"unknown","metadata":{"source":"OpenStreetMap","sourceUrl":"https://www.openstreetmap.org/node/13568025285","lastVerified":"2026-08-10","verificationStatus":"verified"}}},{"type":"Feature","id":"osm-node-13568164832","geometry":{"type":"Point","coordinates":[-79.6606714,43.5479331]},"properties":{"kind":"building-entrance","buildingCode":"RAWC","floor":null,"accessibility":"unknown","label":"Main entrance","metadata":{"source":"OpenStreetMap","sourceUrl":"https://www.openstreetmap.org/node/13568164832","lastVerified":"2026-08-10","verificationStatus":"verified"}}},{"type":"Feature","id":"osm-node-13568164833","geometry":{"type":"Point","coordinates":[-79.663432,43.5492443]},"properties":{"kind":"path-intersection","buildingCode":null,"floor":null,"accessibility":"unknown","metadata":{"source":"OpenStreetMap","sourceUrl":"https://www.openstreetmap.org/node/13568164833","lastVerified":"2026-08-10","verificationStatus":"verified"}}},{"type":"Feature","id":"osm-node-13568164836","geometry":{"type":"Point","coordinates":[-79.6659651,43.5503162]},"properties":{"kind":"building-entrance","buildingCode":"DH","floor":null,"accessibility":"unknown","label":"Main entrance A","metadata":{"source":"OpenStreetMap","sourceUrl":"https://www.openstreetmap.org/node/13568164836","lastVerified":"2026-08-10","verificationStatus":"verified"}}},{"type":"Feature","id":"osm-node-13568164837","geometry":{"type":"Point","coordinates":[-79.6666995,43.5505658]},"properties":{"kind":"building-entrance","buildingCode":"DH","floor":null,"accessibility":"unknown","label":"Main entrance B","metadata":{"source":"OpenStreetMap","sourceUrl":"https://www.openstreetmap.org/node/13568164837","lastVerified":"2026-08-10","verificationStatus":"verified"}}},{"type":"Feature","id":"osm-node-13568164839","geometry":{"type":"Point","coordinates":[-79.6624668,43.5481922]},"properties":{"kind":"path-intersection","buildingCode":null,"floor":null,"accessibility":"unknown","metadata":{"source":"OpenStreetMap","sourceUrl":"https://www.openstreetmap.org/node/13568164839","lastVerified":"2026-08-10","verificationStatus":"verified"}}},{"type":"Feature","id":"osm-node-13568164840","geometry":{"type":"Point","coordinates":[-79.6627448,43.5482744]},"properties":{"kind":"path-intersection","buildingCode":null,"floor":null,"accessibility":"accessible","metadata":{"source":"OpenStreetMap","sourceUrl":"https://www.openstreetmap.org/node/13568164840","lastVerified":"2026-08-10","verificationStatus":"verified"}}},{"type":"Feature","id":"osm-node-13568164841","geometry":{"type":"Point","coordinates":[-79.6635084,43.5480958]},"properties":{"kind":"building-entrance","buildingCode":"KN","floor":null,"accessibility":"accessible","label":"Accessible main entrance A","metadata":{"source":"OpenStreetMap","sourceUrl":"https://www.openstreetmap.org/node/13568164841","lastVerified":"2026-08-10","verificationStatus":"verified"}}},{"type":"Feature","id":"osm-node-13568164842","geometry":{"type":"Point","coordinates":[-79.6632372,43.5485709]},"properties":{"kind":"building-entrance","buildingCode":"KN","floor":null,"accessibility":"accessible","label":"Accessible main entrance C","metadata":{"source":"OpenStreetMap","sourceUrl":"https://www.openstreetmap.org/node/13568164842","lastVerified":"2026-08-10","verificationStatus":"verified"}}},{"type":"Feature","id":"osm-node-13568164843","geometry":{"type":"Point","coordinates":[-79.6637236,43.5488462]},"properties":{"kind":"building-entrance","buildingCode":"XR","floor":null,"accessibility":"unknown","label":"Main entrance","metadata":{"source":"OpenStreetMap","sourceUrl":"https://www.openstreetmap.org/node/13568164843","lastVerified":"2026-08-10","verificationStatus":"verified"}}},{"type":"Feature","id":"osm-node-13568164844","geometry":{"type":"Point","coordinates":[-79.6625598,43.5494213]},"properties":{"kind":"building-entrance","buildingCode":"DV","floor":null,"accessibility":"accessible","label":"Accessible main entrance","metadata":{"source":"OpenStreetMap","sourceUrl":"https://www.openstreetmap.org/node/13568164844","lastVerified":"2026-08-10","verificationStatus":"verified"}}},{"type":"Feature","id":"osm-node-13568164845","geometry":{"type":"Point","coordinates":[-79.6626873,43.5495452]},"properties":{"kind":"building-entrance","buildingCode":"CCT","floor":null,"accessibility":"accessible","label":"Accessible entrance","metadata":{"source":"OpenStreetMap","sourceUrl":"https://www.openstreetmap.org/node/13568164845","lastVerified":"2026-08-10","verificationStatus":"verified"}}},{"type":"Feature","id":"osm-node-13568164846","geometry":{"type":"Point","coordinates":[-79.6623068,43.5494997]},"properties":{"kind":"building-entrance","buildingCode":"HB","floor":null,"accessibility":"unknown","label":"Main entrance B","metadata":{"source":"OpenStreetMap","sourceUrl":"https://www.openstreetmap.org/node/13568164846","lastVerified":"2026-08-10","verificationStatus":"verified"}}},{"type":"Feature","id":"osm-node-13568217348","geometry":{"type":"Point","coordinates":[-79.6642555,43.5478631]},"properties":{"kind":"path-intersection","buildingCode":null,"floor":null,"accessibility":"unknown","metadata":{"source":"OpenStreetMap","sourceUrl":"https://www.openstreetmap.org/node/13568217348","lastVerified":"2026-08-10","verificationStatus":"verified"}}},{"type":"Feature","id":"osm-node-13568522531","geometry":{"type":"Point","coordinates":[-79.6603356,43.549267]},"properties":{"kind":"path-intersection","buildingCode":null,"floor":null,"accessibility":"unknown","metadata":{"source":"OpenStreetMap","sourceUrl":"https://www.openstreetmap.org/node/13568522531","lastVerified":"2026-08-10","verificationStatus":"verified"}}},{"type":"Feature","id":"osm-node-13568522532","geometry":{"type":"Point","coordinates":[-79.6606962,43.5495111]},"properties":{"kind":"path-intersection","buildingCode":null,"floor":null,"accessibility":"unknown","metadata":{"source":"OpenStreetMap","sourceUrl":"https://www.openstreetmap.org/node/13568522532","lastVerified":"2026-08-10","verificationStatus":"verified"}}},{"type":"Feature","id":"osm-node-13568522535","geometry":{"type":"Point","coordinates":[-79.6614633,43.549373]},"properties":{"kind":"path-intersection","buildingCode":null,"floor":null,"accessibility":"unknown","metadata":{"source":"OpenStreetMap","sourceUrl":"https://www.openstreetmap.org/node/13568522535","lastVerified":"2026-08-10","verificationStatus":"verified"}}},{"type":"Feature","id":"osm-node-13568522536","geometry":{"type":"Point","coordinates":[-79.6611989,43.5495792]},"properties":{"kind":"path-intersection","buildingCode":null,"floor":null,"accessibility":"unknown","metadata":{"source":"OpenStreetMap","sourceUrl":"https://www.openstreetmap.org/node/13568522536","lastVerified":"2026-08-10","verificationStatus":"verified"}}},{"type":"Feature","id":"osm-node-13568522537","geometry":{"type":"Point","coordinates":[-79.661103,43.5494239]},"properties":{"kind":"path-intersection","buildingCode":null,"floor":null,"accessibility":"unknown","metadata":{"source":"OpenStreetMap","sourceUrl":"https://www.openstreetmap.org/node/13568522537","lastVerified":"2026-08-10","verificationStatus":"verified"}}},{"type":"Feature","id":"osm-node-13568522538","geometry":{"type":"Point","coordinates":[-79.6611107,43.549458]},"properties":{"kind":"path-intersection","buildingCode":null,"floor":null,"accessibility":"unknown","metadata":{"source":"OpenStreetMap","sourceUrl":"https://www.openstreetmap.org/node/13568522538","lastVerified":"2026-08-10","verificationStatus":"verified"}}},{"type":"Feature","id":"osm-node-13568522539","geometry":{"type":"Point","coordinates":[-79.6611426,43.5496106]},"properties":{"kind":"path-intersection","buildingCode":null,"floor":null,"accessibility":"unknown","metadata":{"source":"OpenStreetMap","sourceUrl":"https://www.openstreetmap.org/node/13568522539","lastVerified":"2026-08-10","verificationStatus":"verified"}}},{"type":"Feature","id":"osm-node-13568522542","geometry":{"type":"Point","coordinates":[-79.66093,43.549547]},"properties":{"kind":"path-intersection","buildingCode":null,"floor":null,"accessibility":"unknown","metadata":{"source":"OpenStreetMap","sourceUrl":"https://www.openstreetmap.org/node/13568522542","lastVerified":"2026-08-10","verificationStatus":"verified"}}},{"type":"Feature","id":"osm-node-13568522543","geometry":{"type":"Point","coordinates":[-79.6608054,43.5495604]},"properties":{"kind":"path-intersection","buildingCode":null,"floor":null,"accessibility":"unknown","metadata":{"source":"OpenStreetMap","sourceUrl":"https://www.openstreetmap.org/node/13568522543","lastVerified":"2026-08-10","verificationStatus":"verified"}}},{"type":"Feature","id":"osm-node-13568522544","geometry":{"type":"Point","coordinates":[-79.6613913,43.5494141]},"properties":{"kind":"path-intersection","buildingCode":null,"floor":null,"accessibility":"unknown","metadata":{"source":"OpenStreetMap","sourceUrl":"https://www.openstreetmap.org/node/13568522544","lastVerified":"2026-08-10","verificationStatus":"verified"}}},{"type":"Feature","id":"osm-node-13568522546","geometry":{"type":"Point","coordinates":[-79.661453,43.5492906]},"properties":{"kind":"path-intersection","buildingCode":null,"floor":null,"accessibility":"unknown","metadata":{"source":"OpenStreetMap","sourceUrl":"https://www.openstreetmap.org/node/13568522546","lastVerified":"2026-08-10","verificationStatus":"verified"}}},{"type":"Feature","id":"osm-node-13568522547","geometry":{"type":"Point","coordinates":[-79.6614182,43.5491949]},"properties":{"kind":"path-intersection","buildingCode":null,"floor":null,"accessibility":"unknown","metadata":{"source":"OpenStreetMap","sourceUrl":"https://www.openstreetmap.org/node/13568522547","lastVerified":"2026-08-10","verificationStatus":"verified"}}},{"type":"Feature","id":"osm-node-13568522550","geometry":{"type":"Point","coordinates":[-79.6616195,43.5489788]},"properties":{"kind":"path-intersection","buildingCode":null,"floor":null,"accessibility":"unknown","metadata":{"source":"OpenStreetMap","sourceUrl":"https://www.openstreetmap.org/node/13568522550","lastVerified":"2026-08-10","verificationStatus":"verified"}}},{"type":"Feature","id":"osm-node-13568522551","geometry":{"type":"Point","coordinates":[-79.6616058,43.549043]},"properties":{"kind":"path-intersection","buildingCode":null,"floor":null,"accessibility":"unknown","metadata":{"source":"OpenStreetMap","sourceUrl":"https://www.openstreetmap.org/node/13568522551","lastVerified":"2026-08-10","verificationStatus":"verified"}}},{"type":"Feature","id":"osm-node-13568522552","geometry":{"type":"Point","coordinates":[-79.6615959,43.549083]},"properties":{"kind":"path-intersection","buildingCode":null,"floor":null,"accessibility":"unknown","metadata":{"source":"OpenStreetMap","sourceUrl":"https://www.openstreetmap.org/node/13568522552","lastVerified":"2026-08-10","verificationStatus":"verified"}}},{"type":"Feature","id":"osm-node-13568522553","geometry":{"type":"Point","coordinates":[-79.6615857,43.549114]},"properties":{"kind":"path-intersection","buildingCode":null,"floor":null,"accessibility":"unknown","metadata":{"source":"OpenStreetMap","sourceUrl":"https://www.openstreetmap.org/node/13568522553","lastVerified":"2026-08-10","verificationStatus":"verified"}}},{"type":"Feature","id":"osm-node-13568522555","geometry":{"type":"Point","coordinates":[-79.6615318,43.5491553]},"properties":{"kind":"path-intersection","buildingCode":null,"floor":null,"accessibility":"unknown","metadata":{"source":"OpenStreetMap","sourceUrl":"https://www.openstreetmap.org/node/13568522555","lastVerified":"2026-08-10","verificationStatus":"verified"}}},{"type":"Feature","id":"osm-node-13568522558","geometry":{"type":"Point","coordinates":[-79.661319,43.5491148]},"properties":{"kind":"path-intersection","buildingCode":null,"floor":null,"accessibility":"unknown","metadata":{"source":"OpenStreetMap","sourceUrl":"https://www.openstreetmap.org/node/13568522558","lastVerified":"2026-08-10","verificationStatus":"verified"}}},{"type":"Feature","id":"osm-node-13568522559","geometry":{"type":"Point","coordinates":[-79.6613906,43.5497325]},"properties":{"kind":"path-intersection","buildingCode":null,"floor":null,"accessibility":"unknown","metadata":{"source":"OpenStreetMap","sourceUrl":"https://www.openstreetmap.org/node/13568522559","lastVerified":"2026-08-10","verificationStatus":"verified"}}},{"type":"Feature","id":"osm-node-13568522560","geometry":{"type":"Point","coordinates":[-79.6613646,43.549761]},"properties":{"kind":"path-intersection","buildingCode":null,"floor":null,"accessibility":"unknown","metadata":{"source":"OpenStreetMap","sourceUrl":"https://www.openstreetmap.org/node/13568522560","lastVerified":"2026-08-10","verificationStatus":"verified"}}},{"type":"Feature","id":"osm-node-13568522561","geometry":{"type":"Point","coordinates":[-79.6612778,43.5491686]},"properties":{"kind":"path-intersection","buildingCode":null,"floor":null,"accessibility":"unknown","metadata":{"source":"OpenStreetMap","sourceUrl":"https://www.openstreetmap.org/node/13568522561","lastVerified":"2026-08-10","verificationStatus":"verified"}}},{"type":"Feature","id":"osm-node-13568522563","geometry":{"type":"Point","coordinates":[-79.6615663,43.5492939]},"properties":{"kind":"path-intersection","buildingCode":null,"floor":null,"accessibility":"unknown","metadata":{"source":"OpenStreetMap","sourceUrl":"https://www.openstreetmap.org/node/13568522563","lastVerified":"2026-08-10","verificationStatus":"verified"}}},{"type":"Feature","id":"osm-node-13568522564","geometry":{"type":"Point","coordinates":[-79.661571,43.5492736]},"properties":{"kind":"path-intersection","buildingCode":null,"floor":null,"accessibility":"unknown","metadata":{"source":"OpenStreetMap","sourceUrl":"https://www.openstreetmap.org/node/13568522564","lastVerified":"2026-08-10","verificationStatus":"verified"}}},{"type":"Feature","id":"osm-node-13568522565","geometry":{"type":"Point","coordinates":[-79.6613235,43.5492301]},"properties":{"kind":"path-intersection","buildingCode":null,"floor":null,"accessibility":"unknown","metadata":{"source":"OpenStreetMap","sourceUrl":"https://www.openstreetmap.org/node/13568522565","lastVerified":"2026-08-10","verificationStatus":"verified"}}},{"type":"Feature","id":"osm-node-13568522566","geometry":{"type":"Point","coordinates":[-79.6613874,43.5493472]},"properties":{"kind":"path-intersection","buildingCode":null,"floor":null,"accessibility":"unknown","metadata":{"source":"OpenStreetMap","sourceUrl":"https://www.openstreetmap.org/node/13568522566","lastVerified":"2026-08-10","verificationStatus":"verified"}}},{"type":"Feature","id":"osm-node-13568522568","geometry":{"type":"Point","coordinates":[-79.6617689,43.5488444]},"properties":{"kind":"path-intersection","buildingCode":null,"floor":null,"accessibility":"unknown","metadata":{"source":"OpenStreetMap","sourceUrl":"https://www.openstreetmap.org/node/13568522568","lastVerified":"2026-08-10","verificationStatus":"verified"}}},{"type":"Feature","id":"osm-node-13568522569","geometry":{"type":"Point","coordinates":[-79.6617033,43.5488095]},"properties":{"kind":"path-intersection","buildingCode":null,"floor":null,"accessibility":"unknown","metadata":{"source":"OpenStreetMap","sourceUrl":"https://www.openstreetmap.org/node/13568522569","lastVerified":"2026-08-10","verificationStatus":"verified"}}},{"type":"Feature","id":"osm-node-13568522570","geometry":{"type":"Point","coordinates":[-79.6616349,43.5487993]},"properties":{"kind":"path-intersection","buildingCode":null,"floor":null,"accessibility":"unknown","metadata":{"source":"OpenStreetMap","sourceUrl":"https://www.openstreetmap.org/node/13568522570","lastVerified":"2026-08-10","verificationStatus":"verified"}}},{"type":"Feature","id":"osm-node-13568522572","geometry":{"type":"Point","coordinates":[-79.6612921,43.5491096]},"properties":{"kind":"path-intersection","buildingCode":null,"floor":null,"accessibility":"unknown","metadata":{"source":"OpenStreetMap","sourceUrl":"https://www.openstreetmap.org/node/13568522572","lastVerified":"2026-08-10","verificationStatus":"verified"}}},{"type":"Feature","id":"osm-node-13568604331","geometry":{"type":"Point","coordinates":[-79.6661176,43.5532669]},"properties":{"kind":"path-intersection","buildingCode":null,"floor":null,"accessibility":"unknown","metadata":{"source":"OpenStreetMap","sourceUrl":"https://www.openstreetmap.org/node/13568604331","lastVerified":"2026-08-10","verificationStatus":"verified"}}},{"type":"Feature","id":"osm-node-13568604332","geometry":{"type":"Point","coordinates":[-79.6659093,43.5530962]},"properties":{"kind":"path-intersection","buildingCode":null,"floor":null,"accessibility":"unknown","metadata":{"source":"OpenStreetMap","sourceUrl":"https://www.openstreetmap.org/node/13568604332","lastVerified":"2026-08-10","verificationStatus":"verified"}}},{"type":"Feature","id":"osm-node-13632788229","geometry":{"type":"Point","coordinates":[-79.6672171,43.5541301]},"properties":{"kind":"path-intersection","buildingCode":null,"floor":null,"accessibility":"unknown","metadata":{"source":"OpenStreetMap","sourceUrl":"https://www.openstreetmap.org/node/13632788229","lastVerified":"2026-08-10","verificationStatus":"verified"}}},{"type":"Feature","id":"osm-node-13632788279","geometry":{"type":"Point","coordinates":[-79.6630549,43.5536264]},"properties":{"kind":"path-intersection","buildingCode":null,"floor":null,"accessibility":"unknown","metadata":{"source":"OpenStreetMap","sourceUrl":"https://www.openstreetmap.org/node/13632788279","lastVerified":"2026-08-10","verificationStatus":"verified"}}},{"type":"Feature","id":"osm-node-13730970404","geometry":{"type":"Point","coordinates":[-79.6668691,43.5505074]},"properties":{"kind":"path-intersection","buildingCode":null,"floor":null,"accessibility":"unknown","metadata":{"source":"OpenStreetMap","sourceUrl":"https://www.openstreetmap.org/node/13730970404","lastVerified":"2026-08-10","verificationStatus":"verified"}}},{"type":"Feature","id":"osm-node-13730970408","geometry":{"type":"Point","coordinates":[-79.6652213,43.5513044]},"properties":{"kind":"path-intersection","buildingCode":null,"floor":null,"accessibility":"unknown","metadata":{"source":"OpenStreetMap","sourceUrl":"https://www.openstreetmap.org/node/13730970408","lastVerified":"2026-08-10","verificationStatus":"verified"}}},{"type":"Feature","id":"osm-node-13730970409","geometry":{"type":"Point","coordinates":[-79.6652353,43.5512817]},"properties":{"kind":"path-intersection","buildingCode":null,"floor":null,"accessibility":"unknown","metadata":{"source":"OpenStreetMap","sourceUrl":"https://www.openstreetmap.org/node/13730970409","lastVerified":"2026-08-10","verificationStatus":"verified"}}},{"type":"Feature","id":"osm-node-13730970411","geometry":{"type":"Point","coordinates":[-79.6655607,43.5514093]},"properties":{"kind":"path-intersection","buildingCode":null,"floor":null,"accessibility":"unknown","metadata":{"source":"OpenStreetMap","sourceUrl":"https://www.openstreetmap.org/node/13730970411","lastVerified":"2026-08-10","verificationStatus":"verified"}}},{"type":"Feature","id":"osm-node-13730970413","geometry":{"type":"Point","coordinates":[-79.6656209,43.5514293]},"properties":{"kind":"path-intersection","buildingCode":null,"floor":null,"accessibility":"unknown","metadata":{"source":"OpenStreetMap","sourceUrl":"https://www.openstreetmap.org/node/13730970413","lastVerified":"2026-08-10","verificationStatus":"verified"}}},{"type":"Feature","id":"osm-node-13730970427","geometry":{"type":"Point","coordinates":[-79.6660398,43.5505963]},"properties":{"kind":"path-intersection","buildingCode":null,"floor":null,"accessibility":"unknown","metadata":{"source":"OpenStreetMap","sourceUrl":"https://www.openstreetmap.org/node/13730970427","lastVerified":"2026-08-10","verificationStatus":"verified"}}},{"type":"Feature","id":"osm-node-13730970428","geometry":{"type":"Point","coordinates":[-79.6660741,43.5505432]},"properties":{"kind":"path-intersection","buildingCode":null,"floor":null,"accessibility":"unknown","metadata":{"source":"OpenStreetMap","sourceUrl":"https://www.openstreetmap.org/node/13730970428","lastVerified":"2026-08-10","verificationStatus":"verified"}}},{"type":"Feature","id":"osm-node-13730978046","geometry":{"type":"Point","coordinates":[-79.6623584,43.5515964]},"properties":{"kind":"path-intersection","buildingCode":null,"floor":null,"accessibility":"unknown","metadata":{"source":"OpenStreetMap","sourceUrl":"https://www.openstreetmap.org/node/13730978046","lastVerified":"2026-08-10","verificationStatus":"verified"}}},{"type":"Feature","id":"osm-node-13730978047","geometry":{"type":"Point","coordinates":[-79.6623089,43.5515712]},"properties":{"kind":"path-intersection","buildingCode":null,"floor":null,"accessibility":"unknown","metadata":{"source":"OpenStreetMap","sourceUrl":"https://www.openstreetmap.org/node/13730978047","lastVerified":"2026-08-10","verificationStatus":"verified"}}},{"type":"Feature","id":"osm-node-13730978048","geometry":{"type":"Point","coordinates":[-79.6622616,43.5515558]},"properties":{"kind":"path-intersection","buildingCode":null,"floor":null,"accessibility":"unknown","metadata":{"source":"OpenStreetMap","sourceUrl":"https://www.openstreetmap.org/node/13730978048","lastVerified":"2026-08-10","verificationStatus":"verified"}}},{"type":"Feature","id":"osm-node-13730978049","geometry":{"type":"Point","coordinates":[-79.6622125,43.5515472]},"properties":{"kind":"path-intersection","buildingCode":null,"floor":null,"accessibility":"unknown","metadata":{"source":"OpenStreetMap","sourceUrl":"https://www.openstreetmap.org/node/13730978049","lastVerified":"2026-08-10","verificationStatus":"verified"}}},{"type":"Feature","id":"osm-node-13730978050","geometry":{"type":"Point","coordinates":[-79.6621676,43.5515438]},"properties":{"kind":"path-intersection","buildingCode":null,"floor":null,"accessibility":"unknown","metadata":{"source":"OpenStreetMap","sourceUrl":"https://www.openstreetmap.org/node/13730978050","lastVerified":"2026-08-10","verificationStatus":"verified"}}},{"type":"Feature","id":"osm-node-13730978051","geometry":{"type":"Point","coordinates":[-79.6621363,43.5515489]},"properties":{"kind":"path-intersection","buildingCode":null,"floor":null,"accessibility":"unknown","metadata":{"source":"OpenStreetMap","sourceUrl":"https://www.openstreetmap.org/node/13730978051","lastVerified":"2026-08-10","verificationStatus":"verified"}}},{"type":"Feature","id":"osm-node-13730978052","geometry":{"type":"Point","coordinates":[-79.6621102,43.5515581]},"properties":{"kind":"path-intersection","buildingCode":null,"floor":null,"accessibility":"unknown","metadata":{"source":"OpenStreetMap","sourceUrl":"https://www.openstreetmap.org/node/13730978052","lastVerified":"2026-08-10","verificationStatus":"verified"}}},{"type":"Feature","id":"osm-node-13731083702","geometry":{"type":"Point","coordinates":[-79.6619389,43.5497833]},"properties":{"kind":"path-intersection","buildingCode":null,"floor":null,"accessibility":"unknown","metadata":{"source":"OpenStreetMap","sourceUrl":"https://www.openstreetmap.org/node/13731083702","lastVerified":"2026-08-10","verificationStatus":"verified"}}},{"type":"Feature","id":"osm-node-13731083704","geometry":{"type":"Point","coordinates":[-79.661439,43.5497236]},"properties":{"kind":"path-intersection","buildingCode":null,"floor":null,"accessibility":"unknown","metadata":{"source":"OpenStreetMap","sourceUrl":"https://www.openstreetmap.org/node/13731083704","lastVerified":"2026-08-10","verificationStatus":"verified"}}},{"type":"Feature","id":"osm-node-13731083705","geometry":{"type":"Point","coordinates":[-79.6614606,43.5496806]},"properties":{"kind":"path-intersection","buildingCode":null,"floor":null,"accessibility":"unknown","metadata":{"source":"OpenStreetMap","sourceUrl":"https://www.openstreetmap.org/node/13731083705","lastVerified":"2026-08-10","verificationStatus":"verified"}}},{"type":"Feature","id":"osm-node-13731083706","geometry":{"type":"Point","coordinates":[-79.6615038,43.5494166]},"properties":{"kind":"path-intersection","buildingCode":null,"floor":null,"accessibility":"unknown","metadata":{"source":"OpenStreetMap","sourceUrl":"https://www.openstreetmap.org/node/13731083706","lastVerified":"2026-08-10","verificationStatus":"verified"}}},{"type":"Feature","id":"osm-node-13731083707","geometry":{"type":"Point","coordinates":[-79.6616231,43.5494322]},"properties":{"kind":"path-intersection","buildingCode":null,"floor":null,"accessibility":"unknown","metadata":{"source":"OpenStreetMap","sourceUrl":"https://www.openstreetmap.org/node/13731083707","lastVerified":"2026-08-10","verificationStatus":"verified"}}},{"type":"Feature","id":"osm-node-13731083709","geometry":{"type":"Point","coordinates":[-79.6615517,43.5496439]},"properties":{"kind":"path-intersection","buildingCode":null,"floor":null,"accessibility":"unknown","metadata":{"source":"OpenStreetMap","sourceUrl":"https://www.openstreetmap.org/node/13731083709","lastVerified":"2026-08-10","verificationStatus":"verified"}}},{"type":"Feature","id":"osm-node-13731083711","geometry":{"type":"Point","coordinates":[-79.66046,43.5493935]},"properties":{"kind":"path-intersection","buildingCode":null,"floor":null,"accessibility":"unknown","metadata":{"source":"OpenStreetMap","sourceUrl":"https://www.openstreetmap.org/node/13731083711","lastVerified":"2026-08-10","verificationStatus":"verified"}}},{"type":"Feature","id":"osm-node-13731083712","geometry":{"type":"Point","coordinates":[-79.6603554,43.5493356]},"properties":{"kind":"path-intersection","buildingCode":null,"floor":null,"accessibility":"unknown","metadata":{"source":"OpenStreetMap","sourceUrl":"https://www.openstreetmap.org/node/13731083712","lastVerified":"2026-08-10","verificationStatus":"verified"}}},{"type":"Feature","id":"osm-node-13731083713","geometry":{"type":"Point","coordinates":[-79.6604554,43.5489118]},"properties":{"kind":"path-intersection","buildingCode":null,"floor":null,"accessibility":"unknown","metadata":{"source":"OpenStreetMap","sourceUrl":"https://www.openstreetmap.org/node/13731083713","lastVerified":"2026-08-10","verificationStatus":"verified"}}},{"type":"Feature","id":"osm-node-13731083714","geometry":{"type":"Point","coordinates":[-79.6604063,43.5490958]},"properties":{"kind":"path-intersection","buildingCode":null,"floor":null,"accessibility":"unknown","metadata":{"source":"OpenStreetMap","sourceUrl":"https://www.openstreetmap.org/node/13731083714","lastVerified":"2026-08-10","verificationStatus":"verified"}}},{"type":"Feature","id":"osm-node-13731083715","geometry":{"type":"Point","coordinates":[-79.6608831,43.54957]},"properties":{"kind":"path-intersection","buildingCode":null,"floor":null,"accessibility":"unknown","metadata":{"source":"OpenStreetMap","sourceUrl":"https://www.openstreetmap.org/node/13731083715","lastVerified":"2026-08-10","verificationStatus":"verified"}}},{"type":"Feature","id":"osm-node-13731083716","geometry":{"type":"Point","coordinates":[-79.6608416,43.5495703]},"properties":{"kind":"path-intersection","buildingCode":null,"floor":null,"accessibility":"unknown","metadata":{"source":"OpenStreetMap","sourceUrl":"https://www.openstreetmap.org/node/13731083716","lastVerified":"2026-08-10","verificationStatus":"verified"}}},{"type":"Feature","id":"osm-node-13731083717","geometry":{"type":"Point","coordinates":[-79.6603395,43.5493135]},"properties":{"kind":"path-intersection","buildingCode":null,"floor":null,"accessibility":"unknown","metadata":{"source":"OpenStreetMap","sourceUrl":"https://www.openstreetmap.org/node/13731083717","lastVerified":"2026-08-10","verificationStatus":"verified"}}},{"type":"Feature","id":"osm-node-13731083718","geometry":{"type":"Point","coordinates":[-79.661456,43.5495028]},"properties":{"kind":"path-intersection","buildingCode":null,"floor":null,"accessibility":"unknown","metadata":{"source":"OpenStreetMap","sourceUrl":"https://www.openstreetmap.org/node/13731083718","lastVerified":"2026-08-10","verificationStatus":"verified"}}},{"type":"Feature","id":"osm-node-13731083719","geometry":{"type":"Point","coordinates":[-79.661421,43.5496676]},"properties":{"kind":"path-intersection","buildingCode":null,"floor":null,"accessibility":"unknown","metadata":{"source":"OpenStreetMap","sourceUrl":"https://www.openstreetmap.org/node/13731083719","lastVerified":"2026-08-10","verificationStatus":"verified"}}},{"type":"Feature","id":"osm-node-13731083720","geometry":{"type":"Point","coordinates":[-79.661352,43.5497746]},"properties":{"kind":"crosswalk","buildingCode":null,"floor":null,"accessibility":"unknown","metadata":{"source":"OpenStreetMap","sourceUrl":"https://www.openstreetmap.org/node/13731083720","lastVerified":"2026-08-10","verificationStatus":"verified"}}},{"type":"Feature","id":"osm-node-13731083721","geometry":{"type":"Point","coordinates":[-79.6614665,43.5493921]},"properties":{"kind":"path-intersection","buildingCode":null,"floor":null,"accessibility":"unknown","metadata":{"source":"OpenStreetMap","sourceUrl":"https://www.openstreetmap.org/node/13731083721","lastVerified":"2026-08-10","verificationStatus":"verified"}}},{"type":"Feature","id":"osm-node-13731083723","geometry":{"type":"Point","coordinates":[-79.6610872,43.5495677]},"properties":{"kind":"path-intersection","buildingCode":null,"floor":null,"accessibility":"unknown","metadata":{"source":"OpenStreetMap","sourceUrl":"https://www.openstreetmap.org/node/13731083723","lastVerified":"2026-08-10","verificationStatus":"verified"}}},{"type":"Feature","id":"osm-node-13731083724","geometry":{"type":"Point","coordinates":[-79.6611135,43.5496157]},"properties":{"kind":"path-intersection","buildingCode":null,"floor":null,"accessibility":"unknown","metadata":{"source":"OpenStreetMap","sourceUrl":"https://www.openstreetmap.org/node/13731083724","lastVerified":"2026-08-10","verificationStatus":"verified"}}},{"type":"Feature","id":"osm-node-13731083725","geometry":{"type":"Point","coordinates":[-79.6610857,43.5495991]},"properties":{"kind":"path-intersection","buildingCode":null,"floor":null,"accessibility":"unknown","metadata":{"source":"OpenStreetMap","sourceUrl":"https://www.openstreetmap.org/node/13731083725","lastVerified":"2026-08-10","verificationStatus":"verified"}}},{"type":"Feature","id":"osm-node-13731083726","geometry":{"type":"Point","coordinates":[-79.6610711,43.5494374]},"properties":{"kind":"path-intersection","buildingCode":null,"floor":null,"accessibility":"unknown","metadata":{"source":"OpenStreetMap","sourceUrl":"https://www.openstreetmap.org/node/13731083726","lastVerified":"2026-08-10","verificationStatus":"verified"}}},{"type":"Feature","id":"osm-node-13731083727","geometry":{"type":"Point","coordinates":[-79.660862,43.5495725]},"properties":{"kind":"path-intersection","buildingCode":null,"floor":null,"accessibility":"unknown","metadata":{"source":"OpenStreetMap","sourceUrl":"https://www.openstreetmap.org/node/13731083727","lastVerified":"2026-08-10","verificationStatus":"verified"}}},{"type":"Feature","id":"osm-node-13731083728","geometry":{"type":"Point","coordinates":[-79.6611132,43.5494396]},"properties":{"kind":"path-intersection","buildingCode":null,"floor":null,"accessibility":"unknown","metadata":{"source":"OpenStreetMap","sourceUrl":"https://www.openstreetmap.org/node/13731083728","lastVerified":"2026-08-10","verificationStatus":"verified"}}},{"type":"Feature","id":"osm-node-13731083729","geometry":{"type":"Point","coordinates":[-79.6611115,43.5494298]},"properties":{"kind":"path-intersection","buildingCode":null,"floor":null,"accessibility":"unknown","metadata":{"source":"OpenStreetMap","sourceUrl":"https://www.openstreetmap.org/node/13731083729","lastVerified":"2026-08-10","verificationStatus":"verified"}}},{"type":"Feature","id":"osm-node-13731083730","geometry":{"type":"Point","coordinates":[-79.6610905,43.5494251]},"properties":{"kind":"path-intersection","buildingCode":null,"floor":null,"accessibility":"unknown","metadata":{"source":"OpenStreetMap","sourceUrl":"https://www.openstreetmap.org/node/13731083730","lastVerified":"2026-08-10","verificationStatus":"verified"}}},{"type":"Feature","id":"osm-node-13731083731","geometry":{"type":"Point","coordinates":[-79.6614223,43.5494344]},"properties":{"kind":"path-intersection","buildingCode":null,"floor":null,"accessibility":"unknown","metadata":{"source":"OpenStreetMap","sourceUrl":"https://www.openstreetmap.org/node/13731083731","lastVerified":"2026-08-10","verificationStatus":"verified"}}},{"type":"Feature","id":"osm-node-13731083732","geometry":{"type":"Point","coordinates":[-79.6613767,43.5493914]},"properties":{"kind":"path-intersection","buildingCode":null,"floor":null,"accessibility":"unknown","metadata":{"source":"OpenStreetMap","sourceUrl":"https://www.openstreetmap.org/node/13731083732","lastVerified":"2026-08-10","verificationStatus":"verified"}}},{"type":"Feature","id":"osm-node-13731083733","geometry":{"type":"Point","coordinates":[-79.6619623,43.5489399]},"properties":{"kind":"path-intersection","buildingCode":null,"floor":null,"accessibility":"unknown","metadata":{"source":"OpenStreetMap","sourceUrl":"https://www.openstreetmap.org/node/13731083733","lastVerified":"2026-08-10","verificationStatus":"verified"}}},{"type":"Feature","id":"osm-node-13731083734","geometry":{"type":"Point","coordinates":[-79.6617388,43.5488215]},"properties":{"kind":"path-intersection","buildingCode":null,"floor":null,"accessibility":"unknown","metadata":{"source":"OpenStreetMap","sourceUrl":"https://www.openstreetmap.org/node/13731083734","lastVerified":"2026-08-10","verificationStatus":"verified"}}},{"type":"Feature","id":"osm-node-13731083739","geometry":{"type":"Point","coordinates":[-79.6613834,43.5490956]},"properties":{"kind":"path-intersection","buildingCode":null,"floor":null,"accessibility":"unknown","metadata":{"source":"OpenStreetMap","sourceUrl":"https://www.openstreetmap.org/node/13731083739","lastVerified":"2026-08-10","verificationStatus":"verified"}}},{"type":"Feature","id":"osm-node-13731083740","geometry":{"type":"Point","coordinates":[-79.6615016,43.5491305]},"properties":{"kind":"path-intersection","buildingCode":null,"floor":null,"accessibility":"unknown","metadata":{"source":"OpenStreetMap","sourceUrl":"https://www.openstreetmap.org/node/13731083740","lastVerified":"2026-08-10","verificationStatus":"verified"}}},{"type":"Feature","id":"osm-node-13731083741","geometry":{"type":"Point","coordinates":[-79.6615406,43.5491732]},"properties":{"kind":"path-intersection","buildingCode":null,"floor":null,"accessibility":"unknown","metadata":{"source":"OpenStreetMap","sourceUrl":"https://www.openstreetmap.org/node/13731083741","lastVerified":"2026-08-10","verificationStatus":"verified"}}},{"type":"Feature","id":"osm-node-13731083765","geometry":{"type":"Point","coordinates":[-79.661427,43.5494415]},"properties":{"kind":"path-intersection","buildingCode":null,"floor":null,"accessibility":"unknown","metadata":{"source":"OpenStreetMap","sourceUrl":"https://www.openstreetmap.org/node/13731083765","lastVerified":"2026-08-10","verificationStatus":"verified"}}},{"type":"Feature","id":"osm-node-13731083766","geometry":{"type":"Point","coordinates":[-79.6613863,43.5496841]},"properties":{"kind":"path-intersection","buildingCode":null,"floor":null,"accessibility":"unknown","metadata":{"source":"OpenStreetMap","sourceUrl":"https://www.openstreetmap.org/node/13731083766","lastVerified":"2026-08-10","verificationStatus":"verified"}}},{"type":"Feature","id":"osm-node-13731083767","geometry":{"type":"Point","coordinates":[-79.6613436,43.5497352]},"properties":{"kind":"path-intersection","buildingCode":null,"floor":null,"accessibility":"unknown","metadata":{"source":"OpenStreetMap","sourceUrl":"https://www.openstreetmap.org/node/13731083767","lastVerified":"2026-08-10","verificationStatus":"verified"}}},{"type":"Feature","id":"osm-node-13731083768","geometry":{"type":"Point","coordinates":[-79.6612989,43.5497532]},"properties":{"kind":"path-intersection","buildingCode":null,"floor":null,"accessibility":"unknown","metadata":{"source":"OpenStreetMap","sourceUrl":"https://www.openstreetmap.org/node/13731083768","lastVerified":"2026-08-10","verificationStatus":"verified"}}},{"type":"Feature","id":"osm-node-13731083800","geometry":{"type":"Point","coordinates":[-79.6605089,43.5489451]},"properties":{"kind":"path-intersection","buildingCode":null,"floor":null,"accessibility":"unknown","metadata":{"source":"OpenStreetMap","sourceUrl":"https://www.openstreetmap.org/node/13731083800","lastVerified":"2026-08-10","verificationStatus":"verified"}}},{"type":"Feature","id":"osm-node-13731083822","geometry":{"type":"Point","coordinates":[-79.6604372,43.5489799]},"properties":{"kind":"path-intersection","buildingCode":null,"floor":null,"accessibility":"unknown","metadata":{"source":"OpenStreetMap","sourceUrl":"https://www.openstreetmap.org/node/13731083822","lastVerified":"2026-08-10","verificationStatus":"verified"}}},{"type":"Feature","id":"osm-node-13731083823","geometry":{"type":"Point","coordinates":[-79.6604188,43.549049]},"properties":{"kind":"path-intersection","buildingCode":null,"floor":null,"accessibility":"unknown","metadata":{"source":"OpenStreetMap","sourceUrl":"https://www.openstreetmap.org/node/13731083823","lastVerified":"2026-08-10","verificationStatus":"verified"}}},{"type":"Feature","id":"osm-node-13731083824","geometry":{"type":"Point","coordinates":[-79.6603357,43.5490375]},"properties":{"kind":"path-intersection","buildingCode":null,"floor":null,"accessibility":"unknown","metadata":{"source":"OpenStreetMap","sourceUrl":"https://www.openstreetmap.org/node/13731083824","lastVerified":"2026-08-10","verificationStatus":"verified"}}},{"type":"Feature","id":"osm-node-13731083825","geometry":{"type":"Point","coordinates":[-79.6604536,43.5488619]},"properties":{"kind":"path-intersection","buildingCode":null,"floor":null,"accessibility":"unknown","metadata":{"source":"OpenStreetMap","sourceUrl":"https://www.openstreetmap.org/node/13731083825","lastVerified":"2026-08-10","verificationStatus":"verified"}}},{"type":"Feature","id":"osm-node-13731083826","geometry":{"type":"Point","coordinates":[-79.660367,43.5488618]},"properties":{"kind":"path-intersection","buildingCode":null,"floor":null,"accessibility":"unknown","metadata":{"source":"OpenStreetMap","sourceUrl":"https://www.openstreetmap.org/node/13731083826","lastVerified":"2026-08-10","verificationStatus":"verified"}}},{"type":"Feature","id":"osm-node-13731083827","geometry":{"type":"Point","coordinates":[-79.6604502,43.5487644]},"properties":{"kind":"path-intersection","buildingCode":null,"floor":null,"accessibility":"unknown","metadata":{"source":"OpenStreetMap","sourceUrl":"https://www.openstreetmap.org/node/13731083827","lastVerified":"2026-08-10","verificationStatus":"verified"}}},{"type":"Feature","id":"osm-node-13731083828","geometry":{"type":"Point","coordinates":[-79.6605902,43.548774]},"properties":{"kind":"path-intersection","buildingCode":null,"floor":null,"accessibility":"unknown","metadata":{"source":"OpenStreetMap","sourceUrl":"https://www.openstreetmap.org/node/13731083828","lastVerified":"2026-08-10","verificationStatus":"verified"}}},{"type":"Feature","id":"osm-node-13731083829","geometry":{"type":"Point","coordinates":[-79.6602764,43.5495625]},"properties":{"kind":"path-intersection","buildingCode":null,"floor":null,"accessibility":"unknown","metadata":{"source":"OpenStreetMap","sourceUrl":"https://www.openstreetmap.org/node/13731083829","lastVerified":"2026-08-10","verificationStatus":"verified"}}},{"type":"Feature","id":"osm-node-13731083839","geometry":{"type":"Point","coordinates":[-79.660244,43.5496107]},"properties":{"kind":"path-intersection","buildingCode":null,"floor":null,"accessibility":"unknown","metadata":{"source":"OpenStreetMap","sourceUrl":"https://www.openstreetmap.org/node/13731083839","lastVerified":"2026-08-10","verificationStatus":"verified"}}},{"type":"Feature","id":"osm-node-13731083840","geometry":{"type":"Point","coordinates":[-79.6604228,43.549034]},"properties":{"kind":"path-intersection","buildingCode":null,"floor":null,"accessibility":"unknown","metadata":{"source":"OpenStreetMap","sourceUrl":"https://www.openstreetmap.org/node/13731083840","lastVerified":"2026-08-10","verificationStatus":"verified"}}},{"type":"Feature","id":"osm-node-13731083847","geometry":{"type":"Point","coordinates":[-79.6604512,43.5489276]},"properties":{"kind":"path-intersection","buildingCode":null,"floor":null,"accessibility":"unknown","metadata":{"source":"OpenStreetMap","sourceUrl":"https://www.openstreetmap.org/node/13731083847","lastVerified":"2026-08-10","verificationStatus":"verified"}}},{"type":"Feature","id":"osm-node-13731083854","geometry":{"type":"Point","coordinates":[-79.6604528,43.5488376]},"properties":{"kind":"path-intersection","buildingCode":null,"floor":null,"accessibility":"unknown","metadata":{"source":"OpenStreetMap","sourceUrl":"https://www.openstreetmap.org/node/13731083854","lastVerified":"2026-08-10","verificationStatus":"verified"}}},{"type":"Feature","id":"osm-node-13731083877","geometry":{"type":"Point","coordinates":[-79.6602097,43.5487214]},"properties":{"kind":"path-intersection","buildingCode":null,"floor":null,"accessibility":"unknown","metadata":{"source":"OpenStreetMap","sourceUrl":"https://www.openstreetmap.org/node/13731083877","lastVerified":"2026-08-10","verificationStatus":"verified"}}},{"type":"Feature","id":"osm-node-13731155657","geometry":{"type":"Point","coordinates":[-79.6634008,43.5499819]},"properties":{"kind":"path-intersection","buildingCode":null,"floor":null,"accessibility":"unknown","metadata":{"source":"OpenStreetMap","sourceUrl":"https://www.openstreetmap.org/node/13731155657","lastVerified":"2026-08-10","verificationStatus":"verified"}}},{"type":"Feature","id":"osm-node-13731187183","geometry":{"type":"Point","coordinates":[-79.6634502,43.5491495]},"properties":{"kind":"path-intersection","buildingCode":null,"floor":null,"accessibility":"unknown","metadata":{"source":"OpenStreetMap","sourceUrl":"https://www.openstreetmap.org/node/13731187183","lastVerified":"2026-08-10","verificationStatus":"verified"}}},{"type":"Feature","id":"osm-node-13731187184","geometry":{"type":"Point","coordinates":[-79.6634969,43.5489633]},"properties":{"kind":"path-intersection","buildingCode":null,"floor":null,"accessibility":"unknown","metadata":{"source":"OpenStreetMap","sourceUrl":"https://www.openstreetmap.org/node/13731187184","lastVerified":"2026-08-10","verificationStatus":"verified"}}},{"type":"Feature","id":"osm-node-13731187185","geometry":{"type":"Point","coordinates":[-79.6635157,43.549422]},"properties":{"kind":"path-intersection","buildingCode":null,"floor":null,"accessibility":"unknown","metadata":{"source":"OpenStreetMap","sourceUrl":"https://www.openstreetmap.org/node/13731187185","lastVerified":"2026-08-10","verificationStatus":"verified"}}},{"type":"Feature","id":"osm-node-13731187187","geometry":{"type":"Point","coordinates":[-79.6638699,43.548606]},"properties":{"kind":"path-intersection","buildingCode":null,"floor":null,"accessibility":"unknown","metadata":{"source":"OpenStreetMap","sourceUrl":"https://www.openstreetmap.org/node/13731187187","lastVerified":"2026-08-10","verificationStatus":"verified"}}},{"type":"Feature","id":"osm-node-13731187188","geometry":{"type":"Point","coordinates":[-79.6638841,43.5486055]},"properties":{"kind":"path-intersection","buildingCode":null,"floor":null,"accessibility":"unknown","metadata":{"source":"OpenStreetMap","sourceUrl":"https://www.openstreetmap.org/node/13731187188","lastVerified":"2026-08-10","verificationStatus":"verified"}}},{"type":"Feature","id":"osm-node-13731187189","geometry":{"type":"Point","coordinates":[-79.6638972,43.5486016]},"properties":{"kind":"path-intersection","buildingCode":null,"floor":null,"accessibility":"unknown","metadata":{"source":"OpenStreetMap","sourceUrl":"https://www.openstreetmap.org/node/13731187189","lastVerified":"2026-08-10","verificationStatus":"verified"}}},{"type":"Feature","id":"osm-node-13731187190","geometry":{"type":"Point","coordinates":[-79.6639078,43.5485947]},"properties":{"kind":"path-intersection","buildingCode":null,"floor":null,"accessibility":"unknown","metadata":{"source":"OpenStreetMap","sourceUrl":"https://www.openstreetmap.org/node/13731187190","lastVerified":"2026-08-10","verificationStatus":"verified"}}},{"type":"Feature","id":"osm-node-13731187191","geometry":{"type":"Point","coordinates":[-79.6638698,43.5485451]},"properties":{"kind":"path-intersection","buildingCode":null,"floor":null,"accessibility":"unknown","metadata":{"source":"OpenStreetMap","sourceUrl":"https://www.openstreetmap.org/node/13731187191","lastVerified":"2026-08-10","verificationStatus":"verified"}}},{"type":"Feature","id":"osm-node-13731187192","geometry":{"type":"Point","coordinates":[-79.6638568,43.5485478]},"properties":{"kind":"path-intersection","buildingCode":null,"floor":null,"accessibility":"unknown","metadata":{"source":"OpenStreetMap","sourceUrl":"https://www.openstreetmap.org/node/13731187192","lastVerified":"2026-08-10","verificationStatus":"verified"}}},{"type":"Feature","id":"osm-node-13731187193","geometry":{"type":"Point","coordinates":[-79.6638455,43.5485534]},"properties":{"kind":"path-intersection","buildingCode":null,"floor":null,"accessibility":"unknown","metadata":{"source":"OpenStreetMap","sourceUrl":"https://www.openstreetmap.org/node/13731187193","lastVerified":"2026-08-10","verificationStatus":"verified"}}},{"type":"Feature","id":"osm-node-13731187194","geometry":{"type":"Point","coordinates":[-79.6638374,43.5485613]},"properties":{"kind":"path-intersection","buildingCode":null,"floor":null,"accessibility":"unknown","metadata":{"source":"OpenStreetMap","sourceUrl":"https://www.openstreetmap.org/node/13731187194","lastVerified":"2026-08-10","verificationStatus":"verified"}}},{"type":"Feature","id":"osm-node-13731187195","geometry":{"type":"Point","coordinates":[-79.6639147,43.5485857]},"properties":{"kind":"path-intersection","buildingCode":null,"floor":null,"accessibility":"unknown","metadata":{"source":"OpenStreetMap","sourceUrl":"https://www.openstreetmap.org/node/13731187195","lastVerified":"2026-08-10","verificationStatus":"verified"}}},{"type":"Feature","id":"osm-node-13731187196","geometry":{"type":"Point","coordinates":[-79.6639171,43.5485755]},"properties":{"kind":"path-intersection","buildingCode":null,"floor":null,"accessibility":"unknown","metadata":{"source":"OpenStreetMap","sourceUrl":"https://www.openstreetmap.org/node/13731187196","lastVerified":"2026-08-10","verificationStatus":"verified"}}},{"type":"Feature","id":"osm-node-13731187197","geometry":{"type":"Point","coordinates":[-79.6639147,43.5485654]},"properties":{"kind":"path-intersection","buildingCode":null,"floor":null,"accessibility":"unknown","metadata":{"source":"OpenStreetMap","sourceUrl":"https://www.openstreetmap.org/node/13731187197","lastVerified":"2026-08-10","verificationStatus":"verified"}}},{"type":"Feature","id":"osm-node-13731187198","geometry":{"type":"Point","coordinates":[-79.6639078,43.5485564]},"properties":{"kind":"path-intersection","buildingCode":null,"floor":null,"accessibility":"unknown","metadata":{"source":"OpenStreetMap","sourceUrl":"https://www.openstreetmap.org/node/13731187198","lastVerified":"2026-08-10","verificationStatus":"verified"}}},{"type":"Feature","id":"osm-node-13731187199","geometry":{"type":"Point","coordinates":[-79.6638972,43.5485495]},"properties":{"kind":"path-intersection","buildingCode":null,"floor":null,"accessibility":"unknown","metadata":{"source":"OpenStreetMap","sourceUrl":"https://www.openstreetmap.org/node/13731187199","lastVerified":"2026-08-10","verificationStatus":"verified"}}},{"type":"Feature","id":"osm-node-13731187200","geometry":{"type":"Point","coordinates":[-79.6638903,43.5485475]},"properties":{"kind":"path-intersection","buildingCode":null,"floor":null,"accessibility":"unknown","metadata":{"source":"OpenStreetMap","sourceUrl":"https://www.openstreetmap.org/node/13731187200","lastVerified":"2026-08-10","verificationStatus":"verified"}}},{"type":"Feature","id":"osm-node-13731205201","geometry":{"type":"Point","coordinates":[-79.663833,43.5485707]},"properties":{"kind":"path-intersection","buildingCode":null,"floor":null,"accessibility":"unknown","metadata":{"source":"OpenStreetMap","sourceUrl":"https://www.openstreetmap.org/node/13731205201","lastVerified":"2026-08-10","verificationStatus":"verified"}}},{"type":"Feature","id":"osm-node-13731205202","geometry":{"type":"Point","coordinates":[-79.6638331,43.5485805]},"properties":{"kind":"path-intersection","buildingCode":null,"floor":null,"accessibility":"unknown","metadata":{"source":"OpenStreetMap","sourceUrl":"https://www.openstreetmap.org/node/13731205202","lastVerified":"2026-08-10","verificationStatus":"verified"}}},{"type":"Feature","id":"osm-node-13731205203","geometry":{"type":"Point","coordinates":[-79.6638374,43.5485899]},"properties":{"kind":"path-intersection","buildingCode":null,"floor":null,"accessibility":"unknown","metadata":{"source":"OpenStreetMap","sourceUrl":"https://www.openstreetmap.org/node/13731205203","lastVerified":"2026-08-10","verificationStatus":"verified"}}},{"type":"Feature","id":"osm-node-13731205204","geometry":{"type":"Point","coordinates":[-79.6638456,43.5485977]},"properties":{"kind":"path-intersection","buildingCode":null,"floor":null,"accessibility":"unknown","metadata":{"source":"OpenStreetMap","sourceUrl":"https://www.openstreetmap.org/node/13731205204","lastVerified":"2026-08-10","verificationStatus":"verified"}}},{"type":"Feature","id":"osm-node-13731205205","geometry":{"type":"Point","coordinates":[-79.6638568,43.5486033]},"properties":{"kind":"path-intersection","buildingCode":null,"floor":null,"accessibility":"unknown","metadata":{"source":"OpenStreetMap","sourceUrl":"https://www.openstreetmap.org/node/13731205205","lastVerified":"2026-08-10","verificationStatus":"verified"}}},{"type":"Feature","id":"osm-node-13731205300","geometry":{"type":"Point","coordinates":[-79.6667735,43.550432]},"properties":{"kind":"path-intersection","buildingCode":null,"floor":null,"accessibility":"unknown","metadata":{"source":"OpenStreetMap","sourceUrl":"https://www.openstreetmap.org/node/13731205300","lastVerified":"2026-08-10","verificationStatus":"verified"}}},{"type":"Feature","id":"osm-node-13731205301","geometry":{"type":"Point","coordinates":[-79.666759,43.5504274]},"properties":{"kind":"path-intersection","buildingCode":null,"floor":null,"accessibility":"unknown","metadata":{"source":"OpenStreetMap","sourceUrl":"https://www.openstreetmap.org/node/13731205301","lastVerified":"2026-08-10","verificationStatus":"verified"}}},{"type":"Feature","id":"osm-node-13731205302","geometry":{"type":"Point","coordinates":[-79.6667679,43.5504131]},"properties":{"kind":"path-intersection","buildingCode":null,"floor":null,"accessibility":"unknown","metadata":{"source":"OpenStreetMap","sourceUrl":"https://www.openstreetmap.org/node/13731205302","lastVerified":"2026-08-10","verificationStatus":"verified"}}},{"type":"Feature","id":"osm-node-13731205303","geometry":{"type":"Point","coordinates":[-79.6667257,43.5503986]},"properties":{"kind":"path-intersection","buildingCode":null,"floor":null,"accessibility":"unknown","metadata":{"source":"OpenStreetMap","sourceUrl":"https://www.openstreetmap.org/node/13731205303","lastVerified":"2026-08-10","verificationStatus":"verified"}}},{"type":"Feature","id":"osm-node-13731205304","geometry":{"type":"Point","coordinates":[-79.6662285,43.5501312]},"properties":{"kind":"path-intersection","buildingCode":null,"floor":null,"accessibility":"unknown","metadata":{"source":"OpenStreetMap","sourceUrl":"https://www.openstreetmap.org/node/13731205304","lastVerified":"2026-08-10","verificationStatus":"verified"}}},{"type":"Feature","id":"osm-node-13731205311","geometry":{"type":"Point","coordinates":[-79.6663147,43.5502102]},"properties":{"kind":"path-intersection","buildingCode":null,"floor":null,"accessibility":"unknown","metadata":{"source":"OpenStreetMap","sourceUrl":"https://www.openstreetmap.org/node/13731205311","lastVerified":"2026-08-10","verificationStatus":"verified"}}},{"type":"Feature","id":"osm-node-13731205316","geometry":{"type":"Point","coordinates":[-79.6662248,43.5501366]},"properties":{"kind":"path-intersection","buildingCode":null,"floor":null,"accessibility":"unknown","metadata":{"source":"OpenStreetMap","sourceUrl":"https://www.openstreetmap.org/node/13731205316","lastVerified":"2026-08-10","verificationStatus":"verified"}}},{"type":"Feature","id":"osm-node-13731205317","geometry":{"type":"Point","coordinates":[-79.6663377,43.5501743]},"properties":{"kind":"path-intersection","buildingCode":null,"floor":null,"accessibility":"unknown","metadata":{"source":"OpenStreetMap","sourceUrl":"https://www.openstreetmap.org/node/13731205317","lastVerified":"2026-08-10","verificationStatus":"verified"}}},{"type":"Feature","id":"osm-node-13731205322","geometry":{"type":"Point","coordinates":[-79.6657612,43.5506794]},"properties":{"kind":"path-intersection","buildingCode":null,"floor":null,"accessibility":"unknown","metadata":{"source":"OpenStreetMap","sourceUrl":"https://www.openstreetmap.org/node/13731205322","lastVerified":"2026-08-10","verificationStatus":"verified"}}},{"type":"Feature","id":"osm-node-13731205323","geometry":{"type":"Point","coordinates":[-79.6658647,43.550506]},"properties":{"kind":"path-intersection","buildingCode":null,"floor":null,"accessibility":"unknown","metadata":{"source":"OpenStreetMap","sourceUrl":"https://www.openstreetmap.org/node/13731205323","lastVerified":"2026-08-10","verificationStatus":"verified"}}},{"type":"Feature","id":"osm-node-13731205324","geometry":{"type":"Point","coordinates":[-79.665965,43.5505376]},"properties":{"kind":"path-intersection","buildingCode":null,"floor":null,"accessibility":"unknown","metadata":{"source":"OpenStreetMap","sourceUrl":"https://www.openstreetmap.org/node/13731205324","lastVerified":"2026-08-10","verificationStatus":"verified"}}},{"type":"Feature","id":"osm-node-13731205325","geometry":{"type":"Point","coordinates":[-79.6659474,43.5505651]},"properties":{"kind":"path-intersection","buildingCode":null,"floor":null,"accessibility":"unknown","metadata":{"source":"OpenStreetMap","sourceUrl":"https://www.openstreetmap.org/node/13731205325","lastVerified":"2026-08-10","verificationStatus":"verified"}}},{"type":"Feature","id":"osm-node-13731205327","geometry":{"type":"Point","coordinates":[-79.6658029,43.5504525]},"properties":{"kind":"path-intersection","buildingCode":null,"floor":null,"accessibility":"unknown","metadata":{"source":"OpenStreetMap","sourceUrl":"https://www.openstreetmap.org/node/13731205327","lastVerified":"2026-08-10","verificationStatus":"verified"}}},{"type":"Feature","id":"osm-node-13731205328","geometry":{"type":"Point","coordinates":[-79.6658349,43.5503651]},"properties":{"kind":"path-intersection","buildingCode":null,"floor":null,"accessibility":"unknown","metadata":{"source":"OpenStreetMap","sourceUrl":"https://www.openstreetmap.org/node/13731205328","lastVerified":"2026-08-10","verificationStatus":"verified"}}},{"type":"Feature","id":"osm-node-13731205334","geometry":{"type":"Point","coordinates":[-79.6661232,43.5501629]},"properties":{"kind":"path-intersection","buildingCode":null,"floor":null,"accessibility":"unknown","metadata":{"source":"OpenStreetMap","sourceUrl":"https://www.openstreetmap.org/node/13731205334","lastVerified":"2026-08-10","verificationStatus":"verified"}}},{"type":"Feature","id":"osm-node-13731205335","geometry":{"type":"Point","coordinates":[-79.6661275,43.550153]},"properties":{"kind":"path-intersection","buildingCode":null,"floor":null,"accessibility":"unknown","metadata":{"source":"OpenStreetMap","sourceUrl":"https://www.openstreetmap.org/node/13731205335","lastVerified":"2026-08-10","verificationStatus":"verified"}}},{"type":"Feature","id":"osm-node-13731205336","geometry":{"type":"Point","coordinates":[-79.6659965,43.5501249]},"properties":{"kind":"path-intersection","buildingCode":null,"floor":null,"accessibility":"unknown","metadata":{"source":"OpenStreetMap","sourceUrl":"https://www.openstreetmap.org/node/13731205336","lastVerified":"2026-08-10","verificationStatus":"verified"}}},{"type":"Feature","id":"osm-node-13731205338","geometry":{"type":"Point","coordinates":[-79.6656679,43.550432]},"properties":{"kind":"path-intersection","buildingCode":null,"floor":null,"accessibility":"unknown","metadata":{"source":"OpenStreetMap","sourceUrl":"https://www.openstreetmap.org/node/13731205338","lastVerified":"2026-08-10","verificationStatus":"verified"}}},{"type":"Feature","id":"osm-node-13731205339","geometry":{"type":"Point","coordinates":[-79.6660403,43.55055]},"properties":{"kind":"path-intersection","buildingCode":null,"floor":null,"accessibility":"unknown","metadata":{"source":"OpenStreetMap","sourceUrl":"https://www.openstreetmap.org/node/13731205339","lastVerified":"2026-08-10","verificationStatus":"verified"}}},{"type":"Feature","id":"osm-node-13731205340","geometry":{"type":"Point","coordinates":[-79.66582,43.550455]},"properties":{"kind":"path-intersection","buildingCode":null,"floor":null,"accessibility":"unknown","metadata":{"source":"OpenStreetMap","sourceUrl":"https://www.openstreetmap.org/node/13731205340","lastVerified":"2026-08-10","verificationStatus":"verified"}}},{"type":"Feature","id":"osm-node-13731205341","geometry":{"type":"Point","coordinates":[-79.6658656,43.5503706]},"properties":{"kind":"path-intersection","buildingCode":null,"floor":null,"accessibility":"unknown","metadata":{"source":"OpenStreetMap","sourceUrl":"https://www.openstreetmap.org/node/13731205341","lastVerified":"2026-08-10","verificationStatus":"verified"}}},{"type":"Feature","id":"osm-node-13731205342","geometry":{"type":"Point","coordinates":[-79.665783,43.5506022]},"properties":{"kind":"path-intersection","buildingCode":null,"floor":null,"accessibility":"unknown","metadata":{"source":"OpenStreetMap","sourceUrl":"https://www.openstreetmap.org/node/13731205342","lastVerified":"2026-08-10","verificationStatus":"verified"}}},{"type":"Feature","id":"osm-node-13731205343","geometry":{"type":"Point","coordinates":[-79.6657313,43.5507002]},"properties":{"kind":"path-intersection","buildingCode":null,"floor":null,"accessibility":"unknown","metadata":{"source":"OpenStreetMap","sourceUrl":"https://www.openstreetmap.org/node/13731205343","lastVerified":"2026-08-10","verificationStatus":"verified"}}},{"type":"Feature","id":"osm-node-13731205353","geometry":{"type":"Point","coordinates":[-79.6658393,43.5499479]},"properties":{"kind":"path-intersection","buildingCode":null,"floor":null,"accessibility":"unknown","metadata":{"source":"OpenStreetMap","sourceUrl":"https://www.openstreetmap.org/node/13731205353","lastVerified":"2026-08-10","verificationStatus":"verified"}}},{"type":"Feature","id":"osm-node-13731205354","geometry":{"type":"Point","coordinates":[-79.6658104,43.549989]},"properties":{"kind":"path-intersection","buildingCode":null,"floor":null,"accessibility":"unknown","metadata":{"source":"OpenStreetMap","sourceUrl":"https://www.openstreetmap.org/node/13731205354","lastVerified":"2026-08-10","verificationStatus":"verified"}}},{"type":"Feature","id":"osm-node-13731205355","geometry":{"type":"Point","coordinates":[-79.6657953,43.5500253]},"properties":{"kind":"path-intersection","buildingCode":null,"floor":null,"accessibility":"unknown","metadata":{"source":"OpenStreetMap","sourceUrl":"https://www.openstreetmap.org/node/13731205355","lastVerified":"2026-08-10","verificationStatus":"verified"}}},{"type":"Feature","id":"osm-node-13731205356","geometry":{"type":"Point","coordinates":[-79.6657506,43.5500144]},"properties":{"kind":"path-intersection","buildingCode":null,"floor":null,"accessibility":"unknown","metadata":{"source":"OpenStreetMap","sourceUrl":"https://www.openstreetmap.org/node/13731205356","lastVerified":"2026-08-10","verificationStatus":"verified"}}},{"type":"Feature","id":"osm-node-13731205357","geometry":{"type":"Point","coordinates":[-79.6657341,43.5499895]},"properties":{"kind":"path-intersection","buildingCode":null,"floor":null,"accessibility":"unknown","metadata":{"source":"OpenStreetMap","sourceUrl":"https://www.openstreetmap.org/node/13731205357","lastVerified":"2026-08-10","verificationStatus":"verified"}}},{"type":"Feature","id":"osm-node-13731205363","geometry":{"type":"Point","coordinates":[-79.6657148,43.5501212]},"properties":{"kind":"path-intersection","buildingCode":null,"floor":null,"accessibility":"unknown","metadata":{"source":"OpenStreetMap","sourceUrl":"https://www.openstreetmap.org/node/13731205363","lastVerified":"2026-08-10","verificationStatus":"verified"}}},{"type":"Feature","id":"osm-node-13731205372","geometry":{"type":"Point","coordinates":[-79.6652866,43.5492453]},"properties":{"kind":"path-intersection","buildingCode":null,"floor":null,"accessibility":"unknown","metadata":{"source":"OpenStreetMap","sourceUrl":"https://www.openstreetmap.org/node/13731205372","lastVerified":"2026-08-10","verificationStatus":"verified"}}},{"type":"Feature","id":"osm-node-13731205373","geometry":{"type":"Point","coordinates":[-79.665246,43.5492637]},"properties":{"kind":"path-intersection","buildingCode":null,"floor":null,"accessibility":"unknown","metadata":{"source":"OpenStreetMap","sourceUrl":"https://www.openstreetmap.org/node/13731205373","lastVerified":"2026-08-10","verificationStatus":"verified"}}},{"type":"Feature","id":"osm-node-13731205374","geometry":{"type":"Point","coordinates":[-79.6655237,43.5492051]},"properties":{"kind":"path-intersection","buildingCode":null,"floor":null,"accessibility":"unknown","metadata":{"source":"OpenStreetMap","sourceUrl":"https://www.openstreetmap.org/node/13731205374","lastVerified":"2026-08-10","verificationStatus":"verified"}}},{"type":"Feature","id":"osm-node-13731205409","geometry":{"type":"Point","coordinates":[-79.6653995,43.5507313]},"properties":{"kind":"path-intersection","buildingCode":null,"floor":null,"accessibility":"unknown","metadata":{"source":"OpenStreetMap","sourceUrl":"https://www.openstreetmap.org/node/13731205409","lastVerified":"2026-08-10","verificationStatus":"verified"}}},{"type":"Feature","id":"osm-node-13731205410","geometry":{"type":"Point","coordinates":[-79.6652872,43.5510078]},"properties":{"kind":"path-intersection","buildingCode":null,"floor":null,"accessibility":"unknown","metadata":{"source":"OpenStreetMap","sourceUrl":"https://www.openstreetmap.org/node/13731205410","lastVerified":"2026-08-10","verificationStatus":"verified"}}},{"type":"Feature","id":"osm-node-13731205416","geometry":{"type":"Point","coordinates":[-79.6644289,43.5515288]},"properties":{"kind":"path-intersection","buildingCode":null,"floor":null,"accessibility":"unknown","metadata":{"source":"OpenStreetMap","sourceUrl":"https://www.openstreetmap.org/node/13731205416","lastVerified":"2026-08-10","verificationStatus":"verified"}}},{"type":"Feature","id":"osm-node-13731205417","geometry":{"type":"Point","coordinates":[-79.6644565,43.5515101]},"properties":{"kind":"path-intersection","buildingCode":null,"floor":null,"accessibility":"unknown","metadata":{"source":"OpenStreetMap","sourceUrl":"https://www.openstreetmap.org/node/13731205417","lastVerified":"2026-08-10","verificationStatus":"verified"}}},{"type":"Feature","id":"osm-node-13731205418","geometry":{"type":"Point","coordinates":[-79.6642368,43.5513326]},"properties":{"kind":"path-intersection","buildingCode":null,"floor":null,"accessibility":"unknown","metadata":{"source":"OpenStreetMap","sourceUrl":"https://www.openstreetmap.org/node/13731205418","lastVerified":"2026-08-10","verificationStatus":"verified"}}},{"type":"Feature","id":"osm-node-13731205419","geometry":{"type":"Point","coordinates":[-79.6642173,43.5514461]},"properties":{"kind":"path-intersection","buildingCode":null,"floor":null,"accessibility":"unknown","metadata":{"source":"OpenStreetMap","sourceUrl":"https://www.openstreetmap.org/node/13731205419","lastVerified":"2026-08-10","verificationStatus":"verified"}}},{"type":"Feature","id":"osm-node-13731205421","geometry":{"type":"Point","coordinates":[-79.6639921,43.5512185]},"properties":{"kind":"path-intersection","buildingCode":null,"floor":null,"accessibility":"unknown","metadata":{"source":"OpenStreetMap","sourceUrl":"https://www.openstreetmap.org/node/13731205421","lastVerified":"2026-08-10","verificationStatus":"verified"}}},{"type":"Feature","id":"osm-node-13731205422","geometry":{"type":"Point","coordinates":[-79.6640348,43.551219]},"properties":{"kind":"path-intersection","buildingCode":null,"floor":null,"accessibility":"unknown","metadata":{"source":"OpenStreetMap","sourceUrl":"https://www.openstreetmap.org/node/13731205422","lastVerified":"2026-08-10","verificationStatus":"verified"}}},{"type":"Feature","id":"osm-node-13731205423","geometry":{"type":"Point","coordinates":[-79.6644017,43.5515639]},"properties":{"kind":"path-intersection","buildingCode":null,"floor":null,"accessibility":"unknown","metadata":{"source":"OpenStreetMap","sourceUrl":"https://www.openstreetmap.org/node/13731205423","lastVerified":"2026-08-10","verificationStatus":"verified"}}},{"type":"Feature","id":"osm-node-13731205424","geometry":{"type":"Point","coordinates":[-79.6645321,43.5515766]},"properties":{"kind":"path-intersection","buildingCode":null,"floor":null,"accessibility":"unknown","metadata":{"source":"OpenStreetMap","sourceUrl":"https://www.openstreetmap.org/node/13731205424","lastVerified":"2026-08-10","verificationStatus":"verified"}}},{"type":"Feature","id":"osm-node-13731205425","geometry":{"type":"Point","coordinates":[-79.6644863,43.5515819]},"properties":{"kind":"path-intersection","buildingCode":null,"floor":null,"accessibility":"unknown","metadata":{"source":"OpenStreetMap","sourceUrl":"https://www.openstreetmap.org/node/13731205425","lastVerified":"2026-08-10","verificationStatus":"verified"}}},{"type":"Feature","id":"osm-node-13731205426","geometry":{"type":"Point","coordinates":[-79.6644355,43.551577]},"properties":{"kind":"path-intersection","buildingCode":null,"floor":null,"accessibility":"unknown","metadata":{"source":"OpenStreetMap","sourceUrl":"https://www.openstreetmap.org/node/13731205426","lastVerified":"2026-08-10","verificationStatus":"verified"}}},{"type":"Feature","id":"osm-node-13731205427","geometry":{"type":"Point","coordinates":[-79.6642082,43.551459]},"properties":{"kind":"path-intersection","buildingCode":null,"floor":null,"accessibility":"unknown","metadata":{"source":"OpenStreetMap","sourceUrl":"https://www.openstreetmap.org/node/13731205427","lastVerified":"2026-08-10","verificationStatus":"verified"}}},{"type":"Feature","id":"osm-node-13731205428","geometry":{"type":"Point","coordinates":[-79.6635031,43.551209]},"properties":{"kind":"path-intersection","buildingCode":null,"floor":null,"accessibility":"unknown","metadata":{"source":"OpenStreetMap","sourceUrl":"https://www.openstreetmap.org/node/13731205428","lastVerified":"2026-08-10","verificationStatus":"verified"}}},{"type":"Feature","id":"osm-node-13731205429","geometry":{"type":"Point","coordinates":[-79.6633926,43.5511657]},"properties":{"kind":"path-intersection","buildingCode":null,"floor":null,"accessibility":"unknown","metadata":{"source":"OpenStreetMap","sourceUrl":"https://www.openstreetmap.org/node/13731205429","lastVerified":"2026-08-10","verificationStatus":"verified"}}},{"type":"Feature","id":"osm-node-13731205430","geometry":{"type":"Point","coordinates":[-79.6633103,43.5511344]},"properties":{"kind":"path-intersection","buildingCode":null,"floor":null,"accessibility":"unknown","metadata":{"source":"OpenStreetMap","sourceUrl":"https://www.openstreetmap.org/node/13731205430","lastVerified":"2026-08-10","verificationStatus":"verified"}}},{"type":"Feature","id":"osm-node-13731205431","geometry":{"type":"Point","coordinates":[-79.6631981,43.5510986]},"properties":{"kind":"path-intersection","buildingCode":null,"floor":null,"accessibility":"unknown","metadata":{"source":"OpenStreetMap","sourceUrl":"https://www.openstreetmap.org/node/13731205431","lastVerified":"2026-08-10","verificationStatus":"verified"}}},{"type":"Feature","id":"osm-node-13731205432","geometry":{"type":"Point","coordinates":[-79.6630521,43.5510607]},"properties":{"kind":"path-intersection","buildingCode":null,"floor":null,"accessibility":"unknown","metadata":{"source":"OpenStreetMap","sourceUrl":"https://www.openstreetmap.org/node/13731205432","lastVerified":"2026-08-10","verificationStatus":"verified"}}},{"type":"Feature","id":"osm-node-13731205433","geometry":{"type":"Point","coordinates":[-79.663015,43.5510432]},"properties":{"kind":"path-intersection","buildingCode":null,"floor":null,"accessibility":"unknown","metadata":{"source":"OpenStreetMap","sourceUrl":"https://www.openstreetmap.org/node/13731205433","lastVerified":"2026-08-10","verificationStatus":"verified"}}},{"type":"Feature","id":"osm-node-13731205434","geometry":{"type":"Point","coordinates":[-79.6630169,43.5510334]},"properties":{"kind":"building-entrance","buildingCode":"HM","floor":null,"accessibility":"unknown","label":"Main entrance","metadata":{"source":"OpenStreetMap","sourceUrl":"https://www.openstreetmap.org/node/13731205434","lastVerified":"2026-08-10","verificationStatus":"verified"}}},{"type":"Feature","id":"osm-node-13731205435","geometry":{"type":"Point","coordinates":[-79.663248,43.5511121]},"properties":{"kind":"path-intersection","buildingCode":null,"floor":null,"accessibility":"unknown","metadata":{"source":"OpenStreetMap","sourceUrl":"https://www.openstreetmap.org/node/13731205435","lastVerified":"2026-08-10","verificationStatus":"verified"}}},{"type":"Feature","id":"osm-node-13731205436","geometry":{"type":"Point","coordinates":[-79.6632865,43.5511252]},"properties":{"kind":"path-intersection","buildingCode":null,"floor":null,"accessibility":"unknown","metadata":{"source":"OpenStreetMap","sourceUrl":"https://www.openstreetmap.org/node/13731205436","lastVerified":"2026-08-10","verificationStatus":"verified"}}},{"type":"Feature","id":"osm-node-13731205474","geometry":{"type":"Point","coordinates":[-79.6626418,43.5482146]},"properties":{"kind":"path-intersection","buildingCode":null,"floor":null,"accessibility":"unknown","metadata":{"source":"OpenStreetMap","sourceUrl":"https://www.openstreetmap.org/node/13731205474","lastVerified":"2026-08-10","verificationStatus":"verified"}}},{"type":"Feature","id":"osm-node-13731205475","geometry":{"type":"Point","coordinates":[-79.6627029,43.5482683]},"properties":{"kind":"path-intersection","buildingCode":null,"floor":null,"accessibility":"unknown","metadata":{"source":"OpenStreetMap","sourceUrl":"https://www.openstreetmap.org/node/13731205475","lastVerified":"2026-08-10","verificationStatus":"verified"}}},{"type":"Feature","id":"osm-node-13731225618","geometry":{"type":"Point","coordinates":[-79.6614294,43.5497686]},"properties":{"kind":"path-intersection","buildingCode":null,"floor":null,"accessibility":"unknown","metadata":{"source":"OpenStreetMap","sourceUrl":"https://www.openstreetmap.org/node/13731225618","lastVerified":"2026-08-10","verificationStatus":"verified"}}},{"type":"Feature","id":"osm-node-13731266373","geometry":{"type":"Point","coordinates":[-79.6667773,43.5537677]},"properties":{"kind":"path-intersection","buildingCode":null,"floor":null,"accessibility":"unknown","metadata":{"source":"OpenStreetMap","sourceUrl":"https://www.openstreetmap.org/node/13731266373","lastVerified":"2026-08-10","verificationStatus":"verified"}}},{"type":"Feature","id":"osm-node-13731370123","geometry":{"type":"Point","coordinates":[-79.6644179,43.5518256]},"properties":{"kind":"path-intersection","buildingCode":null,"floor":null,"accessibility":"unknown","metadata":{"source":"OpenStreetMap","sourceUrl":"https://www.openstreetmap.org/node/13731370123","lastVerified":"2026-08-10","verificationStatus":"verified"}}},{"type":"Feature","id":"osm-node-13731370126","geometry":{"type":"Point","coordinates":[-79.6644318,43.5518071]},"properties":{"kind":"path-intersection","buildingCode":null,"floor":null,"accessibility":"unknown","metadata":{"source":"OpenStreetMap","sourceUrl":"https://www.openstreetmap.org/node/13731370126","lastVerified":"2026-08-10","verificationStatus":"verified"}}},{"type":"Feature","id":"osm-node-13731370127","geometry":{"type":"Point","coordinates":[-79.6643736,43.5518835]},"properties":{"kind":"path-intersection","buildingCode":null,"floor":null,"accessibility":"unknown","metadata":{"source":"OpenStreetMap","sourceUrl":"https://www.openstreetmap.org/node/13731370127","lastVerified":"2026-08-10","verificationStatus":"verified"}}},{"type":"Feature","id":"osm-node-13731370130","geometry":{"type":"Point","coordinates":[-79.6643876,43.5518651]},"properties":{"kind":"path-intersection","buildingCode":null,"floor":null,"accessibility":"unknown","metadata":{"source":"OpenStreetMap","sourceUrl":"https://www.openstreetmap.org/node/13731370130","lastVerified":"2026-08-10","verificationStatus":"verified"}}},{"type":"Feature","id":"osm-node-13731370132","geometry":{"type":"Point","coordinates":[-79.6643391,43.5519434]},"properties":{"kind":"path-intersection","buildingCode":null,"floor":null,"accessibility":"unknown","metadata":{"source":"OpenStreetMap","sourceUrl":"https://www.openstreetmap.org/node/13731370132","lastVerified":"2026-08-10","verificationStatus":"verified"}}},{"type":"Feature","id":"osm-node-13731370153","geometry":{"type":"Point","coordinates":[-79.6630767,43.5513629]},"properties":{"kind":"path-intersection","buildingCode":null,"floor":null,"accessibility":"unknown","metadata":{"source":"OpenStreetMap","sourceUrl":"https://www.openstreetmap.org/node/13731370153","lastVerified":"2026-08-10","verificationStatus":"verified"}}},{"type":"Feature","id":"osm-node-13731370154","geometry":{"type":"Point","coordinates":[-79.6630335,43.5513213]},"properties":{"kind":"path-intersection","buildingCode":null,"floor":null,"accessibility":"unknown","metadata":{"source":"OpenStreetMap","sourceUrl":"https://www.openstreetmap.org/node/13731370154","lastVerified":"2026-08-10","verificationStatus":"verified"}}},{"type":"Feature","id":"osm-node-13731370155","geometry":{"type":"Point","coordinates":[-79.6631347,43.5512794]},"properties":{"kind":"crosswalk","buildingCode":null,"floor":null,"accessibility":"unknown","metadata":{"source":"OpenStreetMap","sourceUrl":"https://www.openstreetmap.org/node/13731370155","lastVerified":"2026-08-10","verificationStatus":"verified"}}},{"type":"Feature","id":"osm-node-13731370162","geometry":{"type":"Point","coordinates":[-79.6659646,43.5531415]},"properties":{"kind":"path-intersection","buildingCode":null,"floor":null,"accessibility":"unknown","metadata":{"source":"OpenStreetMap","sourceUrl":"https://www.openstreetmap.org/node/13731370162","lastVerified":"2026-08-10","verificationStatus":"verified"}}},{"type":"Feature","id":"osm-node-13731370177","geometry":{"type":"Point","coordinates":[-79.6657856,43.5529948]},"properties":{"kind":"path-intersection","buildingCode":null,"floor":null,"accessibility":"unknown","metadata":{"source":"OpenStreetMap","sourceUrl":"https://www.openstreetmap.org/node/13731370177","lastVerified":"2026-08-10","verificationStatus":"verified"}}},{"type":"Feature","id":"osm-node-13731370237","geometry":{"type":"Point","coordinates":[-79.6658099,43.5503157]},"properties":{"kind":"path-intersection","buildingCode":null,"floor":null,"accessibility":"unknown","metadata":{"source":"OpenStreetMap","sourceUrl":"https://www.openstreetmap.org/node/13731370237","lastVerified":"2026-08-10","verificationStatus":"verified"}}},{"type":"Feature","id":"osm-node-13731370238","geometry":{"type":"Point","coordinates":[-79.6657941,43.5503529]},"properties":{"kind":"path-intersection","buildingCode":null,"floor":null,"accessibility":"unknown","metadata":{"source":"OpenStreetMap","sourceUrl":"https://www.openstreetmap.org/node/13731370238","lastVerified":"2026-08-10","verificationStatus":"verified"}}},{"type":"Feature","id":"osm-node-13731370239","geometry":{"type":"Point","coordinates":[-79.6657728,43.5503059]},"properties":{"kind":"path-intersection","buildingCode":null,"floor":null,"accessibility":"unknown","metadata":{"source":"OpenStreetMap","sourceUrl":"https://www.openstreetmap.org/node/13731370239","lastVerified":"2026-08-10","verificationStatus":"verified"}}},{"type":"Feature","id":"osm-node-13731370240","geometry":{"type":"Point","coordinates":[-79.6657569,43.5503426]},"properties":{"kind":"path-intersection","buildingCode":null,"floor":null,"accessibility":"unknown","metadata":{"source":"OpenStreetMap","sourceUrl":"https://www.openstreetmap.org/node/13731370240","lastVerified":"2026-08-10","verificationStatus":"verified"}}},{"type":"Feature","id":"osm-node-13731370269","geometry":{"type":"Point","coordinates":[-79.6653779,43.551277]},"properties":{"kind":"path-intersection","buildingCode":null,"floor":null,"accessibility":"unknown","metadata":{"source":"OpenStreetMap","sourceUrl":"https://www.openstreetmap.org/node/13731370269","lastVerified":"2026-08-10","verificationStatus":"verified"}}},{"type":"Feature","id":"osm-node-13731370270","geometry":{"type":"Point","coordinates":[-79.6653467,43.5512663]},"properties":{"kind":"path-intersection","buildingCode":null,"floor":null,"accessibility":"unknown","metadata":{"source":"OpenStreetMap","sourceUrl":"https://www.openstreetmap.org/node/13731370270","lastVerified":"2026-08-10","verificationStatus":"verified"}}},{"type":"Feature","id":"osm-node-13731370271","geometry":{"type":"Point","coordinates":[-79.6653568,43.551251]},"properties":{"kind":"path-intersection","buildingCode":null,"floor":null,"accessibility":"unknown","metadata":{"source":"OpenStreetMap","sourceUrl":"https://www.openstreetmap.org/node/13731370271","lastVerified":"2026-08-10","verificationStatus":"verified"}}},{"type":"Feature","id":"osm-node-13731370272","geometry":{"type":"Point","coordinates":[-79.6653662,43.5512543]},"properties":{"kind":"path-intersection","buildingCode":null,"floor":null,"accessibility":"unknown","metadata":{"source":"OpenStreetMap","sourceUrl":"https://www.openstreetmap.org/node/13731370272","lastVerified":"2026-08-10","verificationStatus":"verified"}}},{"type":"Feature","id":"osm-node-13731370273","geometry":{"type":"Point","coordinates":[-79.6653795,43.5512351]},"properties":{"kind":"path-intersection","buildingCode":null,"floor":null,"accessibility":"unknown","metadata":{"source":"OpenStreetMap","sourceUrl":"https://www.openstreetmap.org/node/13731370273","lastVerified":"2026-08-10","verificationStatus":"verified"}}},{"type":"Feature","id":"osm-node-13731370274","geometry":{"type":"Point","coordinates":[-79.6653707,43.5512319]},"properties":{"kind":"path-intersection","buildingCode":null,"floor":null,"accessibility":"unknown","metadata":{"source":"OpenStreetMap","sourceUrl":"https://www.openstreetmap.org/node/13731370274","lastVerified":"2026-08-10","verificationStatus":"verified"}}},{"type":"Feature","id":"osm-node-13731370275","geometry":{"type":"Point","coordinates":[-79.6654395,43.5511256]},"properties":{"kind":"path-intersection","buildingCode":null,"floor":null,"accessibility":"unknown","metadata":{"source":"OpenStreetMap","sourceUrl":"https://www.openstreetmap.org/node/13731370275","lastVerified":"2026-08-10","verificationStatus":"verified"}}},{"type":"Feature","id":"osm-node-13731447917","geometry":{"type":"Point","coordinates":[-79.6596766,43.5485929]},"properties":{"kind":"path-intersection","buildingCode":null,"floor":null,"accessibility":"unknown","metadata":{"source":"OpenStreetMap","sourceUrl":"https://www.openstreetmap.org/node/13731447917","lastVerified":"2026-08-10","verificationStatus":"verified"}}},{"type":"Feature","id":"osm-node-13731447919","geometry":{"type":"Point","coordinates":[-79.6594723,43.5485597]},"properties":{"kind":"path-intersection","buildingCode":null,"floor":null,"accessibility":"unknown","metadata":{"source":"OpenStreetMap","sourceUrl":"https://www.openstreetmap.org/node/13731447919","lastVerified":"2026-08-10","verificationStatus":"verified"}}},{"type":"Feature","id":"osm-node-13731451732","geometry":{"type":"Point","coordinates":[-79.6655466,43.5492048]},"properties":{"kind":"path-intersection","buildingCode":null,"floor":null,"accessibility":"unknown","metadata":{"source":"OpenStreetMap","sourceUrl":"https://www.openstreetmap.org/node/13731451732","lastVerified":"2026-08-10","verificationStatus":"verified"}}},{"type":"Feature","id":"osm-node-13735769162","geometry":{"type":"Point","coordinates":[-79.6620009,43.5494137]},"properties":{"kind":"path-intersection","buildingCode":null,"floor":null,"accessibility":"unknown","metadata":{"source":"OpenStreetMap","sourceUrl":"https://www.openstreetmap.org/node/13735769162","lastVerified":"2026-08-10","verificationStatus":"verified"}}},{"type":"Feature","id":"osm-node-13735769166","geometry":{"type":"Point","coordinates":[-79.6615927,43.5494786]},"properties":{"kind":"path-intersection","buildingCode":null,"floor":null,"accessibility":"unknown","metadata":{"source":"OpenStreetMap","sourceUrl":"https://www.openstreetmap.org/node/13735769166","lastVerified":"2026-08-10","verificationStatus":"verified"}}},{"type":"Feature","id":"osm-node-13735816087","geometry":{"type":"Point","coordinates":[-79.6656811,43.5470592]},"properties":{"kind":"path-intersection","buildingCode":null,"floor":null,"accessibility":"unknown","metadata":{"source":"OpenStreetMap","sourceUrl":"https://www.openstreetmap.org/node/13735816087","lastVerified":"2026-08-10","verificationStatus":"verified"}}},{"type":"Feature","id":"osm-node-13735844701","geometry":{"type":"Point","coordinates":[-79.666371,43.5477918]},"properties":{"kind":"path-intersection","buildingCode":null,"floor":null,"accessibility":"unknown","metadata":{"source":"OpenStreetMap","sourceUrl":"https://www.openstreetmap.org/node/13735844701","lastVerified":"2026-08-10","verificationStatus":"verified"}}},{"type":"Feature","id":"osm-node-13735844719","geometry":{"type":"Point","coordinates":[-79.6658006,43.5477103]},"properties":{"kind":"path-intersection","buildingCode":null,"floor":null,"accessibility":"unknown","metadata":{"source":"OpenStreetMap","sourceUrl":"https://www.openstreetmap.org/node/13735844719","lastVerified":"2026-08-10","verificationStatus":"verified"}}},{"type":"Feature","id":"osm-node-13735844723","geometry":{"type":"Point","coordinates":[-79.6656541,43.5476866]},"properties":{"kind":"path-intersection","buildingCode":null,"floor":null,"accessibility":"unknown","metadata":{"source":"OpenStreetMap","sourceUrl":"https://www.openstreetmap.org/node/13735844723","lastVerified":"2026-08-10","verificationStatus":"verified"}}},{"type":"Feature","id":"osm-node-13736022867","geometry":{"type":"Point","coordinates":[-79.665829,43.5502718]},"properties":{"kind":"path-intersection","buildingCode":null,"floor":null,"accessibility":"unknown","metadata":{"source":"OpenStreetMap","sourceUrl":"https://www.openstreetmap.org/node/13736022867","lastVerified":"2026-08-10","verificationStatus":"verified"}}},{"type":"Feature","id":"osm-node-13736022868","geometry":{"type":"Point","coordinates":[-79.6657582,43.5502575]},"properties":{"kind":"path-intersection","buildingCode":null,"floor":null,"accessibility":"unknown","metadata":{"source":"OpenStreetMap","sourceUrl":"https://www.openstreetmap.org/node/13736022868","lastVerified":"2026-08-10","verificationStatus":"verified"}}},{"type":"Feature","id":"osm-node-13736022871","geometry":{"type":"Point","coordinates":[-79.6657228,43.5501826]},"properties":{"kind":"path-intersection","buildingCode":null,"floor":null,"accessibility":"unknown","metadata":{"source":"OpenStreetMap","sourceUrl":"https://www.openstreetmap.org/node/13736022871","lastVerified":"2026-08-10","verificationStatus":"verified"}}},{"type":"Feature","id":"osm-node-13736022872","geometry":{"type":"Point","coordinates":[-79.6656927,43.5500696]},"properties":{"kind":"path-intersection","buildingCode":null,"floor":null,"accessibility":"unknown","metadata":{"source":"OpenStreetMap","sourceUrl":"https://www.openstreetmap.org/node/13736022872","lastVerified":"2026-08-10","verificationStatus":"verified"}}},{"type":"Feature","id":"osm-node-13736022873","geometry":{"type":"Point","coordinates":[-79.6656481,43.5499804]},"properties":{"kind":"path-intersection","buildingCode":null,"floor":null,"accessibility":"unknown","metadata":{"source":"OpenStreetMap","sourceUrl":"https://www.openstreetmap.org/node/13736022873","lastVerified":"2026-08-10","verificationStatus":"verified"}}},{"type":"Feature","id":"osm-node-13736022874","geometry":{"type":"Point","coordinates":[-79.665724,43.5499642]},"properties":{"kind":"path-intersection","buildingCode":null,"floor":null,"accessibility":"unknown","metadata":{"source":"OpenStreetMap","sourceUrl":"https://www.openstreetmap.org/node/13736022874","lastVerified":"2026-08-10","verificationStatus":"verified"}}},{"type":"Feature","id":"osm-node-13736022875","geometry":{"type":"Point","coordinates":[-79.6660075,43.5499787]},"properties":{"kind":"path-intersection","buildingCode":null,"floor":null,"accessibility":"unknown","metadata":{"source":"OpenStreetMap","sourceUrl":"https://www.openstreetmap.org/node/13736022875","lastVerified":"2026-08-10","verificationStatus":"verified"}}},{"type":"Feature","id":"osm-node-13736022876","geometry":{"type":"Point","coordinates":[-79.6660822,43.5499628]},"properties":{"kind":"path-intersection","buildingCode":null,"floor":null,"accessibility":"unknown","metadata":{"source":"OpenStreetMap","sourceUrl":"https://www.openstreetmap.org/node/13736022876","lastVerified":"2026-08-10","verificationStatus":"verified"}}},{"type":"Feature","id":"osm-node-13736022877","geometry":{"type":"Point","coordinates":[-79.6660831,43.5499754]},"properties":{"kind":"path-intersection","buildingCode":null,"floor":null,"accessibility":"unknown","metadata":{"source":"OpenStreetMap","sourceUrl":"https://www.openstreetmap.org/node/13736022877","lastVerified":"2026-08-10","verificationStatus":"verified"}}},{"type":"Feature","id":"osm-node-13736022878","geometry":{"type":"Point","coordinates":[-79.6660881,43.5499854]},"properties":{"kind":"path-intersection","buildingCode":null,"floor":null,"accessibility":"unknown","metadata":{"source":"OpenStreetMap","sourceUrl":"https://www.openstreetmap.org/node/13736022878","lastVerified":"2026-08-10","verificationStatus":"verified"}}},{"type":"Feature","id":"osm-node-13736022879","geometry":{"type":"Point","coordinates":[-79.6661055,43.5500036]},"properties":{"kind":"path-intersection","buildingCode":null,"floor":null,"accessibility":"unknown","metadata":{"source":"OpenStreetMap","sourceUrl":"https://www.openstreetmap.org/node/13736022879","lastVerified":"2026-08-10","verificationStatus":"verified"}}},{"type":"Feature","id":"osm-node-13736022880","geometry":{"type":"Point","coordinates":[-79.6661321,43.5500229]},"properties":{"kind":"path-intersection","buildingCode":null,"floor":null,"accessibility":"unknown","metadata":{"source":"OpenStreetMap","sourceUrl":"https://www.openstreetmap.org/node/13736022880","lastVerified":"2026-08-10","verificationStatus":"verified"}}},{"type":"Feature","id":"osm-node-13736022881","geometry":{"type":"Point","coordinates":[-79.6661535,43.5500093]},"properties":{"kind":"path-intersection","buildingCode":null,"floor":null,"accessibility":"unknown","metadata":{"source":"OpenStreetMap","sourceUrl":"https://www.openstreetmap.org/node/13736022881","lastVerified":"2026-08-10","verificationStatus":"verified"}}},{"type":"Feature","id":"osm-node-13736022882","geometry":{"type":"Point","coordinates":[-79.6663442,43.5500872]},"properties":{"kind":"path-intersection","buildingCode":null,"floor":null,"accessibility":"unknown","metadata":{"source":"OpenStreetMap","sourceUrl":"https://www.openstreetmap.org/node/13736022882","lastVerified":"2026-08-10","verificationStatus":"verified"}}},{"type":"Feature","id":"osm-node-13736022883","geometry":{"type":"Point","coordinates":[-79.666321,43.5501551]},"properties":{"kind":"path-intersection","buildingCode":null,"floor":null,"accessibility":"unknown","metadata":{"source":"OpenStreetMap","sourceUrl":"https://www.openstreetmap.org/node/13736022883","lastVerified":"2026-08-10","verificationStatus":"verified"}}},{"type":"Feature","id":"osm-node-13736022884","geometry":{"type":"Point","coordinates":[-79.6658901,43.5501091]},"properties":{"kind":"path-intersection","buildingCode":null,"floor":null,"accessibility":"unknown","metadata":{"source":"OpenStreetMap","sourceUrl":"https://www.openstreetmap.org/node/13736022884","lastVerified":"2026-08-10","verificationStatus":"verified"}}},{"type":"Feature","id":"osm-node-13736022885","geometry":{"type":"Point","coordinates":[-79.6656897,43.5499715]},"properties":{"kind":"path-intersection","buildingCode":null,"floor":null,"accessibility":"unknown","metadata":{"source":"OpenStreetMap","sourceUrl":"https://www.openstreetmap.org/node/13736022885","lastVerified":"2026-08-10","verificationStatus":"verified"}}},{"type":"Feature","id":"osm-node-13736022886","geometry":{"type":"Point","coordinates":[-79.6657159,43.5502096]},"properties":{"kind":"path-intersection","buildingCode":null,"floor":null,"accessibility":"unknown","metadata":{"source":"OpenStreetMap","sourceUrl":"https://www.openstreetmap.org/node/13736022886","lastVerified":"2026-08-10","verificationStatus":"verified"}}},{"type":"Feature","id":"osm-node-13736022887","geometry":{"type":"Point","coordinates":[-79.6657036,43.5503289]},"properties":{"kind":"path-intersection","buildingCode":null,"floor":null,"accessibility":"unknown","metadata":{"source":"OpenStreetMap","sourceUrl":"https://www.openstreetmap.org/node/13736022887","lastVerified":"2026-08-10","verificationStatus":"verified"}}},{"type":"Feature","id":"osm-node-13736022888","geometry":{"type":"Point","coordinates":[-79.6658363,43.5502523]},"properties":{"kind":"path-intersection","buildingCode":null,"floor":null,"accessibility":"unknown","metadata":{"source":"OpenStreetMap","sourceUrl":"https://www.openstreetmap.org/node/13736022888","lastVerified":"2026-08-10","verificationStatus":"verified"}}},{"type":"Feature","id":"osm-node-13736295094","geometry":{"type":"Point","coordinates":[-79.6632637,43.550862]},"properties":{"kind":"path-intersection","buildingCode":null,"floor":null,"accessibility":"unknown","metadata":{"source":"OpenStreetMap","sourceUrl":"https://www.openstreetmap.org/node/13736295094","lastVerified":"2026-08-10","verificationStatus":"verified"}}},{"type":"Feature","id":"osm-node-13736295095","geometry":{"type":"Point","coordinates":[-79.6632594,43.5508852]},"properties":{"kind":"path-intersection","buildingCode":null,"floor":null,"accessibility":"unknown","metadata":{"source":"OpenStreetMap","sourceUrl":"https://www.openstreetmap.org/node/13736295095","lastVerified":"2026-08-10","verificationStatus":"verified"}}},{"type":"Feature","id":"osm-node-13736295096","geometry":{"type":"Point","coordinates":[-79.6632432,43.5508831]},"properties":{"kind":"path-intersection","buildingCode":null,"floor":null,"accessibility":"unknown","metadata":{"source":"OpenStreetMap","sourceUrl":"https://www.openstreetmap.org/node/13736295096","lastVerified":"2026-08-10","verificationStatus":"verified"}}},{"type":"Feature","id":"osm-node-13736295097","geometry":{"type":"Point","coordinates":[-79.6632478,43.5508598]},"properties":{"kind":"path-intersection","buildingCode":null,"floor":null,"accessibility":"unknown","metadata":{"source":"OpenStreetMap","sourceUrl":"https://www.openstreetmap.org/node/13736295097","lastVerified":"2026-08-10","verificationStatus":"verified"}}},{"type":"Feature","id":"osm-node-13736295098","geometry":{"type":"Point","coordinates":[-79.6632465,43.5509537]},"properties":{"kind":"path-intersection","buildingCode":null,"floor":null,"accessibility":"unknown","metadata":{"source":"OpenStreetMap","sourceUrl":"https://www.openstreetmap.org/node/13736295098","lastVerified":"2026-08-10","verificationStatus":"verified"}}},{"type":"Feature","id":"osm-node-13736295099","geometry":{"type":"Point","coordinates":[-79.6632421,43.550978]},"properties":{"kind":"path-intersection","buildingCode":null,"floor":null,"accessibility":"unknown","metadata":{"source":"OpenStreetMap","sourceUrl":"https://www.openstreetmap.org/node/13736295099","lastVerified":"2026-08-10","verificationStatus":"verified"}}},{"type":"Feature","id":"osm-node-13736295100","geometry":{"type":"Point","coordinates":[-79.6632256,43.550976]},"properties":{"kind":"path-intersection","buildingCode":null,"floor":null,"accessibility":"unknown","metadata":{"source":"OpenStreetMap","sourceUrl":"https://www.openstreetmap.org/node/13736295100","lastVerified":"2026-08-10","verificationStatus":"verified"}}},{"type":"Feature","id":"osm-node-13736463607","geometry":{"type":"Point","coordinates":[-79.6639329,43.5512185]},"properties":{"kind":"path-intersection","buildingCode":null,"floor":null,"accessibility":"unknown","metadata":{"source":"OpenStreetMap","sourceUrl":"https://www.openstreetmap.org/node/13736463607","lastVerified":"2026-08-10","verificationStatus":"verified"}}},{"type":"Feature","id":"osm-node-13736463801","geometry":{"type":"Point","coordinates":[-79.6632301,43.5509518]},"properties":{"kind":"path-intersection","buildingCode":null,"floor":null,"accessibility":"unknown","metadata":{"source":"OpenStreetMap","sourceUrl":"https://www.openstreetmap.org/node/13736463801","lastVerified":"2026-08-10","verificationStatus":"verified"}}},{"type":"Feature","id":"osm-node-13736463822","geometry":{"type":"Point","coordinates":[-79.6652718,43.5510453]},"properties":{"kind":"path-intersection","buildingCode":null,"floor":null,"accessibility":"unknown","metadata":{"source":"OpenStreetMap","sourceUrl":"https://www.openstreetmap.org/node/13736463822","lastVerified":"2026-08-10","verificationStatus":"verified"}}},{"type":"Feature","id":"osm-node-13736463827","geometry":{"type":"Point","coordinates":[-79.6632771,43.5507912]},"properties":{"kind":"path-intersection","buildingCode":null,"floor":null,"accessibility":"unknown","metadata":{"source":"OpenStreetMap","sourceUrl":"https://www.openstreetmap.org/node/13736463827","lastVerified":"2026-08-10","verificationStatus":"verified"}}},{"type":"Feature","id":"osm-node-13736463828","geometry":{"type":"Point","coordinates":[-79.6632814,43.5507685]},"properties":{"kind":"path-intersection","buildingCode":null,"floor":null,"accessibility":"unknown","metadata":{"source":"OpenStreetMap","sourceUrl":"https://www.openstreetmap.org/node/13736463828","lastVerified":"2026-08-10","verificationStatus":"verified"}}},{"type":"Feature","id":"osm-node-13736463829","geometry":{"type":"Point","coordinates":[-79.6632668,43.5507664]},"properties":{"kind":"path-intersection","buildingCode":null,"floor":null,"accessibility":"unknown","metadata":{"source":"OpenStreetMap","sourceUrl":"https://www.openstreetmap.org/node/13736463829","lastVerified":"2026-08-10","verificationStatus":"verified"}}},{"type":"Feature","id":"osm-node-13736463830","geometry":{"type":"Point","coordinates":[-79.6632621,43.550789]},"properties":{"kind":"path-intersection","buildingCode":null,"floor":null,"accessibility":"unknown","metadata":{"source":"OpenStreetMap","sourceUrl":"https://www.openstreetmap.org/node/13736463830","lastVerified":"2026-08-10","verificationStatus":"verified"}}},{"type":"Feature","id":"osm-node-13736463840","geometry":{"type":"Point","coordinates":[-79.6628586,43.5503563]},"properties":{"kind":"stairs","buildingCode":null,"floor":null,"accessibility":"not_accessible","metadata":{"source":"OpenStreetMap","sourceUrl":"https://www.openstreetmap.org/node/13736463840","lastVerified":"2026-08-10","verificationStatus":"verified"}}},{"type":"Feature","id":"osm-node-13736463841","geometry":{"type":"Point","coordinates":[-79.6627688,43.5503442]},"properties":{"kind":"stairs","buildingCode":null,"floor":null,"accessibility":"not_accessible","metadata":{"source":"OpenStreetMap","sourceUrl":"https://www.openstreetmap.org/node/13736463841","lastVerified":"2026-08-10","verificationStatus":"verified"}}},{"type":"Feature","id":"osm-node-13736463842","geometry":{"type":"Point","coordinates":[-79.6628705,43.5503675]},"properties":{"kind":"path-intersection","buildingCode":null,"floor":null,"accessibility":"unknown","metadata":{"source":"OpenStreetMap","sourceUrl":"https://www.openstreetmap.org/node/13736463842","lastVerified":"2026-08-10","verificationStatus":"verified"}}},{"type":"Feature","id":"osm-node-13736463843","geometry":{"type":"Point","coordinates":[-79.6628676,43.5503813]},"properties":{"kind":"path-intersection","buildingCode":null,"floor":null,"accessibility":"unknown","metadata":{"source":"OpenStreetMap","sourceUrl":"https://www.openstreetmap.org/node/13736463843","lastVerified":"2026-08-10","verificationStatus":"verified"}}},{"type":"Feature","id":"osm-node-13736463866","geometry":{"type":"Point","coordinates":[-79.6629404,43.5504048]},"properties":{"kind":"stairs","buildingCode":null,"floor":null,"accessibility":"not_accessible","metadata":{"source":"OpenStreetMap","sourceUrl":"https://www.openstreetmap.org/node/13736463866","lastVerified":"2026-08-10","verificationStatus":"verified"}}},{"type":"Feature","id":"osm-node-13736463867","geometry":{"type":"Point","coordinates":[-79.6629347,43.5504295]},"properties":{"kind":"stairs","buildingCode":null,"floor":null,"accessibility":"not_accessible","metadata":{"source":"OpenStreetMap","sourceUrl":"https://www.openstreetmap.org/node/13736463867","lastVerified":"2026-08-10","verificationStatus":"verified"}}},{"type":"Feature","id":"osm-node-13736463868","geometry":{"type":"Point","coordinates":[-79.6629426,43.5503909]},"properties":{"kind":"path-intersection","buildingCode":null,"floor":null,"accessibility":"unknown","metadata":{"source":"OpenStreetMap","sourceUrl":"https://www.openstreetmap.org/node/13736463868","lastVerified":"2026-08-10","verificationStatus":"verified"}}},{"type":"Feature","id":"osm-node-13736463897","geometry":{"type":"Point","coordinates":[-79.6628153,43.5503894]},"properties":{"kind":"stairs","buildingCode":null,"floor":null,"accessibility":"not_accessible","metadata":{"source":"OpenStreetMap","sourceUrl":"https://www.openstreetmap.org/node/13736463897","lastVerified":"2026-08-10","verificationStatus":"verified"}}},{"type":"Feature","id":"osm-node-13736463898","geometry":{"type":"Point","coordinates":[-79.6628007,43.5504526]},"properties":{"kind":"stairs","buildingCode":null,"floor":null,"accessibility":"not_accessible","metadata":{"source":"OpenStreetMap","sourceUrl":"https://www.openstreetmap.org/node/13736463898","lastVerified":"2026-08-10","verificationStatus":"verified"}}},{"type":"Feature","id":"osm-node-13736463899","geometry":{"type":"Point","coordinates":[-79.6628184,43.5503749]},"properties":{"kind":"path-intersection","buildingCode":null,"floor":null,"accessibility":"unknown","metadata":{"source":"OpenStreetMap","sourceUrl":"https://www.openstreetmap.org/node/13736463899","lastVerified":"2026-08-10","verificationStatus":"verified"}}},{"type":"Feature","id":"osm-node-13736463905","geometry":{"type":"Point","coordinates":[-79.6630969,43.5504102]},"properties":{"kind":"path-intersection","buildingCode":null,"floor":null,"accessibility":"unknown","metadata":{"source":"OpenStreetMap","sourceUrl":"https://www.openstreetmap.org/node/13736463905","lastVerified":"2026-08-10","verificationStatus":"verified"}}},{"type":"Feature","id":"osm-node-13736463906","geometry":{"type":"Point","coordinates":[-79.6633546,43.550452]},"properties":{"kind":"path-intersection","buildingCode":null,"floor":null,"accessibility":"unknown","metadata":{"source":"OpenStreetMap","sourceUrl":"https://www.openstreetmap.org/node/13736463906","lastVerified":"2026-08-10","verificationStatus":"verified"}}},{"type":"Feature","id":"osm-node-13736463907","geometry":{"type":"Point","coordinates":[-79.6619776,43.5476911]},"properties":{"kind":"stairs","buildingCode":null,"floor":null,"accessibility":"not_accessible","metadata":{"source":"OpenStreetMap","sourceUrl":"https://www.openstreetmap.org/node/13736463907","lastVerified":"2026-08-10","verificationStatus":"verified"}}},{"type":"Feature","id":"osm-node-13736463908","geometry":{"type":"Point","coordinates":[-79.6619513,43.5476875]},"properties":{"kind":"stairs","buildingCode":null,"floor":null,"accessibility":"not_accessible","metadata":{"source":"OpenStreetMap","sourceUrl":"https://www.openstreetmap.org/node/13736463908","lastVerified":"2026-08-10","verificationStatus":"verified"}}},{"type":"Feature","id":"osm-node-13736463909","geometry":{"type":"Point","coordinates":[-79.6618689,43.5477041]},"properties":{"kind":"building-entrance","buildingCode":"DV","floor":null,"accessibility":"accessible","label":"Accessible main entrance","metadata":{"source":"OpenStreetMap","sourceUrl":"https://www.openstreetmap.org/node/13736463909","lastVerified":"2026-08-10","verificationStatus":"verified"}}},{"type":"Feature","id":"osm-node-13736463913","geometry":{"type":"Point","coordinates":[-79.6618749,43.5476778]},"properties":{"kind":"path-intersection","buildingCode":null,"floor":null,"accessibility":"unknown","metadata":{"source":"OpenStreetMap","sourceUrl":"https://www.openstreetmap.org/node/13736463913","lastVerified":"2026-08-10","verificationStatus":"verified"}}},{"type":"Feature","id":"osm-node-13736463914","geometry":{"type":"Point","coordinates":[-79.6620512,43.5477664]},"properties":{"kind":"path-intersection","buildingCode":null,"floor":null,"accessibility":"unknown","metadata":{"source":"OpenStreetMap","sourceUrl":"https://www.openstreetmap.org/node/13736463914","lastVerified":"2026-08-10","verificationStatus":"verified"}}},{"type":"Feature","id":"osm-node-13736463915","geometry":{"type":"Point","coordinates":[-79.6620479,43.5475936]},"properties":{"kind":"path-intersection","buildingCode":null,"floor":null,"accessibility":"unknown","metadata":{"source":"OpenStreetMap","sourceUrl":"https://www.openstreetmap.org/node/13736463915","lastVerified":"2026-08-10","verificationStatus":"verified"}}},{"type":"Feature","id":"osm-node-13736463916","geometry":{"type":"Point","coordinates":[-79.6619079,43.547682]},"properties":{"kind":"path-intersection","buildingCode":null,"floor":null,"accessibility":"unknown","metadata":{"source":"OpenStreetMap","sourceUrl":"https://www.openstreetmap.org/node/13736463916","lastVerified":"2026-08-10","verificationStatus":"verified"}}},{"type":"Feature","id":"osm-node-13736463917","geometry":{"type":"Point","coordinates":[-79.6620377,43.5475713]},"properties":{"kind":"path-intersection","buildingCode":null,"floor":null,"accessibility":"unknown","metadata":{"source":"OpenStreetMap","sourceUrl":"https://www.openstreetmap.org/node/13736463917","lastVerified":"2026-08-10","verificationStatus":"verified"}}},{"type":"Feature","id":"osm-node-13736463918","geometry":{"type":"Point","coordinates":[-79.6619979,43.5476189]},"properties":{"kind":"stairs","buildingCode":null,"floor":null,"accessibility":"not_accessible","metadata":{"source":"OpenStreetMap","sourceUrl":"https://www.openstreetmap.org/node/13736463918","lastVerified":"2026-08-10","verificationStatus":"verified"}}},{"type":"Feature","id":"osm-node-13736463919","geometry":{"type":"Point","coordinates":[-79.6618376,43.5475981]},"properties":{"kind":"path-intersection","buildingCode":null,"floor":null,"accessibility":"unknown","metadata":{"source":"OpenStreetMap","sourceUrl":"https://www.openstreetmap.org/node/13736463919","lastVerified":"2026-08-10","verificationStatus":"verified"}}},{"type":"Feature","id":"osm-node-13736463920","geometry":{"type":"Point","coordinates":[-79.6618337,43.5476135]},"properties":{"kind":"path-intersection","buildingCode":null,"floor":null,"accessibility":"unknown","metadata":{"source":"OpenStreetMap","sourceUrl":"https://www.openstreetmap.org/node/13736463920","lastVerified":"2026-08-10","verificationStatus":"verified"}}},{"type":"Feature","id":"osm-node-13736463921","geometry":{"type":"Point","coordinates":[-79.6619325,43.5476267]},"properties":{"kind":"path-intersection","buildingCode":null,"floor":null,"accessibility":"unknown","metadata":{"source":"OpenStreetMap","sourceUrl":"https://www.openstreetmap.org/node/13736463921","lastVerified":"2026-08-10","verificationStatus":"verified"}}},{"type":"Feature","id":"osm-node-13736463922","geometry":{"type":"Point","coordinates":[-79.6619277,43.5476442]},"properties":{"kind":"path-intersection","buildingCode":null,"floor":null,"accessibility":"unknown","metadata":{"source":"OpenStreetMap","sourceUrl":"https://www.openstreetmap.org/node/13736463922","lastVerified":"2026-08-10","verificationStatus":"verified"}}},{"type":"Feature","id":"osm-node-13736463923","geometry":{"type":"Point","coordinates":[-79.6618291,43.5476316]},"properties":{"kind":"path-intersection","buildingCode":null,"floor":null,"accessibility":"unknown","metadata":{"source":"OpenStreetMap","sourceUrl":"https://www.openstreetmap.org/node/13736463923","lastVerified":"2026-08-10","verificationStatus":"verified"}}},{"type":"Feature","id":"osm-node-13736463924","geometry":{"type":"Point","coordinates":[-79.6618249,43.547649]},"properties":{"kind":"path-intersection","buildingCode":null,"floor":null,"accessibility":"unknown","metadata":{"source":"OpenStreetMap","sourceUrl":"https://www.openstreetmap.org/node/13736463924","lastVerified":"2026-08-10","verificationStatus":"verified"}}},{"type":"Feature","id":"osm-node-13736496720","geometry":{"type":"Point","coordinates":[-79.6653288,43.550846]},"properties":{"kind":"stairs","buildingCode":null,"floor":null,"accessibility":"not_accessible","metadata":{"source":"OpenStreetMap","sourceUrl":"https://www.openstreetmap.org/node/13736496720","lastVerified":"2026-08-10","verificationStatus":"verified"}}},{"type":"Feature","id":"osm-node-13736496721","geometry":{"type":"Point","coordinates":[-79.6652805,43.5508385]},"properties":{"kind":"path-intersection","buildingCode":null,"floor":null,"accessibility":"unknown","metadata":{"source":"OpenStreetMap","sourceUrl":"https://www.openstreetmap.org/node/13736496721","lastVerified":"2026-08-10","verificationStatus":"verified"}}},{"type":"Feature","id":"osm-node-13736496722","geometry":{"type":"Point","coordinates":[-79.6654503,43.5509659]},"properties":{"kind":"path-intersection","buildingCode":null,"floor":null,"accessibility":"unknown","metadata":{"source":"OpenStreetMap","sourceUrl":"https://www.openstreetmap.org/node/13736496722","lastVerified":"2026-08-10","verificationStatus":"verified"}}},{"type":"Feature","id":"osm-node-13736496723","geometry":{"type":"Point","coordinates":[-79.6654609,43.5510657]},"properties":{"kind":"path-intersection","buildingCode":null,"floor":null,"accessibility":"unknown","metadata":{"source":"OpenStreetMap","sourceUrl":"https://www.openstreetmap.org/node/13736496723","lastVerified":"2026-08-10","verificationStatus":"verified"}}},{"type":"Feature","id":"osm-node-13736496724","geometry":{"type":"Point","coordinates":[-79.6663025,43.5511488]},"properties":{"kind":"stairs","buildingCode":null,"floor":null,"accessibility":"not_accessible","metadata":{"source":"OpenStreetMap","sourceUrl":"https://www.openstreetmap.org/node/13736496724","lastVerified":"2026-08-10","verificationStatus":"verified"}}},{"type":"Feature","id":"osm-node-13736496725","geometry":{"type":"Point","coordinates":[-79.6663252,43.5511663]},"properties":{"kind":"stairs","buildingCode":null,"floor":null,"accessibility":"not_accessible","metadata":{"source":"OpenStreetMap","sourceUrl":"https://www.openstreetmap.org/node/13736496725","lastVerified":"2026-08-10","verificationStatus":"verified"}}},{"type":"Feature","id":"osm-node-13736496726","geometry":{"type":"Point","coordinates":[-79.6663396,43.551178]},"properties":{"kind":"path-intersection","buildingCode":null,"floor":null,"accessibility":"unknown","metadata":{"source":"OpenStreetMap","sourceUrl":"https://www.openstreetmap.org/node/13736496726","lastVerified":"2026-08-10","verificationStatus":"verified"}}},{"type":"Feature","id":"osm-node-13736507706","geometry":{"type":"Point","coordinates":[-79.6626682,43.5494745]},"properties":{"kind":"path-intersection","buildingCode":null,"floor":null,"accessibility":"unknown","metadata":{"source":"OpenStreetMap","sourceUrl":"https://www.openstreetmap.org/node/13736507706","lastVerified":"2026-08-10","verificationStatus":"verified"}}},{"type":"Feature","id":"osm-node-13736517891","geometry":{"type":"Point","coordinates":[-79.6658884,43.5502885]},"properties":{"kind":"path-intersection","buildingCode":null,"floor":null,"accessibility":"unknown","metadata":{"source":"OpenStreetMap","sourceUrl":"https://www.openstreetmap.org/node/13736517891","lastVerified":"2026-08-10","verificationStatus":"verified"}}},{"type":"Feature","id":"osm-node-13736517893","geometry":{"type":"Point","coordinates":[-79.665859,43.5501921]},"properties":{"kind":"path-intersection","buildingCode":null,"floor":null,"accessibility":"unknown","metadata":{"source":"OpenStreetMap","sourceUrl":"https://www.openstreetmap.org/node/13736517893","lastVerified":"2026-08-10","verificationStatus":"verified"}}},{"type":"Feature","id":"osm-node-13736517894","geometry":{"type":"Point","coordinates":[-79.6659097,43.5502023]},"properties":{"kind":"path-intersection","buildingCode":null,"floor":null,"accessibility":"unknown","metadata":{"source":"OpenStreetMap","sourceUrl":"https://www.openstreetmap.org/node/13736517894","lastVerified":"2026-08-10","verificationStatus":"verified"}}},{"type":"Feature","id":"osm-node-13736517895","geometry":{"type":"Point","coordinates":[-79.6659377,43.5501192]},"properties":{"kind":"path-intersection","buildingCode":null,"floor":null,"accessibility":"unknown","metadata":{"source":"OpenStreetMap","sourceUrl":"https://www.openstreetmap.org/node/13736517895","lastVerified":"2026-08-10","verificationStatus":"verified"}}},{"type":"Feature","id":"osm-node-13736579213","geometry":{"type":"Point","coordinates":[-79.663207,43.5486954]},"properties":{"kind":"path-intersection","buildingCode":null,"floor":null,"accessibility":"unknown","metadata":{"source":"OpenStreetMap","sourceUrl":"https://www.openstreetmap.org/node/13736579213","lastVerified":"2026-08-10","verificationStatus":"verified"}}},{"type":"Feature","id":"osm-node-13736579214","geometry":{"type":"Point","coordinates":[-79.6626253,43.5486216]},"properties":{"kind":"path-intersection","buildingCode":null,"floor":null,"accessibility":"unknown","metadata":{"source":"OpenStreetMap","sourceUrl":"https://www.openstreetmap.org/node/13736579214","lastVerified":"2026-08-10","verificationStatus":"verified"}}},{"type":"Feature","id":"osm-node-13736593189","geometry":{"type":"Point","coordinates":[-79.6603285,43.5480496]},"properties":{"kind":"stairs","buildingCode":null,"floor":null,"accessibility":"not_accessible","metadata":{"source":"OpenStreetMap","sourceUrl":"https://www.openstreetmap.org/node/13736593189","lastVerified":"2026-08-10","verificationStatus":"verified"}}},{"type":"Feature","id":"osm-node-13736593190","geometry":{"type":"Point","coordinates":[-79.6603957,43.5480582]},"properties":{"kind":"path-intersection","buildingCode":null,"floor":null,"accessibility":"unknown","metadata":{"source":"OpenStreetMap","sourceUrl":"https://www.openstreetmap.org/node/13736593190","lastVerified":"2026-08-10","verificationStatus":"verified"}}},{"type":"Feature","id":"osm-node-13736622719","geometry":{"type":"Point","coordinates":[-79.661239,43.5486068]},"properties":{"kind":"path-intersection","buildingCode":null,"floor":null,"accessibility":"unknown","metadata":{"source":"OpenStreetMap","sourceUrl":"https://www.openstreetmap.org/node/13736622719","lastVerified":"2026-08-10","verificationStatus":"verified"}}},{"type":"Feature","id":"osm-node-13736622720","geometry":{"type":"Point","coordinates":[-79.6612744,43.5486111]},"properties":{"kind":"path-intersection","buildingCode":null,"floor":null,"accessibility":"unknown","metadata":{"source":"OpenStreetMap","sourceUrl":"https://www.openstreetmap.org/node/13736622720","lastVerified":"2026-08-10","verificationStatus":"verified"}}},{"type":"Feature","id":"osm-node-13736687033","geometry":{"type":"Point","coordinates":[-79.6655598,43.5509686]},"properties":{"kind":"path-intersection","buildingCode":null,"floor":null,"accessibility":"unknown","metadata":{"source":"OpenStreetMap","sourceUrl":"https://www.openstreetmap.org/node/13736687033","lastVerified":"2026-08-10","verificationStatus":"verified"}}},{"type":"Feature","id":"osm-node-13736687034","geometry":{"type":"Point","coordinates":[-79.6656006,43.5509053]},"properties":{"kind":"path-intersection","buildingCode":null,"floor":null,"accessibility":"unknown","metadata":{"source":"OpenStreetMap","sourceUrl":"https://www.openstreetmap.org/node/13736687034","lastVerified":"2026-08-10","verificationStatus":"verified"}}},{"type":"Feature","id":"osm-node-13736687037","geometry":{"type":"Point","coordinates":[-79.6656534,43.5508131]},"properties":{"kind":"path-intersection","buildingCode":null,"floor":null,"accessibility":"unknown","metadata":{"source":"OpenStreetMap","sourceUrl":"https://www.openstreetmap.org/node/13736687037","lastVerified":"2026-08-10","verificationStatus":"verified"}}},{"type":"Feature","id":"osm-node-13736687039","geometry":{"type":"Point","coordinates":[-79.6656482,43.5508314]},"properties":{"kind":"path-intersection","buildingCode":null,"floor":null,"accessibility":"unknown","metadata":{"source":"OpenStreetMap","sourceUrl":"https://www.openstreetmap.org/node/13736687039","lastVerified":"2026-08-10","verificationStatus":"verified"}}},{"type":"Feature","id":"osm-node-13736687041","geometry":{"type":"Point","coordinates":[-79.6662061,43.5510741]},"properties":{"kind":"path-intersection","buildingCode":null,"floor":null,"accessibility":"unknown","metadata":{"source":"OpenStreetMap","sourceUrl":"https://www.openstreetmap.org/node/13736687041","lastVerified":"2026-08-10","verificationStatus":"verified"}}},{"type":"Feature","id":"osm-node-13736688508","geometry":{"type":"Point","coordinates":[-79.6619743,43.54763]},"properties":{"kind":"stairs","buildingCode":null,"floor":null,"accessibility":"not_accessible","metadata":{"source":"OpenStreetMap","sourceUrl":"https://www.openstreetmap.org/node/13736688508","lastVerified":"2026-08-10","verificationStatus":"verified"}}},{"type":"Feature","id":"osm-node-13736766183","geometry":{"type":"Point","coordinates":[-79.6656505,43.5508277]},"properties":{"kind":"path-intersection","buildingCode":null,"floor":null,"accessibility":"unknown","metadata":{"source":"OpenStreetMap","sourceUrl":"https://www.openstreetmap.org/node/13736766183","lastVerified":"2026-08-10","verificationStatus":"verified"}}},{"type":"Feature","id":"osm-node-13738201127","geometry":{"type":"Point","coordinates":[-79.6654141,43.5513221]},"properties":{"kind":"building-entrance","buildingCode":"MN","floor":null,"accessibility":"unknown","label":"Mapped entrance","metadata":{"source":"OpenStreetMap","sourceUrl":"https://www.openstreetmap.org/node/13738201127","lastVerified":"2026-08-10","verificationStatus":"verified"}}},{"type":"Feature","id":"osm-node-13738201128","geometry":{"type":"Point","coordinates":[-79.6654004,43.5513429]},"properties":{"kind":"path-intersection","buildingCode":null,"floor":null,"accessibility":"unknown","metadata":{"source":"OpenStreetMap","sourceUrl":"https://www.openstreetmap.org/node/13738201128","lastVerified":"2026-08-10","verificationStatus":"verified"}}},{"type":"Feature","id":"osm-node-13738430439","geometry":{"type":"Point","coordinates":[-79.6660664,43.5500558]},"properties":{"kind":"path-intersection","buildingCode":null,"floor":null,"accessibility":"unknown","metadata":{"source":"OpenStreetMap","sourceUrl":"https://www.openstreetmap.org/node/13738430439","lastVerified":"2026-08-10","verificationStatus":"verified"}}},{"type":"Feature","id":"osm-node-13738430440","geometry":{"type":"Point","coordinates":[-79.6660336,43.5500232]},"properties":{"kind":"path-intersection","buildingCode":null,"floor":null,"accessibility":"unknown","metadata":{"source":"OpenStreetMap","sourceUrl":"https://www.openstreetmap.org/node/13738430440","lastVerified":"2026-08-10","verificationStatus":"verified"}}},{"type":"Feature","id":"osm-node-13738430441","geometry":{"type":"Point","coordinates":[-79.66604,43.5500422]},"properties":{"kind":"path-intersection","buildingCode":null,"floor":null,"accessibility":"unknown","metadata":{"source":"OpenStreetMap","sourceUrl":"https://www.openstreetmap.org/node/13738430441","lastVerified":"2026-08-10","verificationStatus":"verified"}}},{"type":"Feature","id":"osm-node-13738728031","geometry":{"type":"Point","coordinates":[-79.6625044,43.5503513]},"properties":{"kind":"path-intersection","buildingCode":null,"floor":null,"accessibility":"unknown","metadata":{"source":"OpenStreetMap","sourceUrl":"https://www.openstreetmap.org/node/13738728031","lastVerified":"2026-08-10","verificationStatus":"verified"}}},{"type":"Feature","id":"osm-node-13738728068","geometry":{"type":"Point","coordinates":[-79.6659355,43.5486076]},"properties":{"kind":"building-entrance","buildingCode":"OPH","floor":null,"accessibility":"unknown","label":"Main entrance A","metadata":{"source":"OpenStreetMap","sourceUrl":"https://www.openstreetmap.org/node/13738728068","lastVerified":"2026-08-10","verificationStatus":"verified"}}},{"type":"Feature","id":"osm-node-13738728086","geometry":{"type":"Point","coordinates":[-79.6624701,43.5468985]},"properties":{"kind":"path-intersection","buildingCode":null,"floor":null,"accessibility":"unknown","metadata":{"source":"OpenStreetMap","sourceUrl":"https://www.openstreetmap.org/node/13738728086","lastVerified":"2026-08-10","verificationStatus":"verified"}}},{"type":"Feature","id":"osm-node-13738739210","geometry":{"type":"Point","coordinates":[-79.6619025,43.5474156]},"properties":{"kind":"path-intersection","buildingCode":null,"floor":null,"accessibility":"unknown","metadata":{"source":"OpenStreetMap","sourceUrl":"https://www.openstreetmap.org/node/13738739210","lastVerified":"2026-08-10","verificationStatus":"verified"}}},{"type":"Feature","id":"osm-node-13738739212","geometry":{"type":"Point","coordinates":[-79.6625069,43.5478261]},"properties":{"kind":"path-intersection","buildingCode":null,"floor":null,"accessibility":"unknown","metadata":{"source":"OpenStreetMap","sourceUrl":"https://www.openstreetmap.org/node/13738739212","lastVerified":"2026-08-10","verificationStatus":"verified"}}},{"type":"Feature","id":"osm-node-13738739221","geometry":{"type":"Point","coordinates":[-79.6634393,43.5492064]},"properties":{"kind":"path-intersection","buildingCode":null,"floor":null,"accessibility":"unknown","metadata":{"source":"OpenStreetMap","sourceUrl":"https://www.openstreetmap.org/node/13738739221","lastVerified":"2026-08-10","verificationStatus":"verified"}}},{"type":"Feature","id":"osm-node-13738739226","geometry":{"type":"Point","coordinates":[-79.6640665,43.548466]},"properties":{"kind":"path-intersection","buildingCode":null,"floor":null,"accessibility":"unknown","metadata":{"source":"OpenStreetMap","sourceUrl":"https://www.openstreetmap.org/node/13738739226","lastVerified":"2026-08-10","verificationStatus":"verified"}}},{"type":"Feature","id":"osm-node-13738817159","geometry":{"type":"Point","coordinates":[-79.6603258,43.5469577]},"properties":{"kind":"path-intersection","buildingCode":null,"floor":null,"accessibility":"unknown","metadata":{"source":"OpenStreetMap","sourceUrl":"https://www.openstreetmap.org/node/13738817159","lastVerified":"2026-08-10","verificationStatus":"verified"}}},{"type":"Feature","id":"osm-node-13738817160","geometry":{"type":"Point","coordinates":[-79.6603905,43.5468856]},"properties":{"kind":"path-intersection","buildingCode":null,"floor":null,"accessibility":"unknown","metadata":{"source":"OpenStreetMap","sourceUrl":"https://www.openstreetmap.org/node/13738817160","lastVerified":"2026-08-10","verificationStatus":"verified"}}},{"type":"Feature","id":"osm-node-13738817161","geometry":{"type":"Point","coordinates":[-79.6604412,43.5468298]},"properties":{"kind":"path-intersection","buildingCode":null,"floor":null,"accessibility":"unknown","metadata":{"source":"OpenStreetMap","sourceUrl":"https://www.openstreetmap.org/node/13738817161","lastVerified":"2026-08-10","verificationStatus":"verified"}}},{"type":"Feature","id":"osm-node-13738817162","geometry":{"type":"Point","coordinates":[-79.6604765,43.5467934]},"properties":{"kind":"path-intersection","buildingCode":null,"floor":null,"accessibility":"unknown","metadata":{"source":"OpenStreetMap","sourceUrl":"https://www.openstreetmap.org/node/13738817162","lastVerified":"2026-08-10","verificationStatus":"verified"}}},{"type":"Feature","id":"osm-node-13738817163","geometry":{"type":"Point","coordinates":[-79.660489,43.5467685]},"properties":{"kind":"path-intersection","buildingCode":null,"floor":null,"accessibility":"unknown","metadata":{"source":"OpenStreetMap","sourceUrl":"https://www.openstreetmap.org/node/13738817163","lastVerified":"2026-08-10","verificationStatus":"verified"}}},{"type":"Feature","id":"osm-node-13738817164","geometry":{"type":"Point","coordinates":[-79.6604925,43.5467415]},"properties":{"kind":"path-intersection","buildingCode":null,"floor":null,"accessibility":"unknown","metadata":{"source":"OpenStreetMap","sourceUrl":"https://www.openstreetmap.org/node/13738817164","lastVerified":"2026-08-10","verificationStatus":"verified"}}},{"type":"Feature","id":"osm-node-13738817165","geometry":{"type":"Point","coordinates":[-79.6641199,43.547893]},"properties":{"kind":"crosswalk","buildingCode":null,"floor":null,"accessibility":"unknown","metadata":{"source":"OpenStreetMap","sourceUrl":"https://www.openstreetmap.org/node/13738817165","lastVerified":"2026-08-10","verificationStatus":"verified"}}},{"type":"Feature","id":"osm-node-13738817166","geometry":{"type":"Point","coordinates":[-79.6639713,43.5478793]},"properties":{"kind":"crosswalk","buildingCode":null,"floor":null,"accessibility":"unknown","metadata":{"source":"OpenStreetMap","sourceUrl":"https://www.openstreetmap.org/node/13738817166","lastVerified":"2026-08-10","verificationStatus":"verified"}}},{"type":"Feature","id":"osm-node-13738817167","geometry":{"type":"Point","coordinates":[-79.6640517,43.5478867]},"properties":{"kind":"crosswalk","buildingCode":null,"floor":null,"accessibility":"unknown","metadata":{"source":"OpenStreetMap","sourceUrl":"https://www.openstreetmap.org/node/13738817167","lastVerified":"2026-08-10","verificationStatus":"verified"}}},{"type":"Feature","id":"osm-node-13738817168","geometry":{"type":"Point","coordinates":[-79.6637064,43.5478509]},"properties":{"kind":"crosswalk","buildingCode":null,"floor":null,"accessibility":"unknown","metadata":{"source":"OpenStreetMap","sourceUrl":"https://www.openstreetmap.org/node/13738817168","lastVerified":"2026-08-10","verificationStatus":"verified"}}},{"type":"Feature","id":"osm-node-13738817175","geometry":{"type":"Point","coordinates":[-79.6654395,43.5482097]},"properties":{"kind":"path-intersection","buildingCode":null,"floor":null,"accessibility":"unknown","metadata":{"source":"OpenStreetMap","sourceUrl":"https://www.openstreetmap.org/node/13738817175","lastVerified":"2026-08-10","verificationStatus":"verified"}}},{"type":"Feature","id":"osm-node-13738893992","geometry":{"type":"Point","coordinates":[-79.6622948,43.5494491]},"properties":{"kind":"path-intersection","buildingCode":null,"floor":null,"accessibility":"unknown","metadata":{"source":"OpenStreetMap","sourceUrl":"https://www.openstreetmap.org/node/13738893992","lastVerified":"2026-08-10","verificationStatus":"verified"}}},{"type":"Feature","id":"osm-node-13738893994","geometry":{"type":"Point","coordinates":[-79.6614958,43.5493763]},"properties":{"kind":"path-intersection","buildingCode":null,"floor":null,"accessibility":"unknown","metadata":{"source":"OpenStreetMap","sourceUrl":"https://www.openstreetmap.org/node/13738893994","lastVerified":"2026-08-10","verificationStatus":"verified"}}},{"type":"Feature","id":"osm-node-13738893996","geometry":{"type":"Point","coordinates":[-79.661825,43.5493925]},"properties":{"kind":"path-intersection","buildingCode":null,"floor":null,"accessibility":"unknown","metadata":{"source":"OpenStreetMap","sourceUrl":"https://www.openstreetmap.org/node/13738893996","lastVerified":"2026-08-10","verificationStatus":"verified"}}},{"type":"Feature","id":"osm-node-13738893997","geometry":{"type":"Point","coordinates":[-79.6617971,43.5493892]},"properties":{"kind":"path-intersection","buildingCode":null,"floor":null,"accessibility":"unknown","metadata":{"source":"OpenStreetMap","sourceUrl":"https://www.openstreetmap.org/node/13738893997","lastVerified":"2026-08-10","verificationStatus":"verified"}}},{"type":"Feature","id":"osm-node-13738893998","geometry":{"type":"Point","coordinates":[-79.6617668,43.5493855]},"properties":{"kind":"path-intersection","buildingCode":null,"floor":null,"accessibility":"unknown","metadata":{"source":"OpenStreetMap","sourceUrl":"https://www.openstreetmap.org/node/13738893998","lastVerified":"2026-08-10","verificationStatus":"verified"}}},{"type":"Feature","id":"osm-node-13738903091","geometry":{"type":"Point","coordinates":[-79.6630973,43.549567]},"properties":{"kind":"path-intersection","buildingCode":null,"floor":null,"accessibility":"unknown","metadata":{"source":"OpenStreetMap","sourceUrl":"https://www.openstreetmap.org/node/13738903091","lastVerified":"2026-08-10","verificationStatus":"verified"}}},{"type":"Feature","id":"osm-node-13738903092","geometry":{"type":"Point","coordinates":[-79.6631543,43.5495926]},"properties":{"kind":"path-intersection","buildingCode":null,"floor":null,"accessibility":"unknown","metadata":{"source":"OpenStreetMap","sourceUrl":"https://www.openstreetmap.org/node/13738903092","lastVerified":"2026-08-10","verificationStatus":"verified"}}},{"type":"Feature","id":"osm-node-13738903093","geometry":{"type":"Point","coordinates":[-79.6640445,43.5490811]},"properties":{"kind":"path-intersection","buildingCode":null,"floor":null,"accessibility":"unknown","metadata":{"source":"OpenStreetMap","sourceUrl":"https://www.openstreetmap.org/node/13738903093","lastVerified":"2026-08-10","verificationStatus":"verified"}}},{"type":"Feature","id":"osm-node-13738903094","geometry":{"type":"Point","coordinates":[-79.663956,43.5490389]},"properties":{"kind":"path-intersection","buildingCode":null,"floor":null,"accessibility":"unknown","metadata":{"source":"OpenStreetMap","sourceUrl":"https://www.openstreetmap.org/node/13738903094","lastVerified":"2026-08-10","verificationStatus":"verified"}}},{"type":"Feature","id":"osm-node-13738903095","geometry":{"type":"Point","coordinates":[-79.6639346,43.5490783]},"properties":{"kind":"path-intersection","buildingCode":null,"floor":null,"accessibility":"unknown","metadata":{"source":"OpenStreetMap","sourceUrl":"https://www.openstreetmap.org/node/13738903095","lastVerified":"2026-08-10","verificationStatus":"verified"}}},{"type":"Feature","id":"osm-node-13738908504","geometry":{"type":"Point","coordinates":[-79.6653195,43.5508446]},"properties":{"kind":"path-intersection","buildingCode":null,"floor":null,"accessibility":"unknown","metadata":{"source":"OpenStreetMap","sourceUrl":"https://www.openstreetmap.org/node/13738908504","lastVerified":"2026-08-10","verificationStatus":"verified"}}},{"type":"Feature","id":"osm-node-13738908505","geometry":{"type":"Point","coordinates":[-79.6652414,43.5510677]},"properties":{"kind":"path-intersection","buildingCode":null,"floor":null,"accessibility":"unknown","metadata":{"source":"OpenStreetMap","sourceUrl":"https://www.openstreetmap.org/node/13738908505","lastVerified":"2026-08-10","verificationStatus":"verified"}}},{"type":"Feature","id":"osm-node-13738908506","geometry":{"type":"Point","coordinates":[-79.6652648,43.5510869]},"properties":{"kind":"path-intersection","buildingCode":null,"floor":null,"accessibility":"unknown","metadata":{"source":"OpenStreetMap","sourceUrl":"https://www.openstreetmap.org/node/13738908506","lastVerified":"2026-08-10","verificationStatus":"verified"}}},{"type":"Feature","id":"osm-node-13738956104","geometry":{"type":"Point","coordinates":[-79.6617104,43.5494027]},"properties":{"kind":"stairs","buildingCode":null,"floor":null,"accessibility":"not_accessible","metadata":{"source":"OpenStreetMap","sourceUrl":"https://www.openstreetmap.org/node/13738956104","lastVerified":"2026-08-10","verificationStatus":"verified"}}},{"type":"Feature","id":"osm-node-13738956105","geometry":{"type":"Point","coordinates":[-79.6618217,43.5494162]},"properties":{"kind":"stairs","buildingCode":null,"floor":null,"accessibility":"not_accessible","metadata":{"source":"OpenStreetMap","sourceUrl":"https://www.openstreetmap.org/node/13738956105","lastVerified":"2026-08-10","verificationStatus":"verified"}}},{"type":"Feature","id":"osm-node-13738956106","geometry":{"type":"Point","coordinates":[-79.6622841,43.5494968]},"properties":{"kind":"path-intersection","buildingCode":null,"floor":null,"accessibility":"unknown","metadata":{"source":"OpenStreetMap","sourceUrl":"https://www.openstreetmap.org/node/13738956106","lastVerified":"2026-08-10","verificationStatus":"verified"}}},{"type":"Feature","id":"osm-node-13738956109","geometry":{"type":"Point","coordinates":[-79.6623641,43.5494279]},"properties":{"kind":"path-intersection","buildingCode":null,"floor":null,"accessibility":"unknown","metadata":{"source":"OpenStreetMap","sourceUrl":"https://www.openstreetmap.org/node/13738956109","lastVerified":"2026-08-10","verificationStatus":"verified"}}},{"type":"Feature","id":"osm-node-13738956110","geometry":{"type":"Point","coordinates":[-79.6623464,43.5494994]},"properties":{"kind":"path-intersection","buildingCode":null,"floor":null,"accessibility":"unknown","metadata":{"source":"OpenStreetMap","sourceUrl":"https://www.openstreetmap.org/node/13738956110","lastVerified":"2026-08-10","verificationStatus":"verified"}}},{"type":"Feature","id":"osm-node-13738956111","geometry":{"type":"Point","coordinates":[-79.6623502,43.5497948]},"properties":{"kind":"path-intersection","buildingCode":null,"floor":null,"accessibility":"unknown","metadata":{"source":"OpenStreetMap","sourceUrl":"https://www.openstreetmap.org/node/13738956111","lastVerified":"2026-08-10","verificationStatus":"verified"}}},{"type":"Feature","id":"osm-node-13738956112","geometry":{"type":"Point","coordinates":[-79.6625942,43.549511]},"properties":{"kind":"path-intersection","buildingCode":null,"floor":null,"accessibility":"unknown","metadata":{"source":"OpenStreetMap","sourceUrl":"https://www.openstreetmap.org/node/13738956112","lastVerified":"2026-08-10","verificationStatus":"verified"}}},{"type":"Feature","id":"osm-node-13738956113","geometry":{"type":"Point","coordinates":[-79.6622362,43.5497526]},"properties":{"kind":"building-entrance","buildingCode":"HB","floor":null,"accessibility":"unknown","label":"Main entrance A","metadata":{"source":"OpenStreetMap","sourceUrl":"https://www.openstreetmap.org/node/13738956113","lastVerified":"2026-08-10","verificationStatus":"verified"}}},{"type":"Feature","id":"osm-node-13741604326","geometry":{"type":"Point","coordinates":[-79.6639598,43.5485214]},"properties":{"kind":"path-intersection","buildingCode":null,"floor":null,"accessibility":"unknown","metadata":{"source":"OpenStreetMap","sourceUrl":"https://www.openstreetmap.org/node/13741604326","lastVerified":"2026-08-10","verificationStatus":"verified"}}},{"type":"Feature","id":"osm-node-13741604327","geometry":{"type":"Point","coordinates":[-79.6639041,43.548554]},"properties":{"kind":"path-intersection","buildingCode":null,"floor":null,"accessibility":"unknown","metadata":{"source":"OpenStreetMap","sourceUrl":"https://www.openstreetmap.org/node/13741604327","lastVerified":"2026-08-10","verificationStatus":"verified"}}},{"type":"Feature","id":"osm-node-13741604328","geometry":{"type":"Point","coordinates":[-79.6638338,43.5485821]},"properties":{"kind":"path-intersection","buildingCode":null,"floor":null,"accessibility":"unknown","metadata":{"source":"OpenStreetMap","sourceUrl":"https://www.openstreetmap.org/node/13741604328","lastVerified":"2026-08-10","verificationStatus":"verified"}}},{"type":"Feature","id":"osm-node-13741604329","geometry":{"type":"Point","coordinates":[-79.663833,43.5485745]},"properties":{"kind":"path-intersection","buildingCode":null,"floor":null,"accessibility":"unknown","metadata":{"source":"OpenStreetMap","sourceUrl":"https://www.openstreetmap.org/node/13741604329","lastVerified":"2026-08-10","verificationStatus":"verified"}}},{"type":"Feature","id":"osm-node-13746519705","geometry":{"type":"Point","coordinates":[-79.6669424,43.5486868]},"properties":{"kind":"path-intersection","buildingCode":null,"floor":null,"accessibility":"unknown","metadata":{"source":"OpenStreetMap","sourceUrl":"https://www.openstreetmap.org/node/13746519705","lastVerified":"2026-08-10","verificationStatus":"verified"}}},{"type":"Feature","id":"osm-node-13746519706","geometry":{"type":"Point","coordinates":[-79.6668938,43.5486644]},"properties":{"kind":"path-intersection","buildingCode":null,"floor":null,"accessibility":"unknown","metadata":{"source":"OpenStreetMap","sourceUrl":"https://www.openstreetmap.org/node/13746519706","lastVerified":"2026-08-10","verificationStatus":"verified"}}},{"type":"Feature","id":"osm-node-13746519733","geometry":{"type":"Point","coordinates":[-79.6665399,43.5481965]},"properties":{"kind":"path-intersection","buildingCode":null,"floor":null,"accessibility":"unknown","metadata":{"source":"OpenStreetMap","sourceUrl":"https://www.openstreetmap.org/node/13746519733","lastVerified":"2026-08-10","verificationStatus":"verified"}}},{"type":"Feature","id":"osm-node-13751172426","geometry":{"type":"Point","coordinates":[-79.6653566,43.5507235]},"properties":{"kind":"path-intersection","buildingCode":null,"floor":null,"accessibility":"unknown","metadata":{"source":"OpenStreetMap","sourceUrl":"https://www.openstreetmap.org/node/13751172426","lastVerified":"2026-08-10","verificationStatus":"verified"}}},{"type":"Feature","id":"osm-node-13751172428","geometry":{"type":"Point","coordinates":[-79.6653405,43.5508452]},"properties":{"kind":"stairs","buildingCode":null,"floor":null,"accessibility":"not_accessible","metadata":{"source":"OpenStreetMap","sourceUrl":"https://www.openstreetmap.org/node/13751172428","lastVerified":"2026-08-10","verificationStatus":"verified"}}},{"type":"Feature","id":"osm-node-13751172432","geometry":{"type":"Point","coordinates":[-79.6655629,43.5506088]},"properties":{"kind":"path-intersection","buildingCode":null,"floor":null,"accessibility":"unknown","metadata":{"source":"OpenStreetMap","sourceUrl":"https://www.openstreetmap.org/node/13751172432","lastVerified":"2026-08-10","verificationStatus":"verified"}}},{"type":"Feature","id":"osm-node-13751172433","geometry":{"type":"Point","coordinates":[-79.6656749,43.5503224]},"properties":{"kind":"path-intersection","buildingCode":null,"floor":null,"accessibility":"unknown","metadata":{"source":"OpenStreetMap","sourceUrl":"https://www.openstreetmap.org/node/13751172433","lastVerified":"2026-08-10","verificationStatus":"verified"}}},{"type":"Feature","id":"osm-node-13751172434","geometry":{"type":"Point","coordinates":[-79.6657313,43.5503354]},"properties":{"kind":"path-intersection","buildingCode":null,"floor":null,"accessibility":"unknown","metadata":{"source":"OpenStreetMap","sourceUrl":"https://www.openstreetmap.org/node/13751172434","lastVerified":"2026-08-10","verificationStatus":"verified"}}},{"type":"Feature","id":"osm-node-13751172435","geometry":{"type":"Point","coordinates":[-79.665695,43.550423]},"properties":{"kind":"path-intersection","buildingCode":null,"floor":null,"accessibility":"unknown","metadata":{"source":"OpenStreetMap","sourceUrl":"https://www.openstreetmap.org/node/13751172435","lastVerified":"2026-08-10","verificationStatus":"verified"}}},{"type":"Feature","id":"osm-node-13751172436","geometry":{"type":"Point","coordinates":[-79.6657963,43.5504817]},"properties":{"kind":"path-intersection","buildingCode":null,"floor":null,"accessibility":"unknown","metadata":{"source":"OpenStreetMap","sourceUrl":"https://www.openstreetmap.org/node/13751172436","lastVerified":"2026-08-10","verificationStatus":"verified"}}},{"type":"Feature","id":"osm-node-13751172437","geometry":{"type":"Point","coordinates":[-79.6656824,43.5504528]},"properties":{"kind":"path-intersection","buildingCode":null,"floor":null,"accessibility":"unknown","metadata":{"source":"OpenStreetMap","sourceUrl":"https://www.openstreetmap.org/node/13751172437","lastVerified":"2026-08-10","verificationStatus":"verified"}}},{"type":"Feature","id":"osm-node-13751172438","geometry":{"type":"Point","coordinates":[-79.6656237,43.5506017]},"properties":{"kind":"path-intersection","buildingCode":null,"floor":null,"accessibility":"unknown","metadata":{"source":"OpenStreetMap","sourceUrl":"https://www.openstreetmap.org/node/13751172438","lastVerified":"2026-08-10","verificationStatus":"verified"}}},{"type":"Feature","id":"osm-node-13751172439","geometry":{"type":"Point","coordinates":[-79.6656358,43.5506041]},"properties":{"kind":"path-intersection","buildingCode":null,"floor":null,"accessibility":"unknown","metadata":{"source":"OpenStreetMap","sourceUrl":"https://www.openstreetmap.org/node/13751172439","lastVerified":"2026-08-10","verificationStatus":"verified"}}},{"type":"Feature","id":"osm-node-13751172440","geometry":{"type":"Point","coordinates":[-79.6656287,43.5506231]},"properties":{"kind":"path-intersection","buildingCode":null,"floor":null,"accessibility":"unknown","metadata":{"source":"OpenStreetMap","sourceUrl":"https://www.openstreetmap.org/node/13751172440","lastVerified":"2026-08-10","verificationStatus":"verified"}}},{"type":"Feature","id":"osm-node-13751172441","geometry":{"type":"Point","coordinates":[-79.665616,43.5506206]},"properties":{"kind":"path-intersection","buildingCode":null,"floor":null,"accessibility":"unknown","metadata":{"source":"OpenStreetMap","sourceUrl":"https://www.openstreetmap.org/node/13751172441","lastVerified":"2026-08-10","verificationStatus":"verified"}}},{"type":"Feature","id":"osm-node-13751172443","geometry":{"type":"Point","coordinates":[-79.6655838,43.5507064]},"properties":{"kind":"path-intersection","buildingCode":null,"floor":null,"accessibility":"unknown","metadata":{"source":"OpenStreetMap","sourceUrl":"https://www.openstreetmap.org/node/13751172443","lastVerified":"2026-08-10","verificationStatus":"verified"}}},{"type":"Feature","id":"osm-node-13751172444","geometry":{"type":"Point","coordinates":[-79.6655965,43.5507089]},"properties":{"kind":"path-intersection","buildingCode":null,"floor":null,"accessibility":"unknown","metadata":{"source":"OpenStreetMap","sourceUrl":"https://www.openstreetmap.org/node/13751172444","lastVerified":"2026-08-10","verificationStatus":"verified"}}},{"type":"Feature","id":"osm-node-13751172445","geometry":{"type":"Point","coordinates":[-79.6655895,43.5507275]},"properties":{"kind":"path-intersection","buildingCode":null,"floor":null,"accessibility":"unknown","metadata":{"source":"OpenStreetMap","sourceUrl":"https://www.openstreetmap.org/node/13751172445","lastVerified":"2026-08-10","verificationStatus":"verified"}}},{"type":"Feature","id":"osm-node-13751172446","geometry":{"type":"Point","coordinates":[-79.6655774,43.5507252]},"properties":{"kind":"path-intersection","buildingCode":null,"floor":null,"accessibility":"unknown","metadata":{"source":"OpenStreetMap","sourceUrl":"https://www.openstreetmap.org/node/13751172446","lastVerified":"2026-08-10","verificationStatus":"verified"}}},{"type":"Feature","id":"osm-node-13751172447","geometry":{"type":"Point","coordinates":[-79.6655067,43.5507524]},"properties":{"kind":"path-intersection","buildingCode":null,"floor":null,"accessibility":"unknown","metadata":{"source":"OpenStreetMap","sourceUrl":"https://www.openstreetmap.org/node/13751172447","lastVerified":"2026-08-10","verificationStatus":"verified"}}},{"type":"Feature","id":"osm-node-13751172448","geometry":{"type":"Point","coordinates":[-79.6654943,43.5507499]},"properties":{"kind":"path-intersection","buildingCode":null,"floor":null,"accessibility":"unknown","metadata":{"source":"OpenStreetMap","sourceUrl":"https://www.openstreetmap.org/node/13751172448","lastVerified":"2026-08-10","verificationStatus":"verified"}}},{"type":"Feature","id":"osm-node-13751172449","geometry":{"type":"Point","coordinates":[-79.665353,43.5510294]},"properties":{"kind":"path-intersection","buildingCode":null,"floor":null,"accessibility":"unknown","metadata":{"source":"OpenStreetMap","sourceUrl":"https://www.openstreetmap.org/node/13751172449","lastVerified":"2026-08-10","verificationStatus":"verified"}}},{"type":"Feature","id":"osm-node-13751172450","geometry":{"type":"Point","coordinates":[-79.6657997,43.5504666]},"properties":{"kind":"path-intersection","buildingCode":null,"floor":null,"accessibility":"unknown","metadata":{"source":"OpenStreetMap","sourceUrl":"https://www.openstreetmap.org/node/13751172450","lastVerified":"2026-08-10","verificationStatus":"verified"}}},{"type":"Feature","id":"osm-node-13751172451","geometry":{"type":"Point","coordinates":[-79.6660506,43.5505348]},"properties":{"kind":"building-entrance","buildingCode":"DH","floor":null,"accessibility":"unknown","label":"Mapped entrance","metadata":{"source":"OpenStreetMap","sourceUrl":"https://www.openstreetmap.org/node/13751172451","lastVerified":"2026-08-10","verificationStatus":"verified"}}},{"type":"Feature","id":"osm-node-13751181237","geometry":{"type":"Point","coordinates":[-79.6613865,43.549411]},"properties":{"kind":"path-intersection","buildingCode":null,"floor":null,"accessibility":"unknown","metadata":{"source":"OpenStreetMap","sourceUrl":"https://www.openstreetmap.org/node/13751181237","lastVerified":"2026-08-10","verificationStatus":"verified"}}},{"type":"Feature","id":"osm-node-13751181238","geometry":{"type":"Point","coordinates":[-79.6614658,43.5493991]},"properties":{"kind":"path-intersection","buildingCode":null,"floor":null,"accessibility":"unknown","metadata":{"source":"OpenStreetMap","sourceUrl":"https://www.openstreetmap.org/node/13751181238","lastVerified":"2026-08-10","verificationStatus":"verified"}}},{"type":"Feature","id":"osm-node-13751181243","geometry":{"type":"Point","coordinates":[-79.6625605,43.5485533]},"properties":{"kind":"path-intersection","buildingCode":null,"floor":null,"accessibility":"unknown","metadata":{"source":"OpenStreetMap","sourceUrl":"https://www.openstreetmap.org/node/13751181243","lastVerified":"2026-08-10","verificationStatus":"verified"}}},{"type":"Feature","id":"osm-node-13751181246","geometry":{"type":"Point","coordinates":[-79.6629549,43.5478466]},"properties":{"kind":"path-intersection","buildingCode":null,"floor":null,"accessibility":"unknown","metadata":{"source":"OpenStreetMap","sourceUrl":"https://www.openstreetmap.org/node/13751181246","lastVerified":"2026-08-10","verificationStatus":"verified"}}},{"type":"Feature","id":"osm-node-13765064555","geometry":{"type":"Point","coordinates":[-79.6631449,43.5514829]},"properties":{"kind":"path-intersection","buildingCode":null,"floor":null,"accessibility":"unknown","metadata":{"source":"OpenStreetMap","sourceUrl":"https://www.openstreetmap.org/node/13765064555","lastVerified":"2026-08-10","verificationStatus":"verified"}}},{"type":"Feature","id":"osm-node-13765064556","geometry":{"type":"Point","coordinates":[-79.6631751,43.5514397]},"properties":{"kind":"path-intersection","buildingCode":null,"floor":null,"accessibility":"unknown","metadata":{"source":"OpenStreetMap","sourceUrl":"https://www.openstreetmap.org/node/13765064556","lastVerified":"2026-08-10","verificationStatus":"verified"}}},{"type":"Feature","id":"osm-node-13765064557","geometry":{"type":"Point","coordinates":[-79.6631601,43.5514149]},"properties":{"kind":"path-intersection","buildingCode":null,"floor":null,"accessibility":"unknown","metadata":{"source":"OpenStreetMap","sourceUrl":"https://www.openstreetmap.org/node/13765064557","lastVerified":"2026-08-10","verificationStatus":"verified"}}},{"type":"Feature","id":"osm-node-13765064558","geometry":{"type":"Point","coordinates":[-79.6631569,43.5513912]},"properties":{"kind":"path-intersection","buildingCode":null,"floor":null,"accessibility":"unknown","metadata":{"source":"OpenStreetMap","sourceUrl":"https://www.openstreetmap.org/node/13765064558","lastVerified":"2026-08-10","verificationStatus":"verified"}}},{"type":"Feature","id":"osm-node-13765064559","geometry":{"type":"Point","coordinates":[-79.6631595,43.5513683]},"properties":{"kind":"path-intersection","buildingCode":null,"floor":null,"accessibility":"unknown","metadata":{"source":"OpenStreetMap","sourceUrl":"https://www.openstreetmap.org/node/13765064559","lastVerified":"2026-08-10","verificationStatus":"verified"}}},{"type":"Feature","id":"osm-node-13765064560","geometry":{"type":"Point","coordinates":[-79.663226,43.5512776]},"properties":{"kind":"path-intersection","buildingCode":null,"floor":null,"accessibility":"unknown","metadata":{"source":"OpenStreetMap","sourceUrl":"https://www.openstreetmap.org/node/13765064560","lastVerified":"2026-08-10","verificationStatus":"verified"}}},{"type":"Feature","id":"osm-node-13765064561","geometry":{"type":"Point","coordinates":[-79.6632011,43.5512678]},"properties":{"kind":"path-intersection","buildingCode":null,"floor":null,"accessibility":"unknown","metadata":{"source":"OpenStreetMap","sourceUrl":"https://www.openstreetmap.org/node/13765064561","lastVerified":"2026-08-10","verificationStatus":"verified"}}},{"type":"Feature","id":"osm-node-13765064562","geometry":{"type":"Point","coordinates":[-79.6632815,43.5511572]},"properties":{"kind":"path-intersection","buildingCode":null,"floor":null,"accessibility":"unknown","metadata":{"source":"OpenStreetMap","sourceUrl":"https://www.openstreetmap.org/node/13765064562","lastVerified":"2026-08-10","verificationStatus":"verified"}}},{"type":"Feature","id":"osm-node-13765064563","geometry":{"type":"Point","coordinates":[-79.6634302,43.5511505]},"properties":{"kind":"path-intersection","buildingCode":null,"floor":null,"accessibility":"unknown","metadata":{"source":"OpenStreetMap","sourceUrl":"https://www.openstreetmap.org/node/13765064563","lastVerified":"2026-08-10","verificationStatus":"verified"}}},{"type":"Feature","id":"osm-node-13765064564","geometry":{"type":"Point","coordinates":[-79.6632889,43.5510968]},"properties":{"kind":"path-intersection","buildingCode":null,"floor":null,"accessibility":"unknown","metadata":{"source":"OpenStreetMap","sourceUrl":"https://www.openstreetmap.org/node/13765064564","lastVerified":"2026-08-10","verificationStatus":"verified"}}},{"type":"Feature","id":"osm-node-13765064565","geometry":{"type":"Point","coordinates":[-79.662884,43.5510891]},"properties":{"kind":"path-intersection","buildingCode":null,"floor":null,"accessibility":"unknown","metadata":{"source":"OpenStreetMap","sourceUrl":"https://www.openstreetmap.org/node/13765064565","lastVerified":"2026-08-10","verificationStatus":"verified"}}},{"type":"Feature","id":"osm-node-13765064566","geometry":{"type":"Point","coordinates":[-79.6629251,43.5511067]},"properties":{"kind":"path-intersection","buildingCode":null,"floor":null,"accessibility":"unknown","metadata":{"source":"OpenStreetMap","sourceUrl":"https://www.openstreetmap.org/node/13765064566","lastVerified":"2026-08-10","verificationStatus":"verified"}}},{"type":"Feature","id":"osm-node-13765064567","geometry":{"type":"Point","coordinates":[-79.6628263,43.5512226]},"properties":{"kind":"path-intersection","buildingCode":null,"floor":null,"accessibility":"unknown","metadata":{"source":"OpenStreetMap","sourceUrl":"https://www.openstreetmap.org/node/13765064567","lastVerified":"2026-08-10","verificationStatus":"verified"}}},{"type":"Feature","id":"osm-node-13765064568","geometry":{"type":"Point","coordinates":[-79.6629944,43.5512444]},"properties":{"kind":"path-intersection","buildingCode":null,"floor":null,"accessibility":"unknown","metadata":{"source":"OpenStreetMap","sourceUrl":"https://www.openstreetmap.org/node/13765064568","lastVerified":"2026-08-10","verificationStatus":"verified"}}},{"type":"Feature","id":"osm-node-13765064569","geometry":{"type":"Point","coordinates":[-79.663023,43.5512756]},"properties":{"kind":"path-intersection","buildingCode":null,"floor":null,"accessibility":"unknown","metadata":{"source":"OpenStreetMap","sourceUrl":"https://www.openstreetmap.org/node/13765064569","lastVerified":"2026-08-10","verificationStatus":"verified"}}},{"type":"Feature","id":"osm-node-13765064570","geometry":{"type":"Point","coordinates":[-79.6630786,43.5513046]},"properties":{"kind":"path-intersection","buildingCode":null,"floor":null,"accessibility":"unknown","metadata":{"source":"OpenStreetMap","sourceUrl":"https://www.openstreetmap.org/node/13765064570","lastVerified":"2026-08-10","verificationStatus":"verified"}}},{"type":"Feature","id":"osm-node-13765064571","geometry":{"type":"Point","coordinates":[-79.6631037,43.5513298]},"properties":{"kind":"path-intersection","buildingCode":null,"floor":null,"accessibility":"unknown","metadata":{"source":"OpenStreetMap","sourceUrl":"https://www.openstreetmap.org/node/13765064571","lastVerified":"2026-08-10","verificationStatus":"verified"}}},{"type":"Feature","id":"osm-node-13765064572","geometry":{"type":"Point","coordinates":[-79.6631189,43.5513538]},"properties":{"kind":"path-intersection","buildingCode":null,"floor":null,"accessibility":"unknown","metadata":{"source":"OpenStreetMap","sourceUrl":"https://www.openstreetmap.org/node/13765064572","lastVerified":"2026-08-10","verificationStatus":"verified"}}},{"type":"Feature","id":"osm-node-13765064573","geometry":{"type":"Point","coordinates":[-79.66313,43.5513887]},"properties":{"kind":"path-intersection","buildingCode":null,"floor":null,"accessibility":"unknown","metadata":{"source":"OpenStreetMap","sourceUrl":"https://www.openstreetmap.org/node/13765064573","lastVerified":"2026-08-10","verificationStatus":"verified"}}},{"type":"Feature","id":"osm-node-13765064574","geometry":{"type":"Point","coordinates":[-79.6631312,43.5514095]},"properties":{"kind":"path-intersection","buildingCode":null,"floor":null,"accessibility":"unknown","metadata":{"source":"OpenStreetMap","sourceUrl":"https://www.openstreetmap.org/node/13765064574","lastVerified":"2026-08-10","verificationStatus":"verified"}}},{"type":"Feature","id":"osm-node-13765064575","geometry":{"type":"Point","coordinates":[-79.6631243,43.5514396]},"properties":{"kind":"path-intersection","buildingCode":null,"floor":null,"accessibility":"unknown","metadata":{"source":"OpenStreetMap","sourceUrl":"https://www.openstreetmap.org/node/13765064575","lastVerified":"2026-08-10","verificationStatus":"verified"}}},{"type":"Feature","id":"osm-node-13765064576","geometry":{"type":"Point","coordinates":[-79.6631128,43.5514707]},"properties":{"kind":"path-intersection","buildingCode":null,"floor":null,"accessibility":"unknown","metadata":{"source":"OpenStreetMap","sourceUrl":"https://www.openstreetmap.org/node/13765064576","lastVerified":"2026-08-10","verificationStatus":"verified"}}},{"type":"Feature","id":"osm-node-13765064577","geometry":{"type":"Point","coordinates":[-79.6630092,43.5512606]},"properties":{"kind":"path-intersection","buildingCode":null,"floor":null,"accessibility":"unknown","metadata":{"source":"OpenStreetMap","sourceUrl":"https://www.openstreetmap.org/node/13765064577","lastVerified":"2026-08-10","verificationStatus":"verified"}}},{"type":"Feature","id":"osm-node-13765064578","geometry":{"type":"Point","coordinates":[-79.6632137,43.5512943]},"properties":{"kind":"path-intersection","buildingCode":null,"floor":null,"accessibility":"unknown","metadata":{"source":"OpenStreetMap","sourceUrl":"https://www.openstreetmap.org/node/13765064578","lastVerified":"2026-08-10","verificationStatus":"verified"}}},{"type":"Feature","id":"osm-node-13765064579","geometry":{"type":"Point","coordinates":[-79.6633345,43.5507112]},"properties":{"kind":"path-intersection","buildingCode":null,"floor":null,"accessibility":"unknown","metadata":{"source":"OpenStreetMap","sourceUrl":"https://www.openstreetmap.org/node/13765064579","lastVerified":"2026-08-10","verificationStatus":"verified"}}},{"type":"Feature","id":"osm-node-13765064580","geometry":{"type":"Point","coordinates":[-79.6633234,43.5512364]},"properties":{"kind":"path-intersection","buildingCode":null,"floor":null,"accessibility":"unknown","metadata":{"source":"OpenStreetMap","sourceUrl":"https://www.openstreetmap.org/node/13765064580","lastVerified":"2026-08-10","verificationStatus":"verified"}}},{"type":"Feature","id":"osm-node-13765064581","geometry":{"type":"Point","coordinates":[-79.6633605,43.5511869]},"properties":{"kind":"path-intersection","buildingCode":null,"floor":null,"accessibility":"unknown","metadata":{"source":"OpenStreetMap","sourceUrl":"https://www.openstreetmap.org/node/13765064581","lastVerified":"2026-08-10","verificationStatus":"verified"}}},{"type":"Feature","id":"osm-node-13765064582","geometry":{"type":"Point","coordinates":[-79.6632455,43.5512068]},"properties":{"kind":"path-intersection","buildingCode":null,"floor":null,"accessibility":"unknown","metadata":{"source":"OpenStreetMap","sourceUrl":"https://www.openstreetmap.org/node/13765064582","lastVerified":"2026-08-10","verificationStatus":"verified"}}},{"type":"Feature","id":"osm-node-13765064583","geometry":{"type":"Point","coordinates":[-79.6632362,43.5512195]},"properties":{"kind":"path-intersection","buildingCode":null,"floor":null,"accessibility":"unknown","metadata":{"source":"OpenStreetMap","sourceUrl":"https://www.openstreetmap.org/node/13765064583","lastVerified":"2026-08-10","verificationStatus":"verified"}}},{"type":"Feature","id":"osm-node-13765064584","geometry":{"type":"Point","coordinates":[-79.6633147,43.5512486]},"properties":{"kind":"path-intersection","buildingCode":null,"floor":null,"accessibility":"unknown","metadata":{"source":"OpenStreetMap","sourceUrl":"https://www.openstreetmap.org/node/13765064584","lastVerified":"2026-08-10","verificationStatus":"verified"}}},{"type":"Feature","id":"osm-node-13765064587","geometry":{"type":"Point","coordinates":[-79.663215,43.551203]},"properties":{"kind":"path-intersection","buildingCode":null,"floor":null,"accessibility":"unknown","metadata":{"source":"OpenStreetMap","sourceUrl":"https://www.openstreetmap.org/node/13765064587","lastVerified":"2026-08-10","verificationStatus":"verified"}}},{"type":"Feature","id":"osm-node-13765064590","geometry":{"type":"Point","coordinates":[-79.663241,43.5512129]},"properties":{"kind":"path-intersection","buildingCode":null,"floor":null,"accessibility":"unknown","metadata":{"source":"OpenStreetMap","sourceUrl":"https://www.openstreetmap.org/node/13765064590","lastVerified":"2026-08-10","verificationStatus":"verified"}}},{"type":"Feature","id":"osm-node-13765064591","geometry":{"type":"Point","coordinates":[-79.6625985,43.5511525]},"properties":{"kind":"path-intersection","buildingCode":null,"floor":null,"accessibility":"unknown","metadata":{"source":"OpenStreetMap","sourceUrl":"https://www.openstreetmap.org/node/13765064591","lastVerified":"2026-08-10","verificationStatus":"verified"}}},{"type":"Feature","id":"osm-node-13765064594","geometry":{"type":"Point","coordinates":[-79.6626262,43.5511558]},"properties":{"kind":"path-intersection","buildingCode":null,"floor":null,"accessibility":"unknown","metadata":{"source":"OpenStreetMap","sourceUrl":"https://www.openstreetmap.org/node/13765064594","lastVerified":"2026-08-10","verificationStatus":"verified"}}},{"type":"Feature","id":"osm-node-13765064596","geometry":{"type":"Point","coordinates":[-79.6628875,43.5510748]},"properties":{"kind":"path-intersection","buildingCode":null,"floor":null,"accessibility":"unknown","metadata":{"source":"OpenStreetMap","sourceUrl":"https://www.openstreetmap.org/node/13765064596","lastVerified":"2026-08-10","verificationStatus":"verified"}}},{"type":"Feature","id":"osm-node-13765064597","geometry":{"type":"Point","coordinates":[-79.6628594,43.5511838]},"properties":{"kind":"path-intersection","buildingCode":null,"floor":null,"accessibility":"unknown","metadata":{"source":"OpenStreetMap","sourceUrl":"https://www.openstreetmap.org/node/13765064597","lastVerified":"2026-08-10","verificationStatus":"verified"}}},{"type":"Feature","id":"osm-node-13765064598","geometry":{"type":"Point","coordinates":[-79.6624418,43.5511337]},"properties":{"kind":"path-intersection","buildingCode":null,"floor":null,"accessibility":"unknown","metadata":{"source":"OpenStreetMap","sourceUrl":"https://www.openstreetmap.org/node/13765064598","lastVerified":"2026-08-10","verificationStatus":"verified"}}},{"type":"Feature","id":"osm-node-13765064599","geometry":{"type":"Point","coordinates":[-79.6624321,43.5511718]},"properties":{"kind":"path-intersection","buildingCode":null,"floor":null,"accessibility":"unknown","metadata":{"source":"OpenStreetMap","sourceUrl":"https://www.openstreetmap.org/node/13765064599","lastVerified":"2026-08-10","verificationStatus":"verified"}}},{"type":"Feature","id":"osm-node-13765064600","geometry":{"type":"Point","coordinates":[-79.6634479,43.5510943]},"properties":{"kind":"path-intersection","buildingCode":null,"floor":null,"accessibility":"unknown","metadata":{"source":"OpenStreetMap","sourceUrl":"https://www.openstreetmap.org/node/13765064600","lastVerified":"2026-08-10","verificationStatus":"verified"}}},{"type":"Feature","id":"osm-node-13765255502","geometry":{"type":"Point","coordinates":[-79.6634315,43.5510847]},"properties":{"kind":"path-intersection","buildingCode":null,"floor":null,"accessibility":"unknown","metadata":{"source":"OpenStreetMap","sourceUrl":"https://www.openstreetmap.org/node/13765255502","lastVerified":"2026-08-10","verificationStatus":"verified"}}},{"type":"Feature","id":"osm-node-13765255503","geometry":{"type":"Point","coordinates":[-79.6633947,43.551137]},"properties":{"kind":"path-intersection","buildingCode":null,"floor":null,"accessibility":"unknown","metadata":{"source":"OpenStreetMap","sourceUrl":"https://www.openstreetmap.org/node/13765255503","lastVerified":"2026-08-10","verificationStatus":"verified"}}},{"type":"Feature","id":"osm-node-13765255504","geometry":{"type":"Point","coordinates":[-79.6633423,43.5511165]},"properties":{"kind":"path-intersection","buildingCode":null,"floor":null,"accessibility":"unknown","metadata":{"source":"OpenStreetMap","sourceUrl":"https://www.openstreetmap.org/node/13765255504","lastVerified":"2026-08-10","verificationStatus":"verified"}}},{"type":"Feature","id":"osm-node-13765255505","geometry":{"type":"Point","coordinates":[-79.6634103,43.5511429]},"properties":{"kind":"path-intersection","buildingCode":null,"floor":null,"accessibility":"unknown","metadata":{"source":"OpenStreetMap","sourceUrl":"https://www.openstreetmap.org/node/13765255505","lastVerified":"2026-08-10","verificationStatus":"verified"}}},{"type":"Feature","id":"osm-node-13765255506","geometry":{"type":"Point","coordinates":[-79.6633271,43.5511109]},"properties":{"kind":"path-intersection","buildingCode":null,"floor":null,"accessibility":"unknown","metadata":{"source":"OpenStreetMap","sourceUrl":"https://www.openstreetmap.org/node/13765255506","lastVerified":"2026-08-10","verificationStatus":"verified"}}},{"type":"Feature","id":"osm-node-13765255507","geometry":{"type":"Point","coordinates":[-79.6630417,43.5510558]},"properties":{"kind":"path-intersection","buildingCode":null,"floor":null,"accessibility":"unknown","metadata":{"source":"OpenStreetMap","sourceUrl":"https://www.openstreetmap.org/node/13765255507","lastVerified":"2026-08-10","verificationStatus":"verified"}}},{"type":"Feature","id":"osm-node-13765255508","geometry":{"type":"Point","coordinates":[-79.6631228,43.551079]},"properties":{"kind":"path-intersection","buildingCode":null,"floor":null,"accessibility":"unknown","metadata":{"source":"OpenStreetMap","sourceUrl":"https://www.openstreetmap.org/node/13765255508","lastVerified":"2026-08-10","verificationStatus":"verified"}}},{"type":"Feature","id":"osm-node-13765255509","geometry":{"type":"Point","coordinates":[-79.6634133,43.5511738]},"properties":{"kind":"path-intersection","buildingCode":null,"floor":null,"accessibility":"unknown","metadata":{"source":"OpenStreetMap","sourceUrl":"https://www.openstreetmap.org/node/13765255509","lastVerified":"2026-08-10","verificationStatus":"verified"}}},{"type":"Feature","id":"osm-node-13767739546","geometry":{"type":"Point","coordinates":[-79.6661672,43.5500806]},"properties":{"kind":"path-intersection","buildingCode":null,"floor":null,"accessibility":"unknown","metadata":{"source":"OpenStreetMap","sourceUrl":"https://www.openstreetmap.org/node/13767739546","lastVerified":"2026-08-10","verificationStatus":"verified"}}},{"type":"Feature","id":"osm-node-13767739547","geometry":{"type":"Point","coordinates":[-79.6661785,43.5500545]},"properties":{"kind":"path-intersection","buildingCode":null,"floor":null,"accessibility":"unknown","metadata":{"source":"OpenStreetMap","sourceUrl":"https://www.openstreetmap.org/node/13767739547","lastVerified":"2026-08-10","verificationStatus":"verified"}}},{"type":"Feature","id":"osm-node-13767739548","geometry":{"type":"Point","coordinates":[-79.6661253,43.5500016]},"properties":{"kind":"path-intersection","buildingCode":null,"floor":null,"accessibility":"unknown","metadata":{"source":"OpenStreetMap","sourceUrl":"https://www.openstreetmap.org/node/13767739548","lastVerified":"2026-08-10","verificationStatus":"verified"}}},{"type":"Feature","id":"osm-node-13767739549","geometry":{"type":"Point","coordinates":[-79.6661037,43.5499858]},"properties":{"kind":"path-intersection","buildingCode":null,"floor":null,"accessibility":"unknown","metadata":{"source":"OpenStreetMap","sourceUrl":"https://www.openstreetmap.org/node/13767739549","lastVerified":"2026-08-10","verificationStatus":"verified"}}},{"type":"Feature","id":"osm-node-13767739550","geometry":{"type":"Point","coordinates":[-79.666097,43.5499733]},"properties":{"kind":"path-intersection","buildingCode":null,"floor":null,"accessibility":"unknown","metadata":{"source":"OpenStreetMap","sourceUrl":"https://www.openstreetmap.org/node/13767739550","lastVerified":"2026-08-10","verificationStatus":"verified"}}},{"type":"Feature","id":"osm-node-13767739551","geometry":{"type":"Point","coordinates":[-79.6661378,43.5499078]},"properties":{"kind":"building-entrance","buildingCode":"DW","floor":null,"accessibility":"unknown","label":"Mapped entrance","metadata":{"source":"OpenStreetMap","sourceUrl":"https://www.openstreetmap.org/node/13767739551","lastVerified":"2026-08-10","verificationStatus":"verified"}}},{"type":"Feature","id":"osm-node-13767739552","geometry":{"type":"Point","coordinates":[-79.666141,43.5500172]},"properties":{"kind":"stairs","buildingCode":null,"floor":null,"accessibility":"not_accessible","metadata":{"source":"OpenStreetMap","sourceUrl":"https://www.openstreetmap.org/node/13767739552","lastVerified":"2026-08-10","verificationStatus":"verified"}}},{"type":"Feature","id":"osm-node-13767739553","geometry":{"type":"Point","coordinates":[-79.6661311,43.5500072]},"properties":{"kind":"stairs","buildingCode":null,"floor":null,"accessibility":"not_accessible","metadata":{"source":"OpenStreetMap","sourceUrl":"https://www.openstreetmap.org/node/13767739553","lastVerified":"2026-08-10","verificationStatus":"verified"}}},{"type":"Feature","id":"osm-node-13767739554","geometry":{"type":"Point","coordinates":[-79.66615,43.5500262]},"properties":{"kind":"path-intersection","buildingCode":null,"floor":null,"accessibility":"unknown","metadata":{"source":"OpenStreetMap","sourceUrl":"https://www.openstreetmap.org/node/13767739554","lastVerified":"2026-08-10","verificationStatus":"verified"}}},{"type":"Feature","id":"osm-node-13767739555","geometry":{"type":"Point","coordinates":[-79.6661136,43.5500498]},"properties":{"kind":"path-intersection","buildingCode":null,"floor":null,"accessibility":"unknown","metadata":{"source":"OpenStreetMap","sourceUrl":"https://www.openstreetmap.org/node/13767739555","lastVerified":"2026-08-10","verificationStatus":"verified"}}},{"type":"Feature","id":"osm-node-13767739556","geometry":{"type":"Point","coordinates":[-79.6660598,43.5500524]},"properties":{"kind":"path-intersection","buildingCode":null,"floor":null,"accessibility":"unknown","metadata":{"source":"OpenStreetMap","sourceUrl":"https://www.openstreetmap.org/node/13767739556","lastVerified":"2026-08-10","verificationStatus":"verified"}}},{"type":"Feature","id":"osm-node-13768504542","geometry":{"type":"Point","coordinates":[-79.6606202,43.5479272]},"properties":{"kind":"path-intersection","buildingCode":null,"floor":null,"accessibility":"unknown","metadata":{"source":"OpenStreetMap","sourceUrl":"https://www.openstreetmap.org/node/13768504542","lastVerified":"2026-08-10","verificationStatus":"verified"}}},{"type":"Feature","id":"osm-node-13783936312","geometry":{"type":"Point","coordinates":[-79.6618427,43.5459624]},"properties":{"kind":"building-entrance","buildingCode":"MV","floor":null,"accessibility":"unknown","label":"Mapped residence approach","notes":"A mapped footway within the townhouse complex is used because individual doors are not entrance-tagged.","metadata":{"source":"OpenStreetMap","sourceUrl":"https://www.openstreetmap.org/node/13783936312","lastVerified":"2026-08-10","verificationStatus":"inferred"}}},{"type":"Feature","id":"osm-node-13783936313","geometry":{"type":"Point","coordinates":[-79.6619208,43.5460161]},"properties":{"kind":"path-intersection","buildingCode":null,"floor":null,"accessibility":"unknown","metadata":{"source":"OpenStreetMap","sourceUrl":"https://www.openstreetmap.org/node/13783936313","lastVerified":"2026-08-10","verificationStatus":"verified"}}},{"type":"Feature","id":"osm-node-13784084018","geometry":{"type":"Point","coordinates":[-79.6620594,43.5497812]},"properties":{"kind":"path-intersection","buildingCode":null,"floor":null,"accessibility":"unknown","metadata":{"source":"OpenStreetMap","sourceUrl":"https://www.openstreetmap.org/node/13784084018","lastVerified":"2026-08-10","verificationStatus":"verified"}}},{"type":"Feature","id":"osm-node-13784084019","geometry":{"type":"Point","coordinates":[-79.6625941,43.5494382]},"properties":{"kind":"path-intersection","buildingCode":null,"floor":null,"accessibility":"unknown","metadata":{"source":"OpenStreetMap","sourceUrl":"https://www.openstreetmap.org/node/13784084019","lastVerified":"2026-08-10","verificationStatus":"verified"}}},{"type":"Feature","id":"osm-node-13784084020","geometry":{"type":"Point","coordinates":[-79.6626772,43.5495078]},"properties":{"kind":"path-intersection","buildingCode":null,"floor":null,"accessibility":"unknown","metadata":{"source":"OpenStreetMap","sourceUrl":"https://www.openstreetmap.org/node/13784084020","lastVerified":"2026-08-10","verificationStatus":"verified"}}},{"type":"Feature","id":"osm-node-13784084021","geometry":{"type":"Point","coordinates":[-79.6626864,43.5494699]},"properties":{"kind":"path-intersection","buildingCode":null,"floor":null,"accessibility":"unknown","metadata":{"source":"OpenStreetMap","sourceUrl":"https://www.openstreetmap.org/node/13784084021","lastVerified":"2026-08-10","verificationStatus":"verified"}}},{"type":"Feature","id":"osm-node-13784084028","geometry":{"type":"Point","coordinates":[-79.6623512,43.5494801]},"properties":{"kind":"path-intersection","buildingCode":null,"floor":null,"accessibility":"unknown","metadata":{"source":"OpenStreetMap","sourceUrl":"https://www.openstreetmap.org/node/13784084028","lastVerified":"2026-08-10","verificationStatus":"verified"}}},{"type":"Feature","id":"osm-node-13784084029","geometry":{"type":"Point","coordinates":[-79.6623613,43.5494814]},"properties":{"kind":"path-intersection","buildingCode":null,"floor":null,"accessibility":"unknown","metadata":{"source":"OpenStreetMap","sourceUrl":"https://www.openstreetmap.org/node/13784084029","lastVerified":"2026-08-10","verificationStatus":"verified"}}},{"type":"Feature","id":"osm-node-13784084055","geometry":{"type":"Point","coordinates":[-79.6633259,43.5492616]},"properties":{"kind":"path-intersection","buildingCode":null,"floor":null,"accessibility":"unknown","metadata":{"source":"OpenStreetMap","sourceUrl":"https://www.openstreetmap.org/node/13784084055","lastVerified":"2026-08-10","verificationStatus":"verified"}}},{"type":"Feature","id":"osm-node-13784100424","geometry":{"type":"Point","coordinates":[-79.6652623,43.551239]},"properties":{"kind":"path-intersection","buildingCode":null,"floor":null,"accessibility":"unknown","metadata":{"source":"OpenStreetMap","sourceUrl":"https://www.openstreetmap.org/node/13784100424","lastVerified":"2026-08-10","verificationStatus":"verified"}}},{"type":"Feature","id":"osm-node-13784105919","geometry":{"type":"Point","coordinates":[-79.6658811,43.5488326]},"properties":{"kind":"path-intersection","buildingCode":null,"floor":null,"accessibility":"unknown","metadata":{"source":"OpenStreetMap","sourceUrl":"https://www.openstreetmap.org/node/13784105919","lastVerified":"2026-08-10","verificationStatus":"verified"}}},{"type":"Feature","id":"osm-node-13784105920","geometry":{"type":"Point","coordinates":[-79.6658131,43.5488838]},"properties":{"kind":"path-intersection","buildingCode":null,"floor":null,"accessibility":"unknown","metadata":{"source":"OpenStreetMap","sourceUrl":"https://www.openstreetmap.org/node/13784105920","lastVerified":"2026-08-10","verificationStatus":"verified"}}},{"type":"Feature","id":"osm-node-13784105921","geometry":{"type":"Point","coordinates":[-79.6656646,43.5488467]},"properties":{"kind":"path-intersection","buildingCode":null,"floor":null,"accessibility":"unknown","metadata":{"source":"OpenStreetMap","sourceUrl":"https://www.openstreetmap.org/node/13784105921","lastVerified":"2026-08-10","verificationStatus":"verified"}}},{"type":"Feature","id":"osm-node-13784105922","geometry":{"type":"Point","coordinates":[-79.6656548,43.548838]},"properties":{"kind":"path-intersection","buildingCode":null,"floor":null,"accessibility":"unknown","metadata":{"source":"OpenStreetMap","sourceUrl":"https://www.openstreetmap.org/node/13784105922","lastVerified":"2026-08-10","verificationStatus":"verified"}}},{"type":"Feature","id":"osm-node-13784105923","geometry":{"type":"Point","coordinates":[-79.6656546,43.5488332]},"properties":{"kind":"path-intersection","buildingCode":null,"floor":null,"accessibility":"unknown","metadata":{"source":"OpenStreetMap","sourceUrl":"https://www.openstreetmap.org/node/13784105923","lastVerified":"2026-08-10","verificationStatus":"verified"}}},{"type":"Feature","id":"osm-node-13784105924","geometry":{"type":"Point","coordinates":[-79.665662,43.5488081]},"properties":{"kind":"path-intersection","buildingCode":null,"floor":null,"accessibility":"unknown","metadata":{"source":"OpenStreetMap","sourceUrl":"https://www.openstreetmap.org/node/13784105924","lastVerified":"2026-08-10","verificationStatus":"verified"}}},{"type":"Feature","id":"osm-node-13784105925","geometry":{"type":"Point","coordinates":[-79.6655557,43.5481368]},"properties":{"kind":"path-intersection","buildingCode":null,"floor":null,"accessibility":"unknown","metadata":{"source":"OpenStreetMap","sourceUrl":"https://www.openstreetmap.org/node/13784105925","lastVerified":"2026-08-10","verificationStatus":"verified"}}},{"type":"Feature","id":"osm-node-13784105926","geometry":{"type":"Point","coordinates":[-79.6655557,43.5481511]},"properties":{"kind":"path-intersection","buildingCode":null,"floor":null,"accessibility":"unknown","metadata":{"source":"OpenStreetMap","sourceUrl":"https://www.openstreetmap.org/node/13784105926","lastVerified":"2026-08-10","verificationStatus":"verified"}}},{"type":"Feature","id":"osm-node-13784105927","geometry":{"type":"Point","coordinates":[-79.665558,43.5481681]},"properties":{"kind":"path-intersection","buildingCode":null,"floor":null,"accessibility":"unknown","metadata":{"source":"OpenStreetMap","sourceUrl":"https://www.openstreetmap.org/node/13784105927","lastVerified":"2026-08-10","verificationStatus":"verified"}}},{"type":"Feature","id":"osm-node-13784105928","geometry":{"type":"Point","coordinates":[-79.6655613,43.5481786]},"properties":{"kind":"path-intersection","buildingCode":null,"floor":null,"accessibility":"unknown","metadata":{"source":"OpenStreetMap","sourceUrl":"https://www.openstreetmap.org/node/13784105928","lastVerified":"2026-08-10","verificationStatus":"verified"}}},{"type":"Feature","id":"osm-node-13784105929","geometry":{"type":"Point","coordinates":[-79.6655684,43.5481908]},"properties":{"kind":"path-intersection","buildingCode":null,"floor":null,"accessibility":"unknown","metadata":{"source":"OpenStreetMap","sourceUrl":"https://www.openstreetmap.org/node/13784105929","lastVerified":"2026-08-10","verificationStatus":"verified"}}},{"type":"Feature","id":"osm-node-13784105930","geometry":{"type":"Point","coordinates":[-79.6655844,43.5482086]},"properties":{"kind":"path-intersection","buildingCode":null,"floor":null,"accessibility":"unknown","metadata":{"source":"OpenStreetMap","sourceUrl":"https://www.openstreetmap.org/node/13784105930","lastVerified":"2026-08-10","verificationStatus":"verified"}}},{"type":"Feature","id":"osm-node-13784105931","geometry":{"type":"Point","coordinates":[-79.6656579,43.5482767]},"properties":{"kind":"path-intersection","buildingCode":null,"floor":null,"accessibility":"unknown","metadata":{"source":"OpenStreetMap","sourceUrl":"https://www.openstreetmap.org/node/13784105931","lastVerified":"2026-08-10","verificationStatus":"verified"}}},{"type":"Feature","id":"osm-node-13784105932","geometry":{"type":"Point","coordinates":[-79.6657492,43.5483517]},"properties":{"kind":"path-intersection","buildingCode":null,"floor":null,"accessibility":"unknown","metadata":{"source":"OpenStreetMap","sourceUrl":"https://www.openstreetmap.org/node/13784105932","lastVerified":"2026-08-10","verificationStatus":"verified"}}},{"type":"Feature","id":"osm-node-13784105933","geometry":{"type":"Point","coordinates":[-79.6658309,43.548418]},"properties":{"kind":"path-intersection","buildingCode":null,"floor":null,"accessibility":"unknown","metadata":{"source":"OpenStreetMap","sourceUrl":"https://www.openstreetmap.org/node/13784105933","lastVerified":"2026-08-10","verificationStatus":"verified"}}},{"type":"Feature","id":"osm-node-13784105934","geometry":{"type":"Point","coordinates":[-79.6658941,43.5484675]},"properties":{"kind":"path-intersection","buildingCode":null,"floor":null,"accessibility":"unknown","metadata":{"source":"OpenStreetMap","sourceUrl":"https://www.openstreetmap.org/node/13784105934","lastVerified":"2026-08-10","verificationStatus":"verified"}}},{"type":"Feature","id":"osm-node-13784105935","geometry":{"type":"Point","coordinates":[-79.6659613,43.5485171]},"properties":{"kind":"path-intersection","buildingCode":null,"floor":null,"accessibility":"unknown","metadata":{"source":"OpenStreetMap","sourceUrl":"https://www.openstreetmap.org/node/13784105935","lastVerified":"2026-08-10","verificationStatus":"verified"}}},{"type":"Feature","id":"osm-node-13784105936","geometry":{"type":"Point","coordinates":[-79.6659773,43.5485252]},"properties":{"kind":"path-intersection","buildingCode":null,"floor":null,"accessibility":"unknown","metadata":{"source":"OpenStreetMap","sourceUrl":"https://www.openstreetmap.org/node/13784105936","lastVerified":"2026-08-10","verificationStatus":"verified"}}},{"type":"Feature","id":"osm-node-13784105937","geometry":{"type":"Point","coordinates":[-79.6659918,43.5485293]},"properties":{"kind":"path-intersection","buildingCode":null,"floor":null,"accessibility":"unknown","metadata":{"source":"OpenStreetMap","sourceUrl":"https://www.openstreetmap.org/node/13784105937","lastVerified":"2026-08-10","verificationStatus":"verified"}}},{"type":"Feature","id":"osm-node-13784105938","geometry":{"type":"Point","coordinates":[-79.6660104,43.5485328]},"properties":{"kind":"path-intersection","buildingCode":null,"floor":null,"accessibility":"unknown","metadata":{"source":"OpenStreetMap","sourceUrl":"https://www.openstreetmap.org/node/13784105938","lastVerified":"2026-08-10","verificationStatus":"verified"}}},{"type":"Feature","id":"osm-node-13784105939","geometry":{"type":"Point","coordinates":[-79.6660275,43.5485351]},"properties":{"kind":"path-intersection","buildingCode":null,"floor":null,"accessibility":"unknown","metadata":{"source":"OpenStreetMap","sourceUrl":"https://www.openstreetmap.org/node/13784105939","lastVerified":"2026-08-10","verificationStatus":"verified"}}},{"type":"Feature","id":"osm-node-13784105940","geometry":{"type":"Point","coordinates":[-79.6660415,43.5485364]},"properties":{"kind":"path-intersection","buildingCode":null,"floor":null,"accessibility":"unknown","metadata":{"source":"OpenStreetMap","sourceUrl":"https://www.openstreetmap.org/node/13784105940","lastVerified":"2026-08-10","verificationStatus":"verified"}}},{"type":"Feature","id":"osm-node-13784105941","geometry":{"type":"Point","coordinates":[-79.6660524,43.5485394]},"properties":{"kind":"path-intersection","buildingCode":null,"floor":null,"accessibility":"unknown","metadata":{"source":"OpenStreetMap","sourceUrl":"https://www.openstreetmap.org/node/13784105941","lastVerified":"2026-08-10","verificationStatus":"verified"}}},{"type":"Feature","id":"osm-node-13784105942","geometry":{"type":"Point","coordinates":[-79.6660669,43.5485465]},"properties":{"kind":"path-intersection","buildingCode":null,"floor":null,"accessibility":"unknown","metadata":{"source":"OpenStreetMap","sourceUrl":"https://www.openstreetmap.org/node/13784105942","lastVerified":"2026-08-10","verificationStatus":"verified"}}},{"type":"Feature","id":"osm-node-13784105943","geometry":{"type":"Point","coordinates":[-79.6661226,43.5485843]},"properties":{"kind":"path-intersection","buildingCode":null,"floor":null,"accessibility":"unknown","metadata":{"source":"OpenStreetMap","sourceUrl":"https://www.openstreetmap.org/node/13784105943","lastVerified":"2026-08-10","verificationStatus":"verified"}}},{"type":"Feature","id":"osm-node-13784105944","geometry":{"type":"Point","coordinates":[-79.6664287,43.5488564]},"properties":{"kind":"path-intersection","buildingCode":null,"floor":null,"accessibility":"unknown","metadata":{"source":"OpenStreetMap","sourceUrl":"https://www.openstreetmap.org/node/13784105944","lastVerified":"2026-08-10","verificationStatus":"verified"}}},{"type":"Feature","id":"osm-node-13784105945","geometry":{"type":"Point","coordinates":[-79.66553,43.5481385]},"properties":{"kind":"path-intersection","buildingCode":null,"floor":null,"accessibility":"unknown","metadata":{"source":"OpenStreetMap","sourceUrl":"https://www.openstreetmap.org/node/13784105945","lastVerified":"2026-08-10","verificationStatus":"verified"}}},{"type":"Feature","id":"osm-node-13784105946","geometry":{"type":"Point","coordinates":[-79.6659538,43.5485116]},"properties":{"kind":"crosswalk","buildingCode":null,"floor":null,"accessibility":"unknown","metadata":{"source":"OpenStreetMap","sourceUrl":"https://www.openstreetmap.org/node/13784105946","lastVerified":"2026-08-10","verificationStatus":"verified"}}},{"type":"Feature","id":"osm-node-13784122746","geometry":{"type":"Point","coordinates":[-79.6627408,43.5482908]},"properties":{"kind":"path-intersection","buildingCode":null,"floor":null,"accessibility":"unknown","metadata":{"source":"OpenStreetMap","sourceUrl":"https://www.openstreetmap.org/node/13784122746","lastVerified":"2026-08-10","verificationStatus":"verified"}}},{"type":"Feature","id":"osm-node-13784122747","geometry":{"type":"Point","coordinates":[-79.6624519,43.5482539]},"properties":{"kind":"path-intersection","buildingCode":null,"floor":null,"accessibility":"unknown","metadata":{"source":"OpenStreetMap","sourceUrl":"https://www.openstreetmap.org/node/13784122747","lastVerified":"2026-08-10","verificationStatus":"verified"}}},{"type":"Feature","id":"osm-node-13784122749","geometry":{"type":"Point","coordinates":[-79.6625441,43.5482657]},"properties":{"kind":"path-intersection","buildingCode":null,"floor":null,"accessibility":"unknown","metadata":{"source":"OpenStreetMap","sourceUrl":"https://www.openstreetmap.org/node/13784122749","lastVerified":"2026-08-10","verificationStatus":"verified"}}},{"type":"Feature","id":"osm-node-13784122750","geometry":{"type":"Point","coordinates":[-79.6626564,43.54828]},"properties":{"kind":"path-intersection","buildingCode":null,"floor":null,"accessibility":"unknown","metadata":{"source":"OpenStreetMap","sourceUrl":"https://www.openstreetmap.org/node/13784122750","lastVerified":"2026-08-10","verificationStatus":"verified"}}},{"type":"Feature","id":"osm-node-13784188070","geometry":{"type":"Point","coordinates":[-79.666746,43.5504744]},"properties":{"kind":"path-intersection","buildingCode":null,"floor":null,"accessibility":"unknown","metadata":{"source":"OpenStreetMap","sourceUrl":"https://www.openstreetmap.org/node/13784188070","lastVerified":"2026-08-10","verificationStatus":"verified"}}},{"type":"Feature","id":"osm-node-13792136294","geometry":{"type":"Point","coordinates":[-79.6641978,43.5491603]},"properties":{"kind":"path-intersection","buildingCode":null,"floor":null,"accessibility":"unknown","metadata":{"source":"OpenStreetMap","sourceUrl":"https://www.openstreetmap.org/node/13792136294","lastVerified":"2026-08-10","verificationStatus":"verified"}}},{"type":"Feature","id":"osm-node-13792136295","geometry":{"type":"Point","coordinates":[-79.6641721,43.5491899]},"properties":{"kind":"path-intersection","buildingCode":null,"floor":null,"accessibility":"unknown","metadata":{"source":"OpenStreetMap","sourceUrl":"https://www.openstreetmap.org/node/13792136295","lastVerified":"2026-08-10","verificationStatus":"verified"}}},{"type":"Feature","id":"osm-node-13792136296","geometry":{"type":"Point","coordinates":[-79.6653412,43.5481125]},"properties":{"kind":"path-intersection","buildingCode":null,"floor":null,"accessibility":"unknown","metadata":{"source":"OpenStreetMap","sourceUrl":"https://www.openstreetmap.org/node/13792136296","lastVerified":"2026-08-10","verificationStatus":"verified"}}},{"type":"Feature","id":"osm-node-13792136300","geometry":{"type":"Point","coordinates":[-79.6655367,43.5481189]},"properties":{"kind":"path-intersection","buildingCode":null,"floor":null,"accessibility":"unknown","metadata":{"source":"OpenStreetMap","sourceUrl":"https://www.openstreetmap.org/node/13792136300","lastVerified":"2026-08-10","verificationStatus":"verified"}}},{"type":"Feature","id":"osm-node-13792179474","geometry":{"type":"Point","coordinates":[-79.6615677,43.5491382]},"properties":{"kind":"path-intersection","buildingCode":null,"floor":null,"accessibility":"unknown","metadata":{"source":"OpenStreetMap","sourceUrl":"https://www.openstreetmap.org/node/13792179474","lastVerified":"2026-08-10","verificationStatus":"verified"}}},{"type":"Feature","id":"osm-node-13792179475","geometry":{"type":"Point","coordinates":[-79.6615189,43.5491419]},"properties":{"kind":"path-intersection","buildingCode":null,"floor":null,"accessibility":"unknown","metadata":{"source":"OpenStreetMap","sourceUrl":"https://www.openstreetmap.org/node/13792179475","lastVerified":"2026-08-10","verificationStatus":"verified"}}},{"type":"Feature","id":"osm-node-13792186301","geometry":{"type":"Point","coordinates":[-79.665464,43.5481606]},"properties":{"kind":"path-intersection","buildingCode":null,"floor":null,"accessibility":"unknown","metadata":{"source":"OpenStreetMap","sourceUrl":"https://www.openstreetmap.org/node/13792186301","lastVerified":"2026-08-10","verificationStatus":"verified"}}},{"type":"Feature","id":"osm-node-13792186302","geometry":{"type":"Point","coordinates":[-79.6654869,43.5481477]},"properties":{"kind":"path-intersection","buildingCode":null,"floor":null,"accessibility":"unknown","metadata":{"source":"OpenStreetMap","sourceUrl":"https://www.openstreetmap.org/node/13792186302","lastVerified":"2026-08-10","verificationStatus":"verified"}}},{"type":"Feature","id":"osm-node-13792186304","geometry":{"type":"Point","coordinates":[-79.6642677,43.5514741]},"properties":{"kind":"path-intersection","buildingCode":null,"floor":null,"accessibility":"unknown","metadata":{"source":"OpenStreetMap","sourceUrl":"https://www.openstreetmap.org/node/13792186304","lastVerified":"2026-08-10","verificationStatus":"verified"}}},{"type":"Feature","id":"osm-node-13792190456","geometry":{"type":"Point","coordinates":[-79.664548,43.5515825]},"properties":{"kind":"path-intersection","buildingCode":null,"floor":null,"accessibility":"unknown","metadata":{"source":"OpenStreetMap","sourceUrl":"https://www.openstreetmap.org/node/13792190456","lastVerified":"2026-08-10","verificationStatus":"verified"}}},{"type":"Feature","id":"osm-node-13792190457","geometry":{"type":"Point","coordinates":[-79.6642043,43.5513072]},"properties":{"kind":"path-intersection","buildingCode":null,"floor":null,"accessibility":"unknown","metadata":{"source":"OpenStreetMap","sourceUrl":"https://www.openstreetmap.org/node/13792190457","lastVerified":"2026-08-10","verificationStatus":"verified"}}},{"type":"Feature","id":"osm-node-13792190473","geometry":{"type":"Point","coordinates":[-79.6644616,43.5518123]},"properties":{"kind":"path-intersection","buildingCode":null,"floor":null,"accessibility":"unknown","metadata":{"source":"OpenStreetMap","sourceUrl":"https://www.openstreetmap.org/node/13792190473","lastVerified":"2026-08-10","verificationStatus":"verified"}}},{"type":"Feature","id":"osm-node-13792190474","geometry":{"type":"Point","coordinates":[-79.6632213,43.5514577]},"properties":{"kind":"path-intersection","buildingCode":null,"floor":null,"accessibility":"unknown","metadata":{"source":"OpenStreetMap","sourceUrl":"https://www.openstreetmap.org/node/13792190474","lastVerified":"2026-08-10","verificationStatus":"verified"}}},{"type":"Feature","id":"osm-node-13792190475","geometry":{"type":"Point","coordinates":[-79.6631864,43.5514439]},"properties":{"kind":"path-intersection","buildingCode":null,"floor":null,"accessibility":"unknown","metadata":{"source":"OpenStreetMap","sourceUrl":"https://www.openstreetmap.org/node/13792190475","lastVerified":"2026-08-10","verificationStatus":"verified"}}},{"type":"Feature","id":"osm-node-13792273222","geometry":{"type":"Point","coordinates":[-79.662931,43.5510617]},"properties":{"kind":"path-intersection","buildingCode":null,"floor":null,"accessibility":"unknown","metadata":{"source":"OpenStreetMap","sourceUrl":"https://www.openstreetmap.org/node/13792273222","lastVerified":"2026-08-10","verificationStatus":"verified"}}},{"type":"Feature","id":"osm-node-13792273225","geometry":{"type":"Point","coordinates":[-79.6628884,43.5510711]},"properties":{"kind":"path-intersection","buildingCode":null,"floor":null,"accessibility":"unknown","metadata":{"source":"OpenStreetMap","sourceUrl":"https://www.openstreetmap.org/node/13792273225","lastVerified":"2026-08-10","verificationStatus":"verified"}}},{"type":"Feature","id":"osm-node-13792273226","geometry":{"type":"Point","coordinates":[-79.6625992,43.5512086]},"properties":{"kind":"path-intersection","buildingCode":null,"floor":null,"accessibility":"unknown","metadata":{"source":"OpenStreetMap","sourceUrl":"https://www.openstreetmap.org/node/13792273226","lastVerified":"2026-08-10","verificationStatus":"verified"}}},{"type":"Feature","id":"osm-node-13792273227","geometry":{"type":"Point","coordinates":[-79.6626457,43.5510252]},"properties":{"kind":"path-intersection","buildingCode":null,"floor":null,"accessibility":"unknown","metadata":{"source":"OpenStreetMap","sourceUrl":"https://www.openstreetmap.org/node/13792273227","lastVerified":"2026-08-10","verificationStatus":"verified"}}},{"type":"Feature","id":"osm-node-13792273228","geometry":{"type":"Point","coordinates":[-79.6626127,43.5511542]},"properties":{"kind":"path-intersection","buildingCode":null,"floor":null,"accessibility":"unknown","metadata":{"source":"OpenStreetMap","sourceUrl":"https://www.openstreetmap.org/node/13792273228","lastVerified":"2026-08-10","verificationStatus":"verified"}}},{"type":"Feature","id":"osm-node-13792273229","geometry":{"type":"Point","coordinates":[-79.6626185,43.5511308]},"properties":{"kind":"stairs","buildingCode":null,"floor":null,"accessibility":"not_accessible","metadata":{"source":"OpenStreetMap","sourceUrl":"https://www.openstreetmap.org/node/13792273229","lastVerified":"2026-08-10","verificationStatus":"verified"}}},{"type":"Feature","id":"osm-node-13792273230","geometry":{"type":"Point","coordinates":[-79.6626366,43.5510602]},"properties":{"kind":"stairs","buildingCode":null,"floor":null,"accessibility":"not_accessible","metadata":{"source":"OpenStreetMap","sourceUrl":"https://www.openstreetmap.org/node/13792273230","lastVerified":"2026-08-10","verificationStatus":"verified"}}},{"type":"Feature","id":"osm-node-13793115960","geometry":{"type":"Point","coordinates":[-79.6611513,43.5485192]},"properties":{"kind":"path-intersection","buildingCode":null,"floor":null,"accessibility":"unknown","metadata":{"source":"OpenStreetMap","sourceUrl":"https://www.openstreetmap.org/node/13793115960","lastVerified":"2026-08-10","verificationStatus":"verified"}}},{"type":"Feature","id":"osm-node-13793115961","geometry":{"type":"Point","coordinates":[-79.661234,43.5485654]},"properties":{"kind":"path-intersection","buildingCode":null,"floor":null,"accessibility":"unknown","metadata":{"source":"OpenStreetMap","sourceUrl":"https://www.openstreetmap.org/node/13793115961","lastVerified":"2026-08-10","verificationStatus":"verified"}}},{"type":"Feature","id":"osm-node-13793115962","geometry":{"type":"Point","coordinates":[-79.6612517,43.5485675]},"properties":{"kind":"path-intersection","buildingCode":null,"floor":null,"accessibility":"unknown","metadata":{"source":"OpenStreetMap","sourceUrl":"https://www.openstreetmap.org/node/13793115962","lastVerified":"2026-08-10","verificationStatus":"verified"}}},{"type":"Feature","id":"osm-node-13793115963","geometry":{"type":"Point","coordinates":[-79.6612862,43.5484239]},"properties":{"kind":"path-intersection","buildingCode":null,"floor":null,"accessibility":"unknown","metadata":{"source":"OpenStreetMap","sourceUrl":"https://www.openstreetmap.org/node/13793115963","lastVerified":"2026-08-10","verificationStatus":"verified"}}},{"type":"Feature","id":"osm-node-13793115964","geometry":{"type":"Point","coordinates":[-79.6613306,43.5484017]},"properties":{"kind":"path-intersection","buildingCode":null,"floor":null,"accessibility":"unknown","metadata":{"source":"OpenStreetMap","sourceUrl":"https://www.openstreetmap.org/node/13793115964","lastVerified":"2026-08-10","verificationStatus":"verified"}}},{"type":"Feature","id":"osm-node-13793115965","geometry":{"type":"Point","coordinates":[-79.6611246,43.5485434]},"properties":{"kind":"path-intersection","buildingCode":null,"floor":null,"accessibility":"unknown","metadata":{"source":"OpenStreetMap","sourceUrl":"https://www.openstreetmap.org/node/13793115965","lastVerified":"2026-08-10","verificationStatus":"verified"}}},{"type":"Feature","id":"osm-node-13793115966","geometry":{"type":"Point","coordinates":[-79.6613679,43.5483102]},"properties":{"kind":"path-intersection","buildingCode":null,"floor":null,"accessibility":"unknown","metadata":{"source":"OpenStreetMap","sourceUrl":"https://www.openstreetmap.org/node/13793115966","lastVerified":"2026-08-10","verificationStatus":"verified"}}},{"type":"Feature","id":"osm-node-13793115967","geometry":{"type":"Point","coordinates":[-79.6613442,43.548409]},"properties":{"kind":"path-intersection","buildingCode":null,"floor":null,"accessibility":"unknown","metadata":{"source":"OpenStreetMap","sourceUrl":"https://www.openstreetmap.org/node/13793115967","lastVerified":"2026-08-10","verificationStatus":"verified"}}},{"type":"Feature","id":"osm-node-13793115968","geometry":{"type":"Point","coordinates":[-79.6613009,43.5484307]},"properties":{"kind":"path-intersection","buildingCode":null,"floor":null,"accessibility":"unknown","metadata":{"source":"OpenStreetMap","sourceUrl":"https://www.openstreetmap.org/node/13793115968","lastVerified":"2026-08-10","verificationStatus":"verified"}}},{"type":"Feature","id":"osm-node-13793115969","geometry":{"type":"Point","coordinates":[-79.6612653,43.548582]},"properties":{"kind":"path-intersection","buildingCode":null,"floor":null,"accessibility":"unknown","metadata":{"source":"OpenStreetMap","sourceUrl":"https://www.openstreetmap.org/node/13793115969","lastVerified":"2026-08-10","verificationStatus":"verified"}}},{"type":"Feature","id":"osm-node-13793115983","geometry":{"type":"Point","coordinates":[-79.6606247,43.5475974]},"properties":{"kind":"crosswalk","buildingCode":null,"floor":null,"accessibility":"unknown","metadata":{"source":"OpenStreetMap","sourceUrl":"https://www.openstreetmap.org/node/13793115983","lastVerified":"2026-08-10","verificationStatus":"verified"}}},{"type":"Feature","id":"osm-node-13793115984","geometry":{"type":"Point","coordinates":[-79.660691,43.5473135]},"properties":{"kind":"crosswalk","buildingCode":null,"floor":null,"accessibility":"unknown","metadata":{"source":"OpenStreetMap","sourceUrl":"https://www.openstreetmap.org/node/13793115984","lastVerified":"2026-08-10","verificationStatus":"verified"}}},{"type":"Feature","id":"osm-node-13793210102","geometry":{"type":"Point","coordinates":[-79.6607728,43.5472385]},"properties":{"kind":"path-intersection","buildingCode":null,"floor":null,"accessibility":"unknown","metadata":{"source":"OpenStreetMap","sourceUrl":"https://www.openstreetmap.org/node/13793210102","lastVerified":"2026-08-10","verificationStatus":"verified"}}},{"type":"Feature","id":"osm-node-13793210104","geometry":{"type":"Point","coordinates":[-79.6607838,43.5472069]},"properties":{"kind":"path-intersection","buildingCode":null,"floor":null,"accessibility":"unknown","metadata":{"source":"OpenStreetMap","sourceUrl":"https://www.openstreetmap.org/node/13793210104","lastVerified":"2026-08-10","verificationStatus":"verified"}}},{"type":"Feature","id":"osm-node-13793210105","geometry":{"type":"Point","coordinates":[-79.6607855,43.547151]},"properties":{"kind":"path-intersection","buildingCode":null,"floor":null,"accessibility":"unknown","metadata":{"source":"OpenStreetMap","sourceUrl":"https://www.openstreetmap.org/node/13793210105","lastVerified":"2026-08-10","verificationStatus":"verified"}}},{"type":"Feature","id":"osm-node-13793210106","geometry":{"type":"Point","coordinates":[-79.6608322,43.5471356]},"properties":{"kind":"path-intersection","buildingCode":null,"floor":null,"accessibility":"unknown","metadata":{"source":"OpenStreetMap","sourceUrl":"https://www.openstreetmap.org/node/13793210106","lastVerified":"2026-08-10","verificationStatus":"verified"}}},{"type":"Feature","id":"osm-node-13793210107","geometry":{"type":"Point","coordinates":[-79.6608061,43.5471336]},"properties":{"kind":"path-intersection","buildingCode":null,"floor":null,"accessibility":"unknown","metadata":{"source":"OpenStreetMap","sourceUrl":"https://www.openstreetmap.org/node/13793210107","lastVerified":"2026-08-10","verificationStatus":"verified"}}},{"type":"Feature","id":"osm-node-13793210108","geometry":{"type":"Point","coordinates":[-79.6607884,43.547143]},"properties":{"kind":"path-intersection","buildingCode":null,"floor":null,"accessibility":"unknown","metadata":{"source":"OpenStreetMap","sourceUrl":"https://www.openstreetmap.org/node/13793210108","lastVerified":"2026-08-10","verificationStatus":"verified"}}},{"type":"Feature","id":"osm-node-13793210109","geometry":{"type":"Point","coordinates":[-79.6607797,43.5472245]},"properties":{"kind":"path-intersection","buildingCode":null,"floor":null,"accessibility":"unknown","metadata":{"source":"OpenStreetMap","sourceUrl":"https://www.openstreetmap.org/node/13793210109","lastVerified":"2026-08-10","verificationStatus":"verified"}}},{"type":"Feature","id":"osm-node-13793210110","geometry":{"type":"Point","coordinates":[-79.6608823,43.547212]},"properties":{"kind":"path-intersection","buildingCode":null,"floor":null,"accessibility":"unknown","metadata":{"source":"OpenStreetMap","sourceUrl":"https://www.openstreetmap.org/node/13793210110","lastVerified":"2026-08-10","verificationStatus":"verified"}}},{"type":"Feature","id":"osm-node-13793210111","geometry":{"type":"Point","coordinates":[-79.6608881,43.5473379]},"properties":{"kind":"path-intersection","buildingCode":null,"floor":null,"accessibility":"unknown","metadata":{"source":"OpenStreetMap","sourceUrl":"https://www.openstreetmap.org/node/13793210111","lastVerified":"2026-08-10","verificationStatus":"verified"}}},{"type":"Feature","id":"osm-node-13793210112","geometry":{"type":"Point","coordinates":[-79.6609255,43.5473467]},"properties":{"kind":"path-intersection","buildingCode":null,"floor":null,"accessibility":"unknown","metadata":{"source":"OpenStreetMap","sourceUrl":"https://www.openstreetmap.org/node/13793210112","lastVerified":"2026-08-10","verificationStatus":"verified"}}},{"type":"Feature","id":"osm-node-13793210117","geometry":{"type":"Point","coordinates":[-79.6610986,43.5474541]},"properties":{"kind":"path-intersection","buildingCode":null,"floor":null,"accessibility":"unknown","metadata":{"source":"OpenStreetMap","sourceUrl":"https://www.openstreetmap.org/node/13793210117","lastVerified":"2026-08-10","verificationStatus":"verified"}}},{"type":"Feature","id":"osm-node-13793210118","geometry":{"type":"Point","coordinates":[-79.6610518,43.5474228]},"properties":{"kind":"path-intersection","buildingCode":null,"floor":null,"accessibility":"unknown","metadata":{"source":"OpenStreetMap","sourceUrl":"https://www.openstreetmap.org/node/13793210118","lastVerified":"2026-08-10","verificationStatus":"verified"}}},{"type":"Feature","id":"osm-node-13793210119","geometry":{"type":"Point","coordinates":[-79.6610644,43.5474428]},"properties":{"kind":"path-intersection","buildingCode":null,"floor":null,"accessibility":"unknown","metadata":{"source":"OpenStreetMap","sourceUrl":"https://www.openstreetmap.org/node/13793210119","lastVerified":"2026-08-10","verificationStatus":"verified"}}},{"type":"Feature","id":"osm-node-13793210132","geometry":{"type":"Point","coordinates":[-79.6615509,43.5473536]},"properties":{"kind":"path-intersection","buildingCode":null,"floor":null,"accessibility":"unknown","metadata":{"source":"OpenStreetMap","sourceUrl":"https://www.openstreetmap.org/node/13793210132","lastVerified":"2026-08-10","verificationStatus":"verified"}}},{"type":"Feature","id":"osm-node-13793210133","geometry":{"type":"Point","coordinates":[-79.6614207,43.5473541]},"properties":{"kind":"path-intersection","buildingCode":null,"floor":null,"accessibility":"unknown","metadata":{"source":"OpenStreetMap","sourceUrl":"https://www.openstreetmap.org/node/13793210133","lastVerified":"2026-08-10","verificationStatus":"verified"}}},{"type":"Feature","id":"osm-node-13793210134","geometry":{"type":"Point","coordinates":[-79.6613002,43.5473737]},"properties":{"kind":"path-intersection","buildingCode":null,"floor":null,"accessibility":"unknown","metadata":{"source":"OpenStreetMap","sourceUrl":"https://www.openstreetmap.org/node/13793210134","lastVerified":"2026-08-10","verificationStatus":"verified"}}},{"type":"Feature","id":"osm-node-13793210135","geometry":{"type":"Point","coordinates":[-79.6610905,43.5473679]},"properties":{"kind":"path-intersection","buildingCode":null,"floor":null,"accessibility":"unknown","metadata":{"source":"OpenStreetMap","sourceUrl":"https://www.openstreetmap.org/node/13793210135","lastVerified":"2026-08-10","verificationStatus":"verified"}}},{"type":"Feature","id":"osm-node-13793210136","geometry":{"type":"Point","coordinates":[-79.6611406,43.5472799]},"properties":{"kind":"path-intersection","buildingCode":null,"floor":null,"accessibility":"unknown","metadata":{"source":"OpenStreetMap","sourceUrl":"https://www.openstreetmap.org/node/13793210136","lastVerified":"2026-08-10","verificationStatus":"verified"}}},{"type":"Feature","id":"osm-node-13793210137","geometry":{"type":"Point","coordinates":[-79.6611628,43.5472245]},"properties":{"kind":"path-intersection","buildingCode":null,"floor":null,"accessibility":"unknown","metadata":{"source":"OpenStreetMap","sourceUrl":"https://www.openstreetmap.org/node/13793210137","lastVerified":"2026-08-10","verificationStatus":"verified"}}},{"type":"Feature","id":"osm-node-13793210138","geometry":{"type":"Point","coordinates":[-79.6611553,43.5472016]},"properties":{"kind":"path-intersection","buildingCode":null,"floor":null,"accessibility":"unknown","metadata":{"source":"OpenStreetMap","sourceUrl":"https://www.openstreetmap.org/node/13793210138","lastVerified":"2026-08-10","verificationStatus":"verified"}}},{"type":"Feature","id":"osm-node-13793210139","geometry":{"type":"Point","coordinates":[-79.6611287,43.5471929]},"properties":{"kind":"path-intersection","buildingCode":null,"floor":null,"accessibility":"unknown","metadata":{"source":"OpenStreetMap","sourceUrl":"https://www.openstreetmap.org/node/13793210139","lastVerified":"2026-08-10","verificationStatus":"verified"}}},{"type":"Feature","id":"osm-node-13793210140","geometry":{"type":"Point","coordinates":[-79.6610987,43.5471991]},"properties":{"kind":"path-intersection","buildingCode":null,"floor":null,"accessibility":"unknown","metadata":{"source":"OpenStreetMap","sourceUrl":"https://www.openstreetmap.org/node/13793210140","lastVerified":"2026-08-10","verificationStatus":"verified"}}},{"type":"Feature","id":"osm-node-13793210141","geometry":{"type":"Point","coordinates":[-79.660991,43.5473054]},"properties":{"kind":"path-intersection","buildingCode":null,"floor":null,"accessibility":"unknown","metadata":{"source":"OpenStreetMap","sourceUrl":"https://www.openstreetmap.org/node/13793210141","lastVerified":"2026-08-10","verificationStatus":"verified"}}},{"type":"Feature","id":"osm-node-13793210142","geometry":{"type":"Point","coordinates":[-79.6608867,43.5472694]},"properties":{"kind":"path-intersection","buildingCode":null,"floor":null,"accessibility":"unknown","metadata":{"source":"OpenStreetMap","sourceUrl":"https://www.openstreetmap.org/node/13793210142","lastVerified":"2026-08-10","verificationStatus":"verified"}}},{"type":"Feature","id":"osm-node-13800428164","geometry":{"type":"Point","coordinates":[-79.66201,43.5474587]},"properties":{"kind":"path-intersection","buildingCode":null,"floor":null,"accessibility":"unknown","metadata":{"source":"OpenStreetMap","sourceUrl":"https://www.openstreetmap.org/node/13800428164","lastVerified":"2026-08-10","verificationStatus":"verified"}}},{"type":"Feature","id":"osm-node-13800428165","geometry":{"type":"Point","coordinates":[-79.6619687,43.5474159]},"properties":{"kind":"path-intersection","buildingCode":null,"floor":null,"accessibility":"unknown","metadata":{"source":"OpenStreetMap","sourceUrl":"https://www.openstreetmap.org/node/13800428165","lastVerified":"2026-08-10","verificationStatus":"verified"}}},{"type":"Feature","id":"osm-node-13800439986","geometry":{"type":"Point","coordinates":[-79.6623353,43.5495305]},"properties":{"kind":"path-intersection","buildingCode":null,"floor":null,"accessibility":"unknown","metadata":{"source":"OpenStreetMap","sourceUrl":"https://www.openstreetmap.org/node/13800439986","lastVerified":"2026-08-10","verificationStatus":"verified"}}},{"type":"Feature","id":"osm-node-13800439987","geometry":{"type":"Point","coordinates":[-79.6624137,43.5494375]},"properties":{"kind":"path-intersection","buildingCode":null,"floor":null,"accessibility":"unknown","metadata":{"source":"OpenStreetMap","sourceUrl":"https://www.openstreetmap.org/node/13800439987","lastVerified":"2026-08-10","verificationStatus":"verified"}}},{"type":"Feature","id":"osm-node-13800439988","geometry":{"type":"Point","coordinates":[-79.663359,43.5492568]},"properties":{"kind":"path-intersection","buildingCode":null,"floor":null,"accessibility":"unknown","metadata":{"source":"OpenStreetMap","sourceUrl":"https://www.openstreetmap.org/node/13800439988","lastVerified":"2026-08-10","verificationStatus":"verified"}}},{"type":"Feature","id":"osm-node-13800439989","geometry":{"type":"Point","coordinates":[-79.6632836,43.5492472]},"properties":{"kind":"path-intersection","buildingCode":null,"floor":null,"accessibility":"unknown","metadata":{"source":"OpenStreetMap","sourceUrl":"https://www.openstreetmap.org/node/13800439989","lastVerified":"2026-08-10","verificationStatus":"verified"}}},{"type":"Feature","id":"osm-node-13800446577","geometry":{"type":"Point","coordinates":[-79.6616084,43.5494303]},"properties":{"kind":"path-intersection","buildingCode":null,"floor":null,"accessibility":"unknown","metadata":{"source":"OpenStreetMap","sourceUrl":"https://www.openstreetmap.org/node/13800446577","lastVerified":"2026-08-10","verificationStatus":"verified"}}},{"type":"Feature","id":"osm-node-13800446578","geometry":{"type":"Point","coordinates":[-79.6618903,43.5494004]},"properties":{"kind":"path-intersection","buildingCode":null,"floor":null,"accessibility":"unknown","metadata":{"source":"OpenStreetMap","sourceUrl":"https://www.openstreetmap.org/node/13800446578","lastVerified":"2026-08-10","verificationStatus":"verified"}}},{"type":"Feature","id":"osm-node-13800457695","geometry":{"type":"Point","coordinates":[-79.6613874,43.5490999]},"properties":{"kind":"path-intersection","buildingCode":null,"floor":null,"accessibility":"unknown","metadata":{"source":"OpenStreetMap","sourceUrl":"https://www.openstreetmap.org/node/13800457695","lastVerified":"2026-08-10","verificationStatus":"verified"}}},{"type":"Feature","id":"osm-node-13800457696","geometry":{"type":"Point","coordinates":[-79.6613937,43.5491023]},"properties":{"kind":"path-intersection","buildingCode":null,"floor":null,"accessibility":"unknown","metadata":{"source":"OpenStreetMap","sourceUrl":"https://www.openstreetmap.org/node/13800457696","lastVerified":"2026-08-10","verificationStatus":"verified"}}},{"type":"Feature","id":"osm-node-13800457697","geometry":{"type":"Point","coordinates":[-79.6615703,43.5492537]},"properties":{"kind":"path-intersection","buildingCode":null,"floor":null,"accessibility":"unknown","metadata":{"source":"OpenStreetMap","sourceUrl":"https://www.openstreetmap.org/node/13800457697","lastVerified":"2026-08-10","verificationStatus":"verified"}}},{"type":"Feature","id":"osm-node-13815815873","geometry":{"type":"Point","coordinates":[-79.6613594,43.549136]},"properties":{"kind":"path-intersection","buildingCode":null,"floor":null,"accessibility":"unknown","metadata":{"source":"OpenStreetMap","sourceUrl":"https://www.openstreetmap.org/node/13815815873","lastVerified":"2026-08-10","verificationStatus":"verified"}}},{"type":"Feature","id":"osm-node-13815815874","geometry":{"type":"Point","coordinates":[-79.661611,43.5489526]},"properties":{"kind":"path-intersection","buildingCode":null,"floor":null,"accessibility":"unknown","metadata":{"source":"OpenStreetMap","sourceUrl":"https://www.openstreetmap.org/node/13815815874","lastVerified":"2026-08-10","verificationStatus":"verified"}}},{"type":"Feature","id":"osm-node-13815851416","geometry":{"type":"Point","coordinates":[-79.6633575,43.5512075]},"properties":{"kind":"stairs","buildingCode":null,"floor":null,"accessibility":"not_accessible","metadata":{"source":"OpenStreetMap","sourceUrl":"https://www.openstreetmap.org/node/13815851416","lastVerified":"2026-08-10","verificationStatus":"verified"}}},{"type":"Feature","id":"osm-node-13815851417","geometry":{"type":"Point","coordinates":[-79.6634738,43.5512525]},"properties":{"kind":"path-intersection","buildingCode":null,"floor":null,"accessibility":"unknown","metadata":{"source":"OpenStreetMap","sourceUrl":"https://www.openstreetmap.org/node/13815851417","lastVerified":"2026-08-10","verificationStatus":"verified"}}},{"type":"Feature","id":"osm-node-13815851418","geometry":{"type":"Point","coordinates":[-79.6633478,43.5512039]},"properties":{"kind":"path-intersection","buildingCode":null,"floor":null,"accessibility":"unknown","metadata":{"source":"OpenStreetMap","sourceUrl":"https://www.openstreetmap.org/node/13815851418","lastVerified":"2026-08-10","verificationStatus":"verified"}}},{"type":"Feature","id":"osm-node-13815851419","geometry":{"type":"Point","coordinates":[-79.6633703,43.5511905]},"properties":{"kind":"path-intersection","buildingCode":null,"floor":null,"accessibility":"unknown","metadata":{"source":"OpenStreetMap","sourceUrl":"https://www.openstreetmap.org/node/13815851419","lastVerified":"2026-08-10","verificationStatus":"verified"}}},{"type":"Feature","id":"osm-node-13815851420","geometry":{"type":"Point","coordinates":[-79.6633804,43.5512638]},"properties":{"kind":"path-intersection","buildingCode":null,"floor":null,"accessibility":"unknown","metadata":{"source":"OpenStreetMap","sourceUrl":"https://www.openstreetmap.org/node/13815851420","lastVerified":"2026-08-10","verificationStatus":"verified"}}},{"type":"Feature","id":"osm-node-13815851421","geometry":{"type":"Point","coordinates":[-79.6634073,43.5512269]},"properties":{"kind":"path-intersection","buildingCode":null,"floor":null,"accessibility":"unknown","metadata":{"source":"OpenStreetMap","sourceUrl":"https://www.openstreetmap.org/node/13815851421","lastVerified":"2026-08-10","verificationStatus":"verified"}}},{"type":"Feature","id":"osm-node-13815851422","geometry":{"type":"Point","coordinates":[-79.6633261,43.5514433]},"properties":{"kind":"path-intersection","buildingCode":null,"floor":null,"accessibility":"unknown","metadata":{"source":"OpenStreetMap","sourceUrl":"https://www.openstreetmap.org/node/13815851422","lastVerified":"2026-08-10","verificationStatus":"verified"}}},{"type":"Feature","id":"osm-node-13815851423","geometry":{"type":"Point","coordinates":[-79.6632532,43.5514146]},"properties":{"kind":"path-intersection","buildingCode":null,"floor":null,"accessibility":"unknown","metadata":{"source":"OpenStreetMap","sourceUrl":"https://www.openstreetmap.org/node/13815851423","lastVerified":"2026-08-10","verificationStatus":"verified"}}},{"type":"Feature","id":"osm-node-13815851425","geometry":{"type":"Point","coordinates":[-79.6633679,43.5512116]},"properties":{"kind":"path-intersection","buildingCode":null,"floor":null,"accessibility":"unknown","metadata":{"source":"OpenStreetMap","sourceUrl":"https://www.openstreetmap.org/node/13815851425","lastVerified":"2026-08-10","verificationStatus":"verified"}}},{"type":"Feature","id":"osm-node-13815851428","geometry":{"type":"Point","coordinates":[-79.6631559,43.5515026]},"properties":{"kind":"path-intersection","buildingCode":null,"floor":null,"accessibility":"unknown","metadata":{"source":"OpenStreetMap","sourceUrl":"https://www.openstreetmap.org/node/13815851428","lastVerified":"2026-08-10","verificationStatus":"verified"}}},{"type":"Feature","id":"osm-node-13815851429","geometry":{"type":"Point","coordinates":[-79.6631694,43.5515078]},"properties":{"kind":"path-intersection","buildingCode":null,"floor":null,"accessibility":"unknown","metadata":{"source":"OpenStreetMap","sourceUrl":"https://www.openstreetmap.org/node/13815851429","lastVerified":"2026-08-10","verificationStatus":"verified"}}},{"type":"Feature","id":"osm-node-13815851430","geometry":{"type":"Point","coordinates":[-79.6632087,43.5514527]},"properties":{"kind":"path-intersection","buildingCode":null,"floor":null,"accessibility":"unknown","metadata":{"source":"OpenStreetMap","sourceUrl":"https://www.openstreetmap.org/node/13815851430","lastVerified":"2026-08-10","verificationStatus":"verified"}}},{"type":"Feature","id":"osm-node-13815851431","geometry":{"type":"Point","coordinates":[-79.6633708,43.55123]},"properties":{"kind":"stairs","buildingCode":null,"floor":null,"accessibility":"not_accessible","metadata":{"source":"OpenStreetMap","sourceUrl":"https://www.openstreetmap.org/node/13815851431","lastVerified":"2026-08-10","verificationStatus":"verified"}}},{"type":"Feature","id":"osm-node-13815851432","geometry":{"type":"Point","coordinates":[-79.6633807,43.5512167]},"properties":{"kind":"stairs","buildingCode":null,"floor":null,"accessibility":"not_accessible","metadata":{"source":"OpenStreetMap","sourceUrl":"https://www.openstreetmap.org/node/13815851432","lastVerified":"2026-08-10","verificationStatus":"verified"}}},{"type":"Feature","id":"osm-node-13815851433","geometry":{"type":"Point","coordinates":[-79.6633857,43.55121]},"properties":{"kind":"path-intersection","buildingCode":null,"floor":null,"accessibility":"unknown","metadata":{"source":"OpenStreetMap","sourceUrl":"https://www.openstreetmap.org/node/13815851433","lastVerified":"2026-08-10","verificationStatus":"verified"}}},{"type":"Feature","id":"osm-node-13815851434","geometry":{"type":"Point","coordinates":[-79.6633824,43.5512007]},"properties":{"kind":"path-intersection","buildingCode":null,"floor":null,"accessibility":"unknown","metadata":{"source":"OpenStreetMap","sourceUrl":"https://www.openstreetmap.org/node/13815851434","lastVerified":"2026-08-10","verificationStatus":"verified"}}},{"type":"Feature","id":"osm-node-13815851435","geometry":{"type":"Point","coordinates":[-79.6633671,43.5511947]},"properties":{"kind":"path-intersection","buildingCode":null,"floor":null,"accessibility":"unknown","metadata":{"source":"OpenStreetMap","sourceUrl":"https://www.openstreetmap.org/node/13815851435","lastVerified":"2026-08-10","verificationStatus":"verified"}}},{"type":"Feature","id":"osm-node-13816107407","geometry":{"type":"Point","coordinates":[-79.6625765,43.5449578]},"properties":{"kind":"crosswalk","buildingCode":null,"floor":null,"accessibility":"unknown","metadata":{"source":"OpenStreetMap","sourceUrl":"https://www.openstreetmap.org/node/13816107407","lastVerified":"2026-08-10","verificationStatus":"verified"}}},{"type":"Feature","id":"osm-node-13816107408","geometry":{"type":"Point","coordinates":[-79.6626716,43.5450039]},"properties":{"kind":"crosswalk","buildingCode":null,"floor":null,"accessibility":"unknown","metadata":{"source":"OpenStreetMap","sourceUrl":"https://www.openstreetmap.org/node/13816107408","lastVerified":"2026-08-10","verificationStatus":"verified"}}},{"type":"Feature","id":"osm-node-13816180417","geometry":{"type":"Point","coordinates":[-79.6611133,43.5486811]},"properties":{"kind":"path-intersection","buildingCode":null,"floor":null,"accessibility":"unknown","metadata":{"source":"OpenStreetMap","sourceUrl":"https://www.openstreetmap.org/node/13816180417","lastVerified":"2026-08-10","verificationStatus":"verified"}}},{"type":"Feature","id":"osm-node-13816202344","geometry":{"type":"Point","coordinates":[-79.6626991,43.5482855]},"properties":{"kind":"path-intersection","buildingCode":null,"floor":null,"accessibility":"unknown","metadata":{"source":"OpenStreetMap","sourceUrl":"https://www.openstreetmap.org/node/13816202344","lastVerified":"2026-08-10","verificationStatus":"verified"}}},{"type":"Feature","id":"osm-node-13816230364","geometry":{"type":"Point","coordinates":[-79.666059,43.5496755]},"properties":{"kind":"path-intersection","buildingCode":null,"floor":null,"accessibility":"unknown","metadata":{"source":"OpenStreetMap","sourceUrl":"https://www.openstreetmap.org/node/13816230364","lastVerified":"2026-08-10","verificationStatus":"verified"}}},{"type":"Feature","id":"osm-node-13816230365","geometry":{"type":"Point","coordinates":[-79.6660604,43.5497038]},"properties":{"kind":"path-intersection","buildingCode":null,"floor":null,"accessibility":"unknown","metadata":{"source":"OpenStreetMap","sourceUrl":"https://www.openstreetmap.org/node/13816230365","lastVerified":"2026-08-10","verificationStatus":"verified"}}},{"type":"Feature","id":"osm-node-13816230366","geometry":{"type":"Point","coordinates":[-79.6660685,43.5497348]},"properties":{"kind":"path-intersection","buildingCode":null,"floor":null,"accessibility":"unknown","metadata":{"source":"OpenStreetMap","sourceUrl":"https://www.openstreetmap.org/node/13816230366","lastVerified":"2026-08-10","verificationStatus":"verified"}}},{"type":"Feature","id":"osm-node-13816230367","geometry":{"type":"Point","coordinates":[-79.6660892,43.5497596]},"properties":{"kind":"path-intersection","buildingCode":null,"floor":null,"accessibility":"unknown","metadata":{"source":"OpenStreetMap","sourceUrl":"https://www.openstreetmap.org/node/13816230367","lastVerified":"2026-08-10","verificationStatus":"verified"}}},{"type":"Feature","id":"osm-node-13816230368","geometry":{"type":"Point","coordinates":[-79.6661434,43.5497792]},"properties":{"kind":"path-intersection","buildingCode":null,"floor":null,"accessibility":"unknown","metadata":{"source":"OpenStreetMap","sourceUrl":"https://www.openstreetmap.org/node/13816230368","lastVerified":"2026-08-10","verificationStatus":"verified"}}},{"type":"Feature","id":"osm-node-13825980771","geometry":{"type":"Point","coordinates":[-79.6602758,43.5453776]},"properties":{"kind":"path-intersection","buildingCode":null,"floor":null,"accessibility":"unknown","metadata":{"source":"OpenStreetMap","sourceUrl":"https://www.openstreetmap.org/node/13825980771","lastVerified":"2026-08-10","verificationStatus":"verified"}}},{"type":"Feature","id":"osm-node-13825980772","geometry":{"type":"Point","coordinates":[-79.6601463,43.54534]},"properties":{"kind":"path-intersection","buildingCode":null,"floor":null,"accessibility":"unknown","metadata":{"source":"OpenStreetMap","sourceUrl":"https://www.openstreetmap.org/node/13825980772","lastVerified":"2026-08-10","verificationStatus":"verified"}}},{"type":"Feature","id":"osm-node-13825980773","geometry":{"type":"Point","coordinates":[-79.6600997,43.5452962]},"properties":{"kind":"path-intersection","buildingCode":null,"floor":null,"accessibility":"unknown","metadata":{"source":"OpenStreetMap","sourceUrl":"https://www.openstreetmap.org/node/13825980773","lastVerified":"2026-08-10","verificationStatus":"verified"}}},{"type":"Feature","id":"osm-node-13825980774","geometry":{"type":"Point","coordinates":[-79.6600943,43.5452589]},"properties":{"kind":"path-intersection","buildingCode":null,"floor":null,"accessibility":"unknown","metadata":{"source":"OpenStreetMap","sourceUrl":"https://www.openstreetmap.org/node/13825980774","lastVerified":"2026-08-10","verificationStatus":"verified"}}},{"type":"Feature","id":"osm-node-13825980775","geometry":{"type":"Point","coordinates":[-79.66011,43.5452164]},"properties":{"kind":"path-intersection","buildingCode":null,"floor":null,"accessibility":"unknown","metadata":{"source":"OpenStreetMap","sourceUrl":"https://www.openstreetmap.org/node/13825980775","lastVerified":"2026-08-10","verificationStatus":"verified"}}},{"type":"Feature","id":"osm-node-13825980776","geometry":{"type":"Point","coordinates":[-79.6602001,43.5451301]},"properties":{"kind":"path-intersection","buildingCode":null,"floor":null,"accessibility":"unknown","metadata":{"source":"OpenStreetMap","sourceUrl":"https://www.openstreetmap.org/node/13825980776","lastVerified":"2026-08-10","verificationStatus":"verified"}}},{"type":"Feature","id":"osm-node-13825980777","geometry":{"type":"Point","coordinates":[-79.6602158,43.545106]},"properties":{"kind":"path-intersection","buildingCode":null,"floor":null,"accessibility":"unknown","metadata":{"source":"OpenStreetMap","sourceUrl":"https://www.openstreetmap.org/node/13825980777","lastVerified":"2026-08-10","verificationStatus":"verified"}}},{"type":"Feature","id":"osm-node-13825980778","geometry":{"type":"Point","coordinates":[-79.6602031,43.5450827]},"properties":{"kind":"path-intersection","buildingCode":null,"floor":null,"accessibility":"unknown","metadata":{"source":"OpenStreetMap","sourceUrl":"https://www.openstreetmap.org/node/13825980778","lastVerified":"2026-08-10","verificationStatus":"verified"}}},{"type":"Feature","id":"osm-node-13825980779","geometry":{"type":"Point","coordinates":[-79.6598814,43.5448855]},"properties":{"kind":"path-intersection","buildingCode":null,"floor":null,"accessibility":"unknown","metadata":{"source":"OpenStreetMap","sourceUrl":"https://www.openstreetmap.org/node/13825980779","lastVerified":"2026-08-10","verificationStatus":"verified"}}},{"type":"Feature","id":"osm-node-13825980780","geometry":{"type":"Point","coordinates":[-79.6598475,43.5448851]},"properties":{"kind":"path-intersection","buildingCode":null,"floor":null,"accessibility":"unknown","metadata":{"source":"OpenStreetMap","sourceUrl":"https://www.openstreetmap.org/node/13825980780","lastVerified":"2026-08-10","verificationStatus":"verified"}}},{"type":"Feature","id":"osm-node-13825980781","geometry":{"type":"Point","coordinates":[-79.6598155,43.5448978]},"properties":{"kind":"path-intersection","buildingCode":null,"floor":null,"accessibility":"unknown","metadata":{"source":"OpenStreetMap","sourceUrl":"https://www.openstreetmap.org/node/13825980781","lastVerified":"2026-08-10","verificationStatus":"verified"}}},{"type":"Feature","id":"osm-node-13825980782","geometry":{"type":"Point","coordinates":[-79.6597405,43.5449561]},"properties":{"kind":"path-intersection","buildingCode":null,"floor":null,"accessibility":"unknown","metadata":{"source":"OpenStreetMap","sourceUrl":"https://www.openstreetmap.org/node/13825980782","lastVerified":"2026-08-10","verificationStatus":"verified"}}},{"type":"Feature","id":"osm-node-13825980783","geometry":{"type":"Point","coordinates":[-79.6597284,43.544978]},"properties":{"kind":"path-intersection","buildingCode":null,"floor":null,"accessibility":"unknown","metadata":{"source":"OpenStreetMap","sourceUrl":"https://www.openstreetmap.org/node/13825980783","lastVerified":"2026-08-10","verificationStatus":"verified"}}},{"type":"Feature","id":"osm-node-13825980784","geometry":{"type":"Point","coordinates":[-79.6597381,43.545006]},"properties":{"kind":"path-intersection","buildingCode":null,"floor":null,"accessibility":"unknown","metadata":{"source":"OpenStreetMap","sourceUrl":"https://www.openstreetmap.org/node/13825980784","lastVerified":"2026-08-10","verificationStatus":"verified"}}},{"type":"Feature","id":"osm-node-13825980785","geometry":{"type":"Point","coordinates":[-79.6600144,43.5451892]},"properties":{"kind":"path-intersection","buildingCode":null,"floor":null,"accessibility":"unknown","metadata":{"source":"OpenStreetMap","sourceUrl":"https://www.openstreetmap.org/node/13825980785","lastVerified":"2026-08-10","verificationStatus":"verified"}}},{"type":"Feature","id":"osm-node-13825980786","geometry":{"type":"Point","coordinates":[-79.6601823,43.5453505]},"properties":{"kind":"crosswalk","buildingCode":null,"floor":null,"accessibility":"unknown","metadata":{"source":"OpenStreetMap","sourceUrl":"https://www.openstreetmap.org/node/13825980786","lastVerified":"2026-08-10","verificationStatus":"verified"}}},{"type":"Feature","id":"osm-node-13828427300","geometry":{"type":"Point","coordinates":[-79.6635865,43.5517052]},"properties":{"kind":"path-intersection","buildingCode":null,"floor":null,"accessibility":"unknown","metadata":{"source":"OpenStreetMap","sourceUrl":"https://www.openstreetmap.org/node/13828427300","lastVerified":"2026-08-10","verificationStatus":"verified"}}},{"type":"Feature","id":"osm-node-13828487571","geometry":{"type":"Point","coordinates":[-79.665144,43.5502753]},"properties":{"kind":"path-intersection","buildingCode":null,"floor":null,"accessibility":"unknown","metadata":{"source":"OpenStreetMap","sourceUrl":"https://www.openstreetmap.org/node/13828487571","lastVerified":"2026-08-10","verificationStatus":"verified"}}},{"type":"Feature","id":"osm-node-13828487572","geometry":{"type":"Point","coordinates":[-79.6652443,43.5502903]},"properties":{"kind":"path-intersection","buildingCode":null,"floor":null,"accessibility":"unknown","metadata":{"source":"OpenStreetMap","sourceUrl":"https://www.openstreetmap.org/node/13828487572","lastVerified":"2026-08-10","verificationStatus":"verified"}}},{"type":"Feature","id":"osm-node-13991604048","geometry":{"type":"Point","coordinates":[-79.6677074,43.5545611]},"properties":{"kind":"path-intersection","buildingCode":null,"floor":null,"accessibility":"unknown","metadata":{"source":"OpenStreetMap","sourceUrl":"https://www.openstreetmap.org/node/13991604048","lastVerified":"2026-08-10","verificationStatus":"verified"}}},{"type":"Feature","id":"osm-node-14000321389","geometry":{"type":"Point","coordinates":[-79.6608475,43.5486461]},"properties":{"kind":"path-intersection","buildingCode":null,"floor":null,"accessibility":"unknown","metadata":{"source":"OpenStreetMap","sourceUrl":"https://www.openstreetmap.org/node/14000321389","lastVerified":"2026-08-10","verificationStatus":"verified"}}},{"type":"Feature","id":"osm-node-14000321390","geometry":{"type":"Point","coordinates":[-79.6607325,43.5486247]},"properties":{"kind":"path-intersection","buildingCode":null,"floor":null,"accessibility":"unknown","metadata":{"source":"OpenStreetMap","sourceUrl":"https://www.openstreetmap.org/node/14000321390","lastVerified":"2026-08-10","verificationStatus":"verified"}}},{"type":"Feature","id":"osm-node-14059917944","geometry":{"type":"Point","coordinates":[-79.6667338,43.5469563]},"properties":{"kind":"path-intersection","buildingCode":null,"floor":null,"accessibility":"unknown","metadata":{"source":"OpenStreetMap","sourceUrl":"https://www.openstreetmap.org/node/14059917944","lastVerified":"2026-08-10","verificationStatus":"verified"}}},{"type":"Feature","id":"osm-node-14059917945","geometry":{"type":"Point","coordinates":[-79.6664442,43.5471747]},"properties":{"kind":"path-intersection","buildingCode":null,"floor":null,"accessibility":"unknown","metadata":{"source":"OpenStreetMap","sourceUrl":"https://www.openstreetmap.org/node/14059917945","lastVerified":"2026-08-10","verificationStatus":"verified"}}},{"type":"Feature","id":"osm-node-14059917946","geometry":{"type":"Point","coordinates":[-79.667364,43.5472132]},"properties":{"kind":"path-intersection","buildingCode":null,"floor":null,"accessibility":"unknown","metadata":{"source":"OpenStreetMap","sourceUrl":"https://www.openstreetmap.org/node/14059917946","lastVerified":"2026-08-10","verificationStatus":"verified"}}},{"type":"Feature","id":"osm-node-14059917947","geometry":{"type":"Point","coordinates":[-79.6672175,43.5471179]},"properties":{"kind":"path-intersection","buildingCode":null,"floor":null,"accessibility":"unknown","metadata":{"source":"OpenStreetMap","sourceUrl":"https://www.openstreetmap.org/node/14059917947","lastVerified":"2026-08-10","verificationStatus":"verified"}}},{"type":"Feature","id":"osm-node-14059917948","geometry":{"type":"Point","coordinates":[-79.6673263,43.5472468]},"properties":{"kind":"path-intersection","buildingCode":null,"floor":null,"accessibility":"unknown","metadata":{"source":"OpenStreetMap","sourceUrl":"https://www.openstreetmap.org/node/14059917948","lastVerified":"2026-08-10","verificationStatus":"verified"}}},{"type":"Feature","id":"osm-node-14059917949","geometry":{"type":"Point","coordinates":[-79.6674467,43.5473251]},"properties":{"kind":"path-intersection","buildingCode":null,"floor":null,"accessibility":"unknown","metadata":{"source":"OpenStreetMap","sourceUrl":"https://www.openstreetmap.org/node/14059917949","lastVerified":"2026-08-10","verificationStatus":"verified"}}},{"type":"Feature","id":"osm-node-14059917950","geometry":{"type":"Point","coordinates":[-79.666272,43.54705]},"properties":{"kind":"path-intersection","buildingCode":null,"floor":null,"accessibility":"unknown","metadata":{"source":"OpenStreetMap","sourceUrl":"https://www.openstreetmap.org/node/14059917950","lastVerified":"2026-08-10","verificationStatus":"verified"}}},{"type":"Feature","id":"osm-node-14059917951","geometry":{"type":"Point","coordinates":[-79.6663797,43.5469635]},"properties":{"kind":"path-intersection","buildingCode":null,"floor":null,"accessibility":"unknown","metadata":{"source":"OpenStreetMap","sourceUrl":"https://www.openstreetmap.org/node/14059917951","lastVerified":"2026-08-10","verificationStatus":"verified"}}},{"type":"Feature","id":"osm-node-14059917952","geometry":{"type":"Point","coordinates":[-79.6664255,43.5469407]},"properties":{"kind":"path-intersection","buildingCode":null,"floor":null,"accessibility":"unknown","metadata":{"source":"OpenStreetMap","sourceUrl":"https://www.openstreetmap.org/node/14059917952","lastVerified":"2026-08-10","verificationStatus":"verified"}}},{"type":"Feature","id":"osm-node-14059917953","geometry":{"type":"Point","coordinates":[-79.6665019,43.5469231]},"properties":{"kind":"path-intersection","buildingCode":null,"floor":null,"accessibility":"unknown","metadata":{"source":"OpenStreetMap","sourceUrl":"https://www.openstreetmap.org/node/14059917953","lastVerified":"2026-08-10","verificationStatus":"verified"}}},{"type":"Feature","id":"osm-node-14059917954","geometry":{"type":"Point","coordinates":[-79.6665801,43.5469009]},"properties":{"kind":"path-intersection","buildingCode":null,"floor":null,"accessibility":"unknown","metadata":{"source":"OpenStreetMap","sourceUrl":"https://www.openstreetmap.org/node/14059917954","lastVerified":"2026-08-10","verificationStatus":"verified"}}},{"type":"Feature","id":"osm-node-14059917955","geometry":{"type":"Point","coordinates":[-79.6666323,43.5468658]},"properties":{"kind":"path-intersection","buildingCode":null,"floor":null,"accessibility":"unknown","metadata":{"source":"OpenStreetMap","sourceUrl":"https://www.openstreetmap.org/node/14059917955","lastVerified":"2026-08-10","verificationStatus":"verified"}}},{"type":"Feature","id":"osm-node-14059917956","geometry":{"type":"Point","coordinates":[-79.6666583,43.5468254]},"properties":{"kind":"path-intersection","buildingCode":null,"floor":null,"accessibility":"unknown","metadata":{"source":"OpenStreetMap","sourceUrl":"https://www.openstreetmap.org/node/14059917956","lastVerified":"2026-08-10","verificationStatus":"verified"}}},{"type":"Feature","id":"osm-node-14059917957","geometry":{"type":"Point","coordinates":[-79.6666637,43.5467791]},"properties":{"kind":"path-intersection","buildingCode":null,"floor":null,"accessibility":"unknown","metadata":{"source":"OpenStreetMap","sourceUrl":"https://www.openstreetmap.org/node/14059917957","lastVerified":"2026-08-10","verificationStatus":"verified"}}},{"type":"Feature","id":"osm-node-14059917958","geometry":{"type":"Point","coordinates":[-79.66726,43.5477622]},"properties":{"kind":"path-intersection","buildingCode":null,"floor":null,"accessibility":"unknown","metadata":{"source":"OpenStreetMap","sourceUrl":"https://www.openstreetmap.org/node/14059917958","lastVerified":"2026-08-10","verificationStatus":"verified"}}},{"type":"Feature","id":"osm-node-14059917959","geometry":{"type":"Point","coordinates":[-79.6674639,43.5476164]},"properties":{"kind":"path-intersection","buildingCode":null,"floor":null,"accessibility":"unknown","metadata":{"source":"OpenStreetMap","sourceUrl":"https://www.openstreetmap.org/node/14059917959","lastVerified":"2026-08-10","verificationStatus":"verified"}}},{"type":"Feature","id":"osm-node-14059917960","geometry":{"type":"Point","coordinates":[-79.6675274,43.5475773]},"properties":{"kind":"path-intersection","buildingCode":null,"floor":null,"accessibility":"unknown","metadata":{"source":"OpenStreetMap","sourceUrl":"https://www.openstreetmap.org/node/14059917960","lastVerified":"2026-08-10","verificationStatus":"verified"}}},{"type":"Feature","id":"osm-node-14059917961","geometry":{"type":"Point","coordinates":[-79.6675823,43.5475594]},"properties":{"kind":"path-intersection","buildingCode":null,"floor":null,"accessibility":"unknown","metadata":{"source":"OpenStreetMap","sourceUrl":"https://www.openstreetmap.org/node/14059917961","lastVerified":"2026-08-10","verificationStatus":"verified"}}},{"type":"Feature","id":"osm-node-14059917962","geometry":{"type":"Point","coordinates":[-79.6676996,43.5475629]},"properties":{"kind":"path-intersection","buildingCode":null,"floor":null,"accessibility":"unknown","metadata":{"source":"OpenStreetMap","sourceUrl":"https://www.openstreetmap.org/node/14059917962","lastVerified":"2026-08-10","verificationStatus":"verified"}}},{"type":"Feature","id":"osm-node-14059917963","geometry":{"type":"Point","coordinates":[-79.6676999,43.5480725]},"properties":{"kind":"path-intersection","buildingCode":null,"floor":null,"accessibility":"unknown","metadata":{"source":"OpenStreetMap","sourceUrl":"https://www.openstreetmap.org/node/14059917963","lastVerified":"2026-08-10","verificationStatus":"verified"}}},{"type":"Feature","id":"osm-node-14059917964","geometry":{"type":"Point","coordinates":[-79.6679486,43.5478675]},"properties":{"kind":"path-intersection","buildingCode":null,"floor":null,"accessibility":"unknown","metadata":{"source":"OpenStreetMap","sourceUrl":"https://www.openstreetmap.org/node/14059917964","lastVerified":"2026-08-10","verificationStatus":"verified"}}},{"type":"Feature","id":"osm-node-14059917965","geometry":{"type":"Point","coordinates":[-79.6680801,43.5480315]},"properties":{"kind":"path-intersection","buildingCode":null,"floor":null,"accessibility":"unknown","metadata":{"source":"OpenStreetMap","sourceUrl":"https://www.openstreetmap.org/node/14059917965","lastVerified":"2026-08-10","verificationStatus":"verified"}}},{"type":"Feature","id":"osm-node-14059917966","geometry":{"type":"Point","coordinates":[-79.6679145,43.5480973]},"properties":{"kind":"path-intersection","buildingCode":null,"floor":null,"accessibility":"unknown","metadata":{"source":"OpenStreetMap","sourceUrl":"https://www.openstreetmap.org/node/14059917966","lastVerified":"2026-08-10","verificationStatus":"verified"}}},{"type":"Feature","id":"osm-node-14059917967","geometry":{"type":"Point","coordinates":[-79.6678261,43.5481614]},"properties":{"kind":"path-intersection","buildingCode":null,"floor":null,"accessibility":"unknown","metadata":{"source":"OpenStreetMap","sourceUrl":"https://www.openstreetmap.org/node/14059917967","lastVerified":"2026-08-10","verificationStatus":"verified"}}},{"type":"Feature","id":"osm-node-14059918102","geometry":{"type":"Point","coordinates":[-79.668794,43.5473749]},"properties":{"kind":"path-intersection","buildingCode":null,"floor":null,"accessibility":"unknown","metadata":{"source":"OpenStreetMap","sourceUrl":"https://www.openstreetmap.org/node/14059918102","lastVerified":"2026-08-10","verificationStatus":"verified"}}},{"type":"Feature","id":"osm-node-14059918103","geometry":{"type":"Point","coordinates":[-79.6685772,43.5474042]},"properties":{"kind":"path-intersection","buildingCode":null,"floor":null,"accessibility":"unknown","metadata":{"source":"OpenStreetMap","sourceUrl":"https://www.openstreetmap.org/node/14059918103","lastVerified":"2026-08-10","verificationStatus":"verified"}}},{"type":"Feature","id":"osm-node-14059918104","geometry":{"type":"Point","coordinates":[-79.6684106,43.5475297]},"properties":{"kind":"path-intersection","buildingCode":null,"floor":null,"accessibility":"unknown","metadata":{"source":"OpenStreetMap","sourceUrl":"https://www.openstreetmap.org/node/14059918104","lastVerified":"2026-08-10","verificationStatus":"verified"}}},{"type":"Feature","id":"osm-node-14059918105","geometry":{"type":"Point","coordinates":[-79.6680677,43.5472957]},"properties":{"kind":"path-intersection","buildingCode":null,"floor":null,"accessibility":"unknown","metadata":{"source":"OpenStreetMap","sourceUrl":"https://www.openstreetmap.org/node/14059918105","lastVerified":"2026-08-10","verificationStatus":"verified"}}},{"type":"Feature","id":"osm-node-14059918106","geometry":{"type":"Point","coordinates":[-79.6683454,43.5470879]},"properties":{"kind":"path-intersection","buildingCode":null,"floor":null,"accessibility":"unknown","metadata":{"source":"OpenStreetMap","sourceUrl":"https://www.openstreetmap.org/node/14059918106","lastVerified":"2026-08-10","verificationStatus":"verified"}}},{"type":"Feature","id":"osm-node-14059918107","geometry":{"type":"Point","coordinates":[-79.6681993,43.5471972]},"properties":{"kind":"path-intersection","buildingCode":null,"floor":null,"accessibility":"unknown","metadata":{"source":"OpenStreetMap","sourceUrl":"https://www.openstreetmap.org/node/14059918107","lastVerified":"2026-08-10","verificationStatus":"verified"}}},{"type":"Feature","id":"osm-node-14059918108","geometry":{"type":"Point","coordinates":[-79.668269,43.5472324]},"properties":{"kind":"path-intersection","buildingCode":null,"floor":null,"accessibility":"unknown","metadata":{"source":"OpenStreetMap","sourceUrl":"https://www.openstreetmap.org/node/14059918108","lastVerified":"2026-08-10","verificationStatus":"verified"}}},{"type":"Feature","id":"osm-node-14059918109","geometry":{"type":"Point","coordinates":[-79.6683015,43.5472667]},"properties":{"kind":"path-intersection","buildingCode":null,"floor":null,"accessibility":"unknown","metadata":{"source":"OpenStreetMap","sourceUrl":"https://www.openstreetmap.org/node/14059918109","lastVerified":"2026-08-10","verificationStatus":"verified"}}},{"type":"Feature","id":"osm-node-14059918110","geometry":{"type":"Point","coordinates":[-79.6682936,43.5473094]},"properties":{"kind":"path-intersection","buildingCode":null,"floor":null,"accessibility":"unknown","metadata":{"source":"OpenStreetMap","sourceUrl":"https://www.openstreetmap.org/node/14059918110","lastVerified":"2026-08-10","verificationStatus":"verified"}}},{"type":"Feature","id":"osm-node-14059918111","geometry":{"type":"Point","coordinates":[-79.6682488,43.5473526]},"properties":{"kind":"path-intersection","buildingCode":null,"floor":null,"accessibility":"unknown","metadata":{"source":"OpenStreetMap","sourceUrl":"https://www.openstreetmap.org/node/14059918111","lastVerified":"2026-08-10","verificationStatus":"verified"}}},{"type":"Feature","id":"osm-node-14059918112","geometry":{"type":"Point","coordinates":[-79.6681996,43.5473877]},"properties":{"kind":"path-intersection","buildingCode":null,"floor":null,"accessibility":"unknown","metadata":{"source":"OpenStreetMap","sourceUrl":"https://www.openstreetmap.org/node/14059918112","lastVerified":"2026-08-10","verificationStatus":"verified"}}},{"type":"Feature","id":"osm-node-14059918113","geometry":{"type":"Point","coordinates":[-79.6679009,43.5471792]},"properties":{"kind":"path-intersection","buildingCode":null,"floor":null,"accessibility":"unknown","metadata":{"source":"OpenStreetMap","sourceUrl":"https://www.openstreetmap.org/node/14059918113","lastVerified":"2026-08-10","verificationStatus":"verified"}}},{"type":"Feature","id":"osm-node-14059918114","geometry":{"type":"Point","coordinates":[-79.6681294,43.5470326]},"properties":{"kind":"path-intersection","buildingCode":null,"floor":null,"accessibility":"unknown","metadata":{"source":"OpenStreetMap","sourceUrl":"https://www.openstreetmap.org/node/14059918114","lastVerified":"2026-08-10","verificationStatus":"verified"}}},{"type":"Feature","id":"osm-node-14059918115","geometry":{"type":"Point","coordinates":[-79.6677206,43.5470664]},"properties":{"kind":"path-intersection","buildingCode":null,"floor":null,"accessibility":"unknown","metadata":{"source":"OpenStreetMap","sourceUrl":"https://www.openstreetmap.org/node/14059918115","lastVerified":"2026-08-10","verificationStatus":"verified"}}},{"type":"Feature","id":"osm-node-14059918116","geometry":{"type":"Point","coordinates":[-79.6678424,43.5468519]},"properties":{"kind":"path-intersection","buildingCode":null,"floor":null,"accessibility":"unknown","metadata":{"source":"OpenStreetMap","sourceUrl":"https://www.openstreetmap.org/node/14059918116","lastVerified":"2026-08-10","verificationStatus":"verified"}}},{"type":"Feature","id":"osm-node-14059918117","geometry":{"type":"Point","coordinates":[-79.6675896,43.546864]},"properties":{"kind":"path-intersection","buildingCode":null,"floor":null,"accessibility":"unknown","metadata":{"source":"OpenStreetMap","sourceUrl":"https://www.openstreetmap.org/node/14059918117","lastVerified":"2026-08-10","verificationStatus":"verified"}}},{"type":"Feature","id":"osm-node-14059918118","geometry":{"type":"Point","coordinates":[-79.6676098,43.5468404]},"properties":{"kind":"path-intersection","buildingCode":null,"floor":null,"accessibility":"unknown","metadata":{"source":"OpenStreetMap","sourceUrl":"https://www.openstreetmap.org/node/14059918118","lastVerified":"2026-08-10","verificationStatus":"verified"}}},{"type":"Feature","id":"osm-node-14059918119","geometry":{"type":"Point","coordinates":[-79.6676572,43.5468309]},"properties":{"kind":"path-intersection","buildingCode":null,"floor":null,"accessibility":"unknown","metadata":{"source":"OpenStreetMap","sourceUrl":"https://www.openstreetmap.org/node/14059918119","lastVerified":"2026-08-10","verificationStatus":"verified"}}},{"type":"Feature","id":"osm-node-14059918120","geometry":{"type":"Point","coordinates":[-79.6677072,43.5468398]},"properties":{"kind":"path-intersection","buildingCode":null,"floor":null,"accessibility":"unknown","metadata":{"source":"OpenStreetMap","sourceUrl":"https://www.openstreetmap.org/node/14059918120","lastVerified":"2026-08-10","verificationStatus":"verified"}}},{"type":"Feature","id":"osm-node-14059918121","geometry":{"type":"Point","coordinates":[-79.6677388,43.5468691]},"properties":{"kind":"path-intersection","buildingCode":null,"floor":null,"accessibility":"unknown","metadata":{"source":"OpenStreetMap","sourceUrl":"https://www.openstreetmap.org/node/14059918121","lastVerified":"2026-08-10","verificationStatus":"verified"}}},{"type":"Feature","id":"osm-node-14059918122","geometry":{"type":"Point","coordinates":[-79.6677327,43.5469257]},"properties":{"kind":"path-intersection","buildingCode":null,"floor":null,"accessibility":"unknown","metadata":{"source":"OpenStreetMap","sourceUrl":"https://www.openstreetmap.org/node/14059918122","lastVerified":"2026-08-10","verificationStatus":"verified"}}},{"type":"Feature","id":"osm-node-14059918123","geometry":{"type":"Point","coordinates":[-79.6676782,43.5470555]},"properties":{"kind":"path-intersection","buildingCode":null,"floor":null,"accessibility":"unknown","metadata":{"source":"OpenStreetMap","sourceUrl":"https://www.openstreetmap.org/node/14059918123","lastVerified":"2026-08-10","verificationStatus":"verified"}}},{"type":"Feature","id":"osm-node-14059918124","geometry":{"type":"Point","coordinates":[-79.6675645,43.5470637]},"properties":{"kind":"path-intersection","buildingCode":null,"floor":null,"accessibility":"unknown","metadata":{"source":"OpenStreetMap","sourceUrl":"https://www.openstreetmap.org/node/14059918124","lastVerified":"2026-08-10","verificationStatus":"verified"}}},{"type":"Feature","id":"osm-node-14059918125","geometry":{"type":"Point","coordinates":[-79.6674965,43.5469359]},"properties":{"kind":"path-intersection","buildingCode":null,"floor":null,"accessibility":"unknown","metadata":{"source":"OpenStreetMap","sourceUrl":"https://www.openstreetmap.org/node/14059918125","lastVerified":"2026-08-10","verificationStatus":"verified"}}},{"type":"Feature","id":"osm-node-14059918126","geometry":{"type":"Point","coordinates":[-79.6674395,43.5469161]},"properties":{"kind":"path-intersection","buildingCode":null,"floor":null,"accessibility":"unknown","metadata":{"source":"OpenStreetMap","sourceUrl":"https://www.openstreetmap.org/node/14059918126","lastVerified":"2026-08-10","verificationStatus":"verified"}}},{"type":"Feature","id":"osm-node-14059954025","geometry":{"type":"Point","coordinates":[-79.6685712,43.5486862]},"properties":{"kind":"path-intersection","buildingCode":null,"floor":null,"accessibility":"unknown","metadata":{"source":"OpenStreetMap","sourceUrl":"https://www.openstreetmap.org/node/14059954025","lastVerified":"2026-08-10","verificationStatus":"verified"}}},{"type":"Feature","id":"osm-node-14059954026","geometry":{"type":"Point","coordinates":[-79.6688721,43.5484428]},"properties":{"kind":"path-intersection","buildingCode":null,"floor":null,"accessibility":"unknown","metadata":{"source":"OpenStreetMap","sourceUrl":"https://www.openstreetmap.org/node/14059954026","lastVerified":"2026-08-10","verificationStatus":"verified"}}},{"type":"Feature","id":"osm-node-14062915900","geometry":{"type":"Point","coordinates":[-79.6632673,43.5458793]},"properties":{"kind":"path-intersection","buildingCode":null,"floor":null,"accessibility":"unknown","metadata":{"source":"OpenStreetMap","sourceUrl":"https://www.openstreetmap.org/node/14062915900","lastVerified":"2026-08-10","verificationStatus":"verified"}}},{"type":"Feature","id":"osm-node-14062918838","geometry":{"type":"Point","coordinates":[-79.6648816,43.5465192]},"properties":{"kind":"path-intersection","buildingCode":null,"floor":null,"accessibility":"unknown","metadata":{"source":"OpenStreetMap","sourceUrl":"https://www.openstreetmap.org/node/14062918838","lastVerified":"2026-08-10","verificationStatus":"verified"}}},{"type":"Feature","id":"osm-node-14062918839","geometry":{"type":"Point","coordinates":[-79.6648363,43.5465089]},"properties":{"kind":"path-intersection","buildingCode":null,"floor":null,"accessibility":"unknown","metadata":{"source":"OpenStreetMap","sourceUrl":"https://www.openstreetmap.org/node/14062918839","lastVerified":"2026-08-10","verificationStatus":"verified"}}},{"type":"Feature","id":"osm-node-14062918840","geometry":{"type":"Point","coordinates":[-79.6645988,43.5466133]},"properties":{"kind":"path-intersection","buildingCode":null,"floor":null,"accessibility":"unknown","metadata":{"source":"OpenStreetMap","sourceUrl":"https://www.openstreetmap.org/node/14062918840","lastVerified":"2026-08-10","verificationStatus":"verified"}}},{"type":"Feature","id":"osm-node-14062918841","geometry":{"type":"Point","coordinates":[-79.6645526,43.5466293]},"properties":{"kind":"path-intersection","buildingCode":null,"floor":null,"accessibility":"unknown","metadata":{"source":"OpenStreetMap","sourceUrl":"https://www.openstreetmap.org/node/14062918841","lastVerified":"2026-08-10","verificationStatus":"verified"}}},{"type":"Feature","id":"osm-node-14062918842","geometry":{"type":"Point","coordinates":[-79.6645195,43.5466513]},"properties":{"kind":"path-intersection","buildingCode":null,"floor":null,"accessibility":"unknown","metadata":{"source":"OpenStreetMap","sourceUrl":"https://www.openstreetmap.org/node/14062918842","lastVerified":"2026-08-10","verificationStatus":"verified"}}},{"type":"Feature","id":"osm-node-14062918843","geometry":{"type":"Point","coordinates":[-79.664497,43.5466828]},"properties":{"kind":"path-intersection","buildingCode":null,"floor":null,"accessibility":"unknown","metadata":{"source":"OpenStreetMap","sourceUrl":"https://www.openstreetmap.org/node/14062918843","lastVerified":"2026-08-10","verificationStatus":"verified"}}},{"type":"Feature","id":"osm-node-14062918844","geometry":{"type":"Point","coordinates":[-79.6644885,43.5467123]},"properties":{"kind":"path-intersection","buildingCode":null,"floor":null,"accessibility":"unknown","metadata":{"source":"OpenStreetMap","sourceUrl":"https://www.openstreetmap.org/node/14062918844","lastVerified":"2026-08-10","verificationStatus":"verified"}}},{"type":"Feature","id":"osm-node-14062918845","geometry":{"type":"Point","coordinates":[-79.6645001,43.5466784]},"properties":{"kind":"path-intersection","buildingCode":null,"floor":null,"accessibility":"unknown","metadata":{"source":"OpenStreetMap","sourceUrl":"https://www.openstreetmap.org/node/14062918845","lastVerified":"2026-08-10","verificationStatus":"verified"}}},{"type":"Feature","id":"osm-node-14062918846","geometry":{"type":"Point","coordinates":[-79.6644412,43.5466149]},"properties":{"kind":"path-intersection","buildingCode":null,"floor":null,"accessibility":"unknown","metadata":{"source":"OpenStreetMap","sourceUrl":"https://www.openstreetmap.org/node/14062918846","lastVerified":"2026-08-10","verificationStatus":"verified"}}},{"type":"Feature","id":"osm-node-14062918847","geometry":{"type":"Point","coordinates":[-79.6646526,43.546688]},"properties":{"kind":"path-intersection","buildingCode":null,"floor":null,"accessibility":"unknown","metadata":{"source":"OpenStreetMap","sourceUrl":"https://www.openstreetmap.org/node/14062918847","lastVerified":"2026-08-10","verificationStatus":"verified"}}},{"type":"Feature","id":"osm-node-14062918848","geometry":{"type":"Point","coordinates":[-79.6646193,43.5466042]},"properties":{"kind":"path-intersection","buildingCode":null,"floor":null,"accessibility":"unknown","metadata":{"source":"OpenStreetMap","sourceUrl":"https://www.openstreetmap.org/node/14062918848","lastVerified":"2026-08-10","verificationStatus":"verified"}}},{"type":"Feature","id":"osm-node-14062918849","geometry":{"type":"Point","coordinates":[-79.6645927,43.5465638]},"properties":{"kind":"path-intersection","buildingCode":null,"floor":null,"accessibility":"unknown","metadata":{"source":"OpenStreetMap","sourceUrl":"https://www.openstreetmap.org/node/14062918849","lastVerified":"2026-08-10","verificationStatus":"verified"}}},{"type":"Feature","id":"osm-node-14062918850","geometry":{"type":"Point","coordinates":[-79.6647142,43.5465626]},"properties":{"kind":"path-intersection","buildingCode":null,"floor":null,"accessibility":"unknown","metadata":{"source":"OpenStreetMap","sourceUrl":"https://www.openstreetmap.org/node/14062918850","lastVerified":"2026-08-10","verificationStatus":"verified"}}},{"type":"Feature","id":"osm-node-14062918851","geometry":{"type":"Point","coordinates":[-79.6646737,43.5465107]},"properties":{"kind":"path-intersection","buildingCode":null,"floor":null,"accessibility":"unknown","metadata":{"source":"OpenStreetMap","sourceUrl":"https://www.openstreetmap.org/node/14062918851","lastVerified":"2026-08-10","verificationStatus":"verified"}}},{"type":"Feature","id":"osm-node-14062918852","geometry":{"type":"Point","coordinates":[-79.6648038,43.5464665]},"properties":{"kind":"path-intersection","buildingCode":null,"floor":null,"accessibility":"unknown","metadata":{"source":"OpenStreetMap","sourceUrl":"https://www.openstreetmap.org/node/14062918852","lastVerified":"2026-08-10","verificationStatus":"verified"}}},{"type":"Feature","id":"osm-node-14062918853","geometry":{"type":"Point","coordinates":[-79.6650108,43.5467064]},"properties":{"kind":"path-intersection","buildingCode":null,"floor":null,"accessibility":"unknown","metadata":{"source":"OpenStreetMap","sourceUrl":"https://www.openstreetmap.org/node/14062918853","lastVerified":"2026-08-10","verificationStatus":"verified"}}},{"type":"Feature","id":"osm-node-14062918854","geometry":{"type":"Point","coordinates":[-79.6649402,43.5467375]},"properties":{"kind":"path-intersection","buildingCode":null,"floor":null,"accessibility":"unknown","metadata":{"source":"OpenStreetMap","sourceUrl":"https://www.openstreetmap.org/node/14062918854","lastVerified":"2026-08-10","verificationStatus":"verified"}}},{"type":"Feature","id":"osm-node-14062918855","geometry":{"type":"Point","coordinates":[-79.6650873,43.5467767]},"properties":{"kind":"path-intersection","buildingCode":null,"floor":null,"accessibility":"unknown","metadata":{"source":"OpenStreetMap","sourceUrl":"https://www.openstreetmap.org/node/14062918855","lastVerified":"2026-08-10","verificationStatus":"verified"}}},{"type":"Feature","id":"osm-node-14062918856","geometry":{"type":"Point","coordinates":[-79.6650103,43.546812]},"properties":{"kind":"path-intersection","buildingCode":null,"floor":null,"accessibility":"unknown","metadata":{"source":"OpenStreetMap","sourceUrl":"https://www.openstreetmap.org/node/14062918856","lastVerified":"2026-08-10","verificationStatus":"verified"}}},{"type":"Feature","id":"osm-node-14062918857","geometry":{"type":"Point","coordinates":[-79.664989,43.5468369]},"properties":{"kind":"path-intersection","buildingCode":null,"floor":null,"accessibility":"unknown","metadata":{"source":"OpenStreetMap","sourceUrl":"https://www.openstreetmap.org/node/14062918857","lastVerified":"2026-08-10","verificationStatus":"verified"}}},{"type":"Feature","id":"osm-node-14062918858","geometry":{"type":"Point","coordinates":[-79.6649969,43.5468552]},"properties":{"kind":"path-intersection","buildingCode":null,"floor":null,"accessibility":"unknown","metadata":{"source":"OpenStreetMap","sourceUrl":"https://www.openstreetmap.org/node/14062918858","lastVerified":"2026-08-10","verificationStatus":"verified"}}},{"type":"Feature","id":"osm-node-14062918859","geometry":{"type":"Point","coordinates":[-79.6650159,43.5468609]},"properties":{"kind":"path-intersection","buildingCode":null,"floor":null,"accessibility":"unknown","metadata":{"source":"OpenStreetMap","sourceUrl":"https://www.openstreetmap.org/node/14062918859","lastVerified":"2026-08-10","verificationStatus":"verified"}}},{"type":"Feature","id":"osm-node-14062918860","geometry":{"type":"Point","coordinates":[-79.66515,43.5468449]},"properties":{"kind":"path-intersection","buildingCode":null,"floor":null,"accessibility":"unknown","metadata":{"source":"OpenStreetMap","sourceUrl":"https://www.openstreetmap.org/node/14062918860","lastVerified":"2026-08-10","verificationStatus":"verified"}}},{"type":"Feature","id":"osm-node-14062918861","geometry":{"type":"Point","coordinates":[-79.665169,43.5468449]},"properties":{"kind":"path-intersection","buildingCode":null,"floor":null,"accessibility":"unknown","metadata":{"source":"OpenStreetMap","sourceUrl":"https://www.openstreetmap.org/node/14062918861","lastVerified":"2026-08-10","verificationStatus":"verified"}}},{"type":"Feature","id":"osm-node-14062918862","geometry":{"type":"Point","coordinates":[-79.6651796,43.5468521]},"properties":{"kind":"path-intersection","buildingCode":null,"floor":null,"accessibility":"unknown","metadata":{"source":"OpenStreetMap","sourceUrl":"https://www.openstreetmap.org/node/14062918862","lastVerified":"2026-08-10","verificationStatus":"verified"}}},{"type":"Feature","id":"osm-node-14062918863","geometry":{"type":"Point","coordinates":[-79.6651914,43.5468717]},"properties":{"kind":"path-intersection","buildingCode":null,"floor":null,"accessibility":"unknown","metadata":{"source":"OpenStreetMap","sourceUrl":"https://www.openstreetmap.org/node/14062918863","lastVerified":"2026-08-10","verificationStatus":"verified"}}},{"type":"Feature","id":"osm-node-14062918864","geometry":{"type":"Point","coordinates":[-79.6650725,43.5469147]},"properties":{"kind":"path-intersection","buildingCode":null,"floor":null,"accessibility":"unknown","metadata":{"source":"OpenStreetMap","sourceUrl":"https://www.openstreetmap.org/node/14062918864","lastVerified":"2026-08-10","verificationStatus":"verified"}}},{"type":"Feature","id":"osm-node-14062918865","geometry":{"type":"Point","coordinates":[-79.6649398,43.5469566]},"properties":{"kind":"path-intersection","buildingCode":null,"floor":null,"accessibility":"unknown","metadata":{"source":"OpenStreetMap","sourceUrl":"https://www.openstreetmap.org/node/14062918865","lastVerified":"2026-08-10","verificationStatus":"verified"}}},{"type":"Feature","id":"osm-node-14062918866","geometry":{"type":"Point","coordinates":[-79.6649034,43.5469097]},"properties":{"kind":"path-intersection","buildingCode":null,"floor":null,"accessibility":"unknown","metadata":{"source":"OpenStreetMap","sourceUrl":"https://www.openstreetmap.org/node/14062918866","lastVerified":"2026-08-10","verificationStatus":"verified"}}},{"type":"Feature","id":"osm-node-14062918867","geometry":{"type":"Point","coordinates":[-79.6649937,43.5468477]},"properties":{"kind":"path-intersection","buildingCode":null,"floor":null,"accessibility":"unknown","metadata":{"source":"OpenStreetMap","sourceUrl":"https://www.openstreetmap.org/node/14062918867","lastVerified":"2026-08-10","verificationStatus":"verified"}}},{"type":"Feature","id":"osm-node-14062918868","geometry":{"type":"Point","coordinates":[-79.6649653,43.5468487]},"properties":{"kind":"path-intersection","buildingCode":null,"floor":null,"accessibility":"unknown","metadata":{"source":"OpenStreetMap","sourceUrl":"https://www.openstreetmap.org/node/14062918868","lastVerified":"2026-08-10","verificationStatus":"verified"}}},{"type":"Feature","id":"osm-node-14062918869","geometry":{"type":"Point","coordinates":[-79.6649357,43.5466437]},"properties":{"kind":"path-intersection","buildingCode":null,"floor":null,"accessibility":"unknown","metadata":{"source":"OpenStreetMap","sourceUrl":"https://www.openstreetmap.org/node/14062918869","lastVerified":"2026-08-10","verificationStatus":"verified"}}},{"type":"Feature","id":"osm-node-14062918870","geometry":{"type":"Point","coordinates":[-79.6648724,43.54667]},"properties":{"kind":"path-intersection","buildingCode":null,"floor":null,"accessibility":"unknown","metadata":{"source":"OpenStreetMap","sourceUrl":"https://www.openstreetmap.org/node/14062918870","lastVerified":"2026-08-10","verificationStatus":"verified"}}},{"type":"Feature","id":"osm-node-14062918871","geometry":{"type":"Point","coordinates":[-79.6646266,43.546813]},"properties":{"kind":"path-intersection","buildingCode":null,"floor":null,"accessibility":"unknown","metadata":{"source":"OpenStreetMap","sourceUrl":"https://www.openstreetmap.org/node/14062918871","lastVerified":"2026-08-10","verificationStatus":"verified"}}},{"type":"Feature","id":"osm-node-14062918872","geometry":{"type":"Point","coordinates":[-79.6645256,43.5468749]},"properties":{"kind":"path-intersection","buildingCode":null,"floor":null,"accessibility":"unknown","metadata":{"source":"OpenStreetMap","sourceUrl":"https://www.openstreetmap.org/node/14062918872","lastVerified":"2026-08-10","verificationStatus":"verified"}}},{"type":"Feature","id":"osm-node-14062918873","geometry":{"type":"Point","coordinates":[-79.6646976,43.5468996]},"properties":{"kind":"path-intersection","buildingCode":null,"floor":null,"accessibility":"unknown","metadata":{"source":"OpenStreetMap","sourceUrl":"https://www.openstreetmap.org/node/14062918873","lastVerified":"2026-08-10","verificationStatus":"verified"}}},{"type":"Feature","id":"osm-node-14062918874","geometry":{"type":"Point","coordinates":[-79.6646172,43.5469384]},"properties":{"kind":"path-intersection","buildingCode":null,"floor":null,"accessibility":"unknown","metadata":{"source":"OpenStreetMap","sourceUrl":"https://www.openstreetmap.org/node/14062918874","lastVerified":"2026-08-10","verificationStatus":"verified"}}},{"type":"Feature","id":"osm-node-14062929211","geometry":{"type":"Point","coordinates":[-79.6663627,43.5476677]},"properties":{"kind":"path-intersection","buildingCode":null,"floor":null,"accessibility":"unknown","metadata":{"source":"OpenStreetMap","sourceUrl":"https://www.openstreetmap.org/node/14062929211","lastVerified":"2026-08-10","verificationStatus":"verified"}}},{"type":"Feature","id":"osm-node-14062929212","geometry":{"type":"Point","coordinates":[-79.6663018,43.5477149]},"properties":{"kind":"path-intersection","buildingCode":null,"floor":null,"accessibility":"unknown","metadata":{"source":"OpenStreetMap","sourceUrl":"https://www.openstreetmap.org/node/14062929212","lastVerified":"2026-08-10","verificationStatus":"verified"}}},{"type":"Feature","id":"osm-node-14062929213","geometry":{"type":"Point","coordinates":[-79.6659777,43.547658]},"properties":{"kind":"path-intersection","buildingCode":null,"floor":null,"accessibility":"unknown","metadata":{"source":"OpenStreetMap","sourceUrl":"https://www.openstreetmap.org/node/14062929213","lastVerified":"2026-08-10","verificationStatus":"verified"}}},{"type":"Feature","id":"osm-node-14062929214","geometry":{"type":"Point","coordinates":[-79.6659733,43.5476094]},"properties":{"kind":"path-intersection","buildingCode":null,"floor":null,"accessibility":"unknown","metadata":{"source":"OpenStreetMap","sourceUrl":"https://www.openstreetmap.org/node/14062929214","lastVerified":"2026-08-10","verificationStatus":"verified"}}},{"type":"Feature","id":"osm-node-14062929215","geometry":{"type":"Point","coordinates":[-79.6659366,43.5475832]},"properties":{"kind":"path-intersection","buildingCode":null,"floor":null,"accessibility":"unknown","metadata":{"source":"OpenStreetMap","sourceUrl":"https://www.openstreetmap.org/node/14062929215","lastVerified":"2026-08-10","verificationStatus":"verified"}}},{"type":"Feature","id":"osm-node-14062929216","geometry":{"type":"Point","coordinates":[-79.6660256,43.5475921]},"properties":{"kind":"path-intersection","buildingCode":null,"floor":null,"accessibility":"unknown","metadata":{"source":"OpenStreetMap","sourceUrl":"https://www.openstreetmap.org/node/14062929216","lastVerified":"2026-08-10","verificationStatus":"verified"}}},{"type":"Feature","id":"osm-node-14062929217","geometry":{"type":"Point","coordinates":[-79.6660971,43.5475586]},"properties":{"kind":"path-intersection","buildingCode":null,"floor":null,"accessibility":"unknown","metadata":{"source":"OpenStreetMap","sourceUrl":"https://www.openstreetmap.org/node/14062929217","lastVerified":"2026-08-10","verificationStatus":"verified"}}},{"type":"Feature","id":"osm-node-14062929218","geometry":{"type":"Point","coordinates":[-79.6661291,43.5475351]},"properties":{"kind":"path-intersection","buildingCode":null,"floor":null,"accessibility":"unknown","metadata":{"source":"OpenStreetMap","sourceUrl":"https://www.openstreetmap.org/node/14062929218","lastVerified":"2026-08-10","verificationStatus":"verified"}}},{"type":"Feature","id":"osm-node-14062929219","geometry":{"type":"Point","coordinates":[-79.6661474,43.5475101]},"properties":{"kind":"path-intersection","buildingCode":null,"floor":null,"accessibility":"unknown","metadata":{"source":"OpenStreetMap","sourceUrl":"https://www.openstreetmap.org/node/14062929219","lastVerified":"2026-08-10","verificationStatus":"verified"}}},{"type":"Feature","id":"osm-node-14062929220","geometry":{"type":"Point","coordinates":[-79.6661468,43.5474921]},"properties":{"kind":"path-intersection","buildingCode":null,"floor":null,"accessibility":"unknown","metadata":{"source":"OpenStreetMap","sourceUrl":"https://www.openstreetmap.org/node/14062929220","lastVerified":"2026-08-10","verificationStatus":"verified"}}},{"type":"Feature","id":"osm-node-14062929221","geometry":{"type":"Point","coordinates":[-79.666051,43.5475326]},"properties":{"kind":"path-intersection","buildingCode":null,"floor":null,"accessibility":"unknown","metadata":{"source":"OpenStreetMap","sourceUrl":"https://www.openstreetmap.org/node/14062929221","lastVerified":"2026-08-10","verificationStatus":"verified"}}},{"type":"Feature","id":"osm-node-14062929222","geometry":{"type":"Point","coordinates":[-79.6664061,43.5479057]},"properties":{"kind":"path-intersection","buildingCode":null,"floor":null,"accessibility":"unknown","metadata":{"source":"OpenStreetMap","sourceUrl":"https://www.openstreetmap.org/node/14062929222","lastVerified":"2026-08-10","verificationStatus":"verified"}}},{"type":"Feature","id":"osm-node-14062929223","geometry":{"type":"Point","coordinates":[-79.6663127,43.5478371]},"properties":{"kind":"path-intersection","buildingCode":null,"floor":null,"accessibility":"unknown","metadata":{"source":"OpenStreetMap","sourceUrl":"https://www.openstreetmap.org/node/14062929223","lastVerified":"2026-08-10","verificationStatus":"verified"}}},{"type":"Feature","id":"osm-node-14062929224","geometry":{"type":"Point","coordinates":[-79.6662805,43.5479603]},"properties":{"kind":"path-intersection","buildingCode":null,"floor":null,"accessibility":"unknown","metadata":{"source":"OpenStreetMap","sourceUrl":"https://www.openstreetmap.org/node/14062929224","lastVerified":"2026-08-10","verificationStatus":"verified"}}},{"type":"Feature","id":"osm-node-14062929225","geometry":{"type":"Point","coordinates":[-79.6662164,43.5479154]},"properties":{"kind":"path-intersection","buildingCode":null,"floor":null,"accessibility":"unknown","metadata":{"source":"OpenStreetMap","sourceUrl":"https://www.openstreetmap.org/node/14062929225","lastVerified":"2026-08-10","verificationStatus":"verified"}}},{"type":"Feature","id":"osm-node-14062929226","geometry":{"type":"Point","coordinates":[-79.6662075,43.5480397]},"properties":{"kind":"path-intersection","buildingCode":null,"floor":null,"accessibility":"unknown","metadata":{"source":"OpenStreetMap","sourceUrl":"https://www.openstreetmap.org/node/14062929226","lastVerified":"2026-08-10","verificationStatus":"verified"}}},{"type":"Feature","id":"osm-node-14062929227","geometry":{"type":"Point","coordinates":[-79.6661289,43.5479829]},"properties":{"kind":"path-intersection","buildingCode":null,"floor":null,"accessibility":"unknown","metadata":{"source":"OpenStreetMap","sourceUrl":"https://www.openstreetmap.org/node/14062929227","lastVerified":"2026-08-10","verificationStatus":"verified"}}},{"type":"Feature","id":"osm-node-14062929228","geometry":{"type":"Point","coordinates":[-79.6658834,43.5478959]},"properties":{"kind":"path-intersection","buildingCode":null,"floor":null,"accessibility":"unknown","metadata":{"source":"OpenStreetMap","sourceUrl":"https://www.openstreetmap.org/node/14062929228","lastVerified":"2026-08-10","verificationStatus":"verified"}}},{"type":"Feature","id":"osm-node-14062929229","geometry":{"type":"Point","coordinates":[-79.6658083,43.5479481]},"properties":{"kind":"path-intersection","buildingCode":null,"floor":null,"accessibility":"unknown","metadata":{"source":"OpenStreetMap","sourceUrl":"https://www.openstreetmap.org/node/14062929229","lastVerified":"2026-08-10","verificationStatus":"verified"}}},{"type":"Feature","id":"osm-node-14062929230","geometry":{"type":"Point","coordinates":[-79.6658331,43.5478028]},"properties":{"kind":"path-intersection","buildingCode":null,"floor":null,"accessibility":"unknown","metadata":{"source":"OpenStreetMap","sourceUrl":"https://www.openstreetmap.org/node/14062929230","lastVerified":"2026-08-10","verificationStatus":"verified"}}},{"type":"Feature","id":"osm-node-14062929231","geometry":{"type":"Point","coordinates":[-79.6657344,43.5478657]},"properties":{"kind":"path-intersection","buildingCode":null,"floor":null,"accessibility":"unknown","metadata":{"source":"OpenStreetMap","sourceUrl":"https://www.openstreetmap.org/node/14062929231","lastVerified":"2026-08-10","verificationStatus":"verified"}}},{"type":"Feature","id":"osm-node-14062929234","geometry":{"type":"Point","coordinates":[-79.665633,43.5477626]},"properties":{"kind":"path-intersection","buildingCode":null,"floor":null,"accessibility":"unknown","metadata":{"source":"OpenStreetMap","sourceUrl":"https://www.openstreetmap.org/node/14062929234","lastVerified":"2026-08-10","verificationStatus":"verified"}}},{"type":"Feature","id":"osm-node-14062929235","geometry":{"type":"Point","coordinates":[-79.6656126,43.5476705]},"properties":{"kind":"path-intersection","buildingCode":null,"floor":null,"accessibility":"unknown","metadata":{"source":"OpenStreetMap","sourceUrl":"https://www.openstreetmap.org/node/14062929235","lastVerified":"2026-08-10","verificationStatus":"verified"}}},{"type":"Feature","id":"osm-node-14062929236","geometry":{"type":"Point","coordinates":[-79.6655774,43.5476941]},"properties":{"kind":"path-intersection","buildingCode":null,"floor":null,"accessibility":"unknown","metadata":{"source":"OpenStreetMap","sourceUrl":"https://www.openstreetmap.org/node/14062929236","lastVerified":"2026-08-10","verificationStatus":"verified"}}},{"type":"Feature","id":"osm-node-14062929237","geometry":{"type":"Point","coordinates":[-79.66603,43.5480592]},"properties":{"kind":"path-intersection","buildingCode":null,"floor":null,"accessibility":"unknown","metadata":{"source":"OpenStreetMap","sourceUrl":"https://www.openstreetmap.org/node/14062929237","lastVerified":"2026-08-10","verificationStatus":"verified"}}},{"type":"Feature","id":"osm-node-14062929238","geometry":{"type":"Point","coordinates":[-79.6661257,43.5481211]},"properties":{"kind":"path-intersection","buildingCode":null,"floor":null,"accessibility":"unknown","metadata":{"source":"OpenStreetMap","sourceUrl":"https://www.openstreetmap.org/node/14062929238","lastVerified":"2026-08-10","verificationStatus":"verified"}}},{"type":"Feature","id":"osm-node-14062929239","geometry":{"type":"Point","coordinates":[-79.6659418,43.5481329]},"properties":{"kind":"path-intersection","buildingCode":null,"floor":null,"accessibility":"unknown","metadata":{"source":"OpenStreetMap","sourceUrl":"https://www.openstreetmap.org/node/14062929239","lastVerified":"2026-08-10","verificationStatus":"verified"}}},{"type":"Feature","id":"osm-node-14062929240","geometry":{"type":"Point","coordinates":[-79.666025,43.5481842]},"properties":{"kind":"path-intersection","buildingCode":null,"floor":null,"accessibility":"unknown","metadata":{"source":"OpenStreetMap","sourceUrl":"https://www.openstreetmap.org/node/14062929240","lastVerified":"2026-08-10","verificationStatus":"verified"}}},{"type":"Feature","id":"osm-node-14062929241","geometry":{"type":"Point","coordinates":[-79.6659042,43.5476901]},"properties":{"kind":"path-intersection","buildingCode":null,"floor":null,"accessibility":"unknown","metadata":{"source":"OpenStreetMap","sourceUrl":"https://www.openstreetmap.org/node/14062929241","lastVerified":"2026-08-10","verificationStatus":"verified"}}},{"type":"Feature","id":"osm-node-14062929242","geometry":{"type":"Point","coordinates":[-79.6658214,43.5476377]},"properties":{"kind":"path-intersection","buildingCode":null,"floor":null,"accessibility":"unknown","metadata":{"source":"OpenStreetMap","sourceUrl":"https://www.openstreetmap.org/node/14062929242","lastVerified":"2026-08-10","verificationStatus":"verified"}}},{"type":"Feature","id":"osm-node-14062962301","geometry":{"type":"Point","coordinates":[-79.6632803,43.5458035]},"properties":{"kind":"path-intersection","buildingCode":null,"floor":null,"accessibility":"unknown","metadata":{"source":"OpenStreetMap","sourceUrl":"https://www.openstreetmap.org/node/14062962301","lastVerified":"2026-08-10","verificationStatus":"verified"}}},{"type":"Feature","id":"osm-node-14062962302","geometry":{"type":"Point","coordinates":[-79.6632264,43.5458909]},"properties":{"kind":"path-intersection","buildingCode":null,"floor":null,"accessibility":"unknown","metadata":{"source":"OpenStreetMap","sourceUrl":"https://www.openstreetmap.org/node/14062962302","lastVerified":"2026-08-10","verificationStatus":"verified"}}},{"type":"Feature","id":"osm-node-14062962303","geometry":{"type":"Point","coordinates":[-79.663154,43.5457613]},"properties":{"kind":"path-intersection","buildingCode":null,"floor":null,"accessibility":"unknown","metadata":{"source":"OpenStreetMap","sourceUrl":"https://www.openstreetmap.org/node/14062962303","lastVerified":"2026-08-10","verificationStatus":"verified"}}},{"type":"Feature","id":"osm-node-14062962304","geometry":{"type":"Point","coordinates":[-79.663155,43.5457397]},"properties":{"kind":"path-intersection","buildingCode":null,"floor":null,"accessibility":"unknown","metadata":{"source":"OpenStreetMap","sourceUrl":"https://www.openstreetmap.org/node/14062962304","lastVerified":"2026-08-10","verificationStatus":"verified"}}},{"type":"Feature","id":"osm-node-14062962305","geometry":{"type":"Point","coordinates":[-79.6631606,43.5459151]},"properties":{"kind":"path-intersection","buildingCode":null,"floor":null,"accessibility":"unknown","metadata":{"source":"OpenStreetMap","sourceUrl":"https://www.openstreetmap.org/node/14062962305","lastVerified":"2026-08-10","verificationStatus":"verified"}}},{"type":"Feature","id":"osm-node-14062962306","geometry":{"type":"Point","coordinates":[-79.6630664,43.5458782]},"properties":{"kind":"path-intersection","buildingCode":null,"floor":null,"accessibility":"unknown","metadata":{"source":"OpenStreetMap","sourceUrl":"https://www.openstreetmap.org/node/14062962306","lastVerified":"2026-08-10","verificationStatus":"verified"}}},{"type":"Feature","id":"osm-node-14062962307","geometry":{"type":"Point","coordinates":[-79.6634129,43.5459685]},"properties":{"kind":"path-intersection","buildingCode":null,"floor":null,"accessibility":"unknown","metadata":{"source":"OpenStreetMap","sourceUrl":"https://www.openstreetmap.org/node/14062962307","lastVerified":"2026-08-10","verificationStatus":"verified"}}},{"type":"Feature","id":"osm-node-14062962308","geometry":{"type":"Point","coordinates":[-79.6633607,43.5459752]},"properties":{"kind":"path-intersection","buildingCode":null,"floor":null,"accessibility":"unknown","metadata":{"source":"OpenStreetMap","sourceUrl":"https://www.openstreetmap.org/node/14062962308","lastVerified":"2026-08-10","verificationStatus":"verified"}}},{"type":"Feature","id":"osm-node-14062962309","geometry":{"type":"Point","coordinates":[-79.6633168,43.545967]},"properties":{"kind":"path-intersection","buildingCode":null,"floor":null,"accessibility":"unknown","metadata":{"source":"OpenStreetMap","sourceUrl":"https://www.openstreetmap.org/node/14062962309","lastVerified":"2026-08-10","verificationStatus":"verified"}}},{"type":"Feature","id":"osm-node-14062962310","geometry":{"type":"Point","coordinates":[-79.6632739,43.54597]},"properties":{"kind":"path-intersection","buildingCode":null,"floor":null,"accessibility":"unknown","metadata":{"source":"OpenStreetMap","sourceUrl":"https://www.openstreetmap.org/node/14062962310","lastVerified":"2026-08-10","verificationStatus":"verified"}}},{"type":"Feature","id":"osm-node-14062962311","geometry":{"type":"Point","coordinates":[-79.6632434,43.5459764]},"properties":{"kind":"path-intersection","buildingCode":null,"floor":null,"accessibility":"unknown","metadata":{"source":"OpenStreetMap","sourceUrl":"https://www.openstreetmap.org/node/14062962311","lastVerified":"2026-08-10","verificationStatus":"verified"}}},{"type":"Feature","id":"osm-node-14062962312","geometry":{"type":"Point","coordinates":[-79.6631679,43.5460022]},"properties":{"kind":"path-intersection","buildingCode":null,"floor":null,"accessibility":"unknown","metadata":{"source":"OpenStreetMap","sourceUrl":"https://www.openstreetmap.org/node/14062962312","lastVerified":"2026-08-10","verificationStatus":"verified"}}},{"type":"Feature","id":"osm-node-14062962313","geometry":{"type":"Point","coordinates":[-79.6630857,43.5460385]},"properties":{"kind":"path-intersection","buildingCode":null,"floor":null,"accessibility":"unknown","metadata":{"source":"OpenStreetMap","sourceUrl":"https://www.openstreetmap.org/node/14062962313","lastVerified":"2026-08-10","verificationStatus":"verified"}}},{"type":"Feature","id":"osm-node-14062962314","geometry":{"type":"Point","coordinates":[-79.6630077,43.5460752]},"properties":{"kind":"path-intersection","buildingCode":null,"floor":null,"accessibility":"unknown","metadata":{"source":"OpenStreetMap","sourceUrl":"https://www.openstreetmap.org/node/14062962314","lastVerified":"2026-08-10","verificationStatus":"verified"}}},{"type":"Feature","id":"osm-node-14062962315","geometry":{"type":"Point","coordinates":[-79.6629524,43.5461138]},"properties":{"kind":"path-intersection","buildingCode":null,"floor":null,"accessibility":"unknown","metadata":{"source":"OpenStreetMap","sourceUrl":"https://www.openstreetmap.org/node/14062962315","lastVerified":"2026-08-10","verificationStatus":"verified"}}},{"type":"Feature","id":"osm-node-14062962316","geometry":{"type":"Point","coordinates":[-79.6629023,43.5461659]},"properties":{"kind":"path-intersection","buildingCode":null,"floor":null,"accessibility":"unknown","metadata":{"source":"OpenStreetMap","sourceUrl":"https://www.openstreetmap.org/node/14062962316","lastVerified":"2026-08-10","verificationStatus":"verified"}}},{"type":"Feature","id":"osm-node-14062962317","geometry":{"type":"Point","coordinates":[-79.6628687,43.5462217]},"properties":{"kind":"path-intersection","buildingCode":null,"floor":null,"accessibility":"unknown","metadata":{"source":"OpenStreetMap","sourceUrl":"https://www.openstreetmap.org/node/14062962317","lastVerified":"2026-08-10","verificationStatus":"verified"}}},{"type":"Feature","id":"osm-node-14062962318","geometry":{"type":"Point","coordinates":[-79.6628506,43.5462592]},"properties":{"kind":"path-intersection","buildingCode":null,"floor":null,"accessibility":"unknown","metadata":{"source":"OpenStreetMap","sourceUrl":"https://www.openstreetmap.org/node/14062962318","lastVerified":"2026-08-10","verificationStatus":"verified"}}},{"type":"Feature","id":"osm-node-14062962319","geometry":{"type":"Point","coordinates":[-79.662831,43.5463086]},"properties":{"kind":"path-intersection","buildingCode":null,"floor":null,"accessibility":"unknown","metadata":{"source":"OpenStreetMap","sourceUrl":"https://www.openstreetmap.org/node/14062962319","lastVerified":"2026-08-10","verificationStatus":"verified"}}},{"type":"Feature","id":"osm-node-14062962320","geometry":{"type":"Point","coordinates":[-79.6628211,43.5463419]},"properties":{"kind":"path-intersection","buildingCode":null,"floor":null,"accessibility":"unknown","metadata":{"source":"OpenStreetMap","sourceUrl":"https://www.openstreetmap.org/node/14062962320","lastVerified":"2026-08-10","verificationStatus":"verified"}}},{"type":"Feature","id":"osm-node-14062962321","geometry":{"type":"Point","coordinates":[-79.662807,43.5463574]},"properties":{"kind":"path-intersection","buildingCode":null,"floor":null,"accessibility":"unknown","metadata":{"source":"OpenStreetMap","sourceUrl":"https://www.openstreetmap.org/node/14062962321","lastVerified":"2026-08-10","verificationStatus":"verified"}}},{"type":"Feature","id":"osm-node-14062962322","geometry":{"type":"Point","coordinates":[-79.6628603,43.546239]},"properties":{"kind":"path-intersection","buildingCode":null,"floor":null,"accessibility":"unknown","metadata":{"source":"OpenStreetMap","sourceUrl":"https://www.openstreetmap.org/node/14062962322","lastVerified":"2026-08-10","verificationStatus":"verified"}}},{"type":"Feature","id":"osm-node-14062962323","geometry":{"type":"Point","coordinates":[-79.6628971,43.5462489]},"properties":{"kind":"path-intersection","buildingCode":null,"floor":null,"accessibility":"unknown","metadata":{"source":"OpenStreetMap","sourceUrl":"https://www.openstreetmap.org/node/14062962323","lastVerified":"2026-08-10","verificationStatus":"verified"}}},{"type":"Feature","id":"osm-node-14062962324","geometry":{"type":"Point","coordinates":[-79.6629177,43.5461499]},"properties":{"kind":"path-intersection","buildingCode":null,"floor":null,"accessibility":"unknown","metadata":{"source":"OpenStreetMap","sourceUrl":"https://www.openstreetmap.org/node/14062962324","lastVerified":"2026-08-10","verificationStatus":"verified"}}},{"type":"Feature","id":"osm-node-14062962325","geometry":{"type":"Point","coordinates":[-79.6629906,43.5461725]},"properties":{"kind":"path-intersection","buildingCode":null,"floor":null,"accessibility":"unknown","metadata":{"source":"OpenStreetMap","sourceUrl":"https://www.openstreetmap.org/node/14062962325","lastVerified":"2026-08-10","verificationStatus":"verified"}}},{"type":"Feature","id":"osm-node-14062962326","geometry":{"type":"Point","coordinates":[-79.663099,43.5461054]},"properties":{"kind":"path-intersection","buildingCode":null,"floor":null,"accessibility":"unknown","metadata":{"source":"OpenStreetMap","sourceUrl":"https://www.openstreetmap.org/node/14062962326","lastVerified":"2026-08-10","verificationStatus":"verified"}}},{"type":"Feature","id":"osm-node-14062962327","geometry":{"type":"Point","coordinates":[-79.6631363,43.5460162]},"properties":{"kind":"path-intersection","buildingCode":null,"floor":null,"accessibility":"unknown","metadata":{"source":"OpenStreetMap","sourceUrl":"https://www.openstreetmap.org/node/14062962327","lastVerified":"2026-08-10","verificationStatus":"verified"}}},{"type":"Feature","id":"osm-node-14062962328","geometry":{"type":"Point","coordinates":[-79.6632428,43.5460403]},"properties":{"kind":"path-intersection","buildingCode":null,"floor":null,"accessibility":"unknown","metadata":{"source":"OpenStreetMap","sourceUrl":"https://www.openstreetmap.org/node/14062962328","lastVerified":"2026-08-10","verificationStatus":"verified"}}},{"type":"Feature","id":"osm-node-14062962329","geometry":{"type":"Point","coordinates":[-79.6633503,43.5459249]},"properties":{"kind":"path-intersection","buildingCode":null,"floor":null,"accessibility":"unknown","metadata":{"source":"OpenStreetMap","sourceUrl":"https://www.openstreetmap.org/node/14062962329","lastVerified":"2026-08-10","verificationStatus":"verified"}}},{"type":"Feature","id":"osm-node-14062962330","geometry":{"type":"Point","coordinates":[-79.6633236,43.5459524]},"properties":{"kind":"path-intersection","buildingCode":null,"floor":null,"accessibility":"unknown","metadata":{"source":"OpenStreetMap","sourceUrl":"https://www.openstreetmap.org/node/14062962330","lastVerified":"2026-08-10","verificationStatus":"verified"}}},{"type":"Feature","id":"osm-node-14062962331","geometry":{"type":"Point","coordinates":[-79.6633119,43.5459673]},"properties":{"kind":"path-intersection","buildingCode":null,"floor":null,"accessibility":"unknown","metadata":{"source":"OpenStreetMap","sourceUrl":"https://www.openstreetmap.org/node/14062962331","lastVerified":"2026-08-10","verificationStatus":"verified"}}},{"type":"Feature","id":"osm-node-14062962332","geometry":{"type":"Point","coordinates":[-79.6632863,43.5460113]},"properties":{"kind":"path-intersection","buildingCode":null,"floor":null,"accessibility":"unknown","metadata":{"source":"OpenStreetMap","sourceUrl":"https://www.openstreetmap.org/node/14062962332","lastVerified":"2026-08-10","verificationStatus":"verified"}}},{"type":"Feature","id":"osm-node-14062962333","geometry":{"type":"Point","coordinates":[-79.662767,43.5462218]},"properties":{"kind":"path-intersection","buildingCode":null,"floor":null,"accessibility":"unknown","metadata":{"source":"OpenStreetMap","sourceUrl":"https://www.openstreetmap.org/node/14062962333","lastVerified":"2026-08-10","verificationStatus":"verified"}}},{"type":"Feature","id":"osm-node-14062962334","geometry":{"type":"Point","coordinates":[-79.662695,43.546198]},"properties":{"kind":"path-intersection","buildingCode":null,"floor":null,"accessibility":"unknown","metadata":{"source":"OpenStreetMap","sourceUrl":"https://www.openstreetmap.org/node/14062962334","lastVerified":"2026-08-10","verificationStatus":"verified"}}},{"type":"Feature","id":"osm-node-14062977277","geometry":{"type":"Point","coordinates":[-79.6613493,43.5462696]},"properties":{"kind":"path-intersection","buildingCode":null,"floor":null,"accessibility":"unknown","metadata":{"source":"OpenStreetMap","sourceUrl":"https://www.openstreetmap.org/node/14062977277","lastVerified":"2026-08-10","verificationStatus":"verified"}}},{"type":"Feature","id":"osm-node-14062977278","geometry":{"type":"Point","coordinates":[-79.6611364,43.5462413]},"properties":{"kind":"path-intersection","buildingCode":null,"floor":null,"accessibility":"unknown","metadata":{"source":"OpenStreetMap","sourceUrl":"https://www.openstreetmap.org/node/14062977278","lastVerified":"2026-08-10","verificationStatus":"verified"}}},{"type":"Feature","id":"osm-node-14062977280","geometry":{"type":"Point","coordinates":[-79.660796,43.5460115]},"properties":{"kind":"path-intersection","buildingCode":null,"floor":null,"accessibility":"unknown","metadata":{"source":"OpenStreetMap","sourceUrl":"https://www.openstreetmap.org/node/14062977280","lastVerified":"2026-08-10","verificationStatus":"verified"}}},{"type":"Feature","id":"osm-node-14062977281","geometry":{"type":"Point","coordinates":[-79.6607685,43.5460031]},"properties":{"kind":"path-intersection","buildingCode":null,"floor":null,"accessibility":"unknown","metadata":{"source":"OpenStreetMap","sourceUrl":"https://www.openstreetmap.org/node/14062977281","lastVerified":"2026-08-10","verificationStatus":"verified"}}},{"type":"Feature","id":"osm-node-14062977282","geometry":{"type":"Point","coordinates":[-79.6607374,43.5460186]},"properties":{"kind":"path-intersection","buildingCode":null,"floor":null,"accessibility":"unknown","metadata":{"source":"OpenStreetMap","sourceUrl":"https://www.openstreetmap.org/node/14062977282","lastVerified":"2026-08-10","verificationStatus":"verified"}}},{"type":"Feature","id":"osm-node-14062977283","geometry":{"type":"Point","coordinates":[-79.6606586,43.5460615]},"properties":{"kind":"path-intersection","buildingCode":null,"floor":null,"accessibility":"unknown","metadata":{"source":"OpenStreetMap","sourceUrl":"https://www.openstreetmap.org/node/14062977283","lastVerified":"2026-08-10","verificationStatus":"verified"}}},{"type":"Feature","id":"osm-node-14062977284","geometry":{"type":"Point","coordinates":[-79.6623534,43.5456899]},"properties":{"kind":"path-intersection","buildingCode":null,"floor":null,"accessibility":"unknown","metadata":{"source":"OpenStreetMap","sourceUrl":"https://www.openstreetmap.org/node/14062977284","lastVerified":"2026-08-10","verificationStatus":"verified"}}},{"type":"Feature","id":"osm-node-14062977285","geometry":{"type":"Point","coordinates":[-79.6623402,43.5456791]},"properties":{"kind":"path-intersection","buildingCode":null,"floor":null,"accessibility":"unknown","metadata":{"source":"OpenStreetMap","sourceUrl":"https://www.openstreetmap.org/node/14062977285","lastVerified":"2026-08-10","verificationStatus":"verified"}}},{"type":"Feature","id":"osm-node-14062977286","geometry":{"type":"Point","coordinates":[-79.6623349,43.5456685]},"properties":{"kind":"path-intersection","buildingCode":null,"floor":null,"accessibility":"unknown","metadata":{"source":"OpenStreetMap","sourceUrl":"https://www.openstreetmap.org/node/14062977286","lastVerified":"2026-08-10","verificationStatus":"verified"}}},{"type":"Feature","id":"osm-node-14062977287","geometry":{"type":"Point","coordinates":[-79.6623336,43.5456563]},"properties":{"kind":"path-intersection","buildingCode":null,"floor":null,"accessibility":"unknown","metadata":{"source":"OpenStreetMap","sourceUrl":"https://www.openstreetmap.org/node/14062977287","lastVerified":"2026-08-10","verificationStatus":"verified"}}},{"type":"Feature","id":"osm-node-14062977288","geometry":{"type":"Point","coordinates":[-79.6623225,43.5456521]},"properties":{"kind":"path-intersection","buildingCode":null,"floor":null,"accessibility":"unknown","metadata":{"source":"OpenStreetMap","sourceUrl":"https://www.openstreetmap.org/node/14062977288","lastVerified":"2026-08-10","verificationStatus":"verified"}}},{"type":"Feature","id":"osm-node-14062977289","geometry":{"type":"Point","coordinates":[-79.6623132,43.5456592]},"properties":{"kind":"path-intersection","buildingCode":null,"floor":null,"accessibility":"unknown","metadata":{"source":"OpenStreetMap","sourceUrl":"https://www.openstreetmap.org/node/14062977289","lastVerified":"2026-08-10","verificationStatus":"verified"}}},{"type":"Feature","id":"osm-node-14062977290","geometry":{"type":"Point","coordinates":[-79.6623097,43.545672]},"properties":{"kind":"path-intersection","buildingCode":null,"floor":null,"accessibility":"unknown","metadata":{"source":"OpenStreetMap","sourceUrl":"https://www.openstreetmap.org/node/14062977290","lastVerified":"2026-08-10","verificationStatus":"verified"}}},{"type":"Feature","id":"osm-node-14062977291","geometry":{"type":"Point","coordinates":[-79.6622968,43.5456881]},"properties":{"kind":"path-intersection","buildingCode":null,"floor":null,"accessibility":"unknown","metadata":{"source":"OpenStreetMap","sourceUrl":"https://www.openstreetmap.org/node/14062977291","lastVerified":"2026-08-10","verificationStatus":"verified"}}},{"type":"Feature","id":"osm-node-14062977292","geometry":{"type":"Point","coordinates":[-79.6622698,43.5457096]},"properties":{"kind":"path-intersection","buildingCode":null,"floor":null,"accessibility":"unknown","metadata":{"source":"OpenStreetMap","sourceUrl":"https://www.openstreetmap.org/node/14062977292","lastVerified":"2026-08-10","verificationStatus":"verified"}}},{"type":"Feature","id":"osm-node-14062977293","geometry":{"type":"Point","coordinates":[-79.6622423,43.5457144]},"properties":{"kind":"path-intersection","buildingCode":null,"floor":null,"accessibility":"unknown","metadata":{"source":"OpenStreetMap","sourceUrl":"https://www.openstreetmap.org/node/14062977293","lastVerified":"2026-08-10","verificationStatus":"verified"}}},{"type":"Feature","id":"osm-node-14062977294","geometry":{"type":"Point","coordinates":[-79.6622042,43.5457195]},"properties":{"kind":"path-intersection","buildingCode":null,"floor":null,"accessibility":"unknown","metadata":{"source":"OpenStreetMap","sourceUrl":"https://www.openstreetmap.org/node/14062977294","lastVerified":"2026-08-10","verificationStatus":"verified"}}},{"type":"Feature","id":"osm-node-14062977295","geometry":{"type":"Point","coordinates":[-79.6621785,43.5457285]},"properties":{"kind":"path-intersection","buildingCode":null,"floor":null,"accessibility":"unknown","metadata":{"source":"OpenStreetMap","sourceUrl":"https://www.openstreetmap.org/node/14062977295","lastVerified":"2026-08-10","verificationStatus":"verified"}}},{"type":"Feature","id":"osm-node-14062977296","geometry":{"type":"Point","coordinates":[-79.662155,43.5457407]},"properties":{"kind":"path-intersection","buildingCode":null,"floor":null,"accessibility":"unknown","metadata":{"source":"OpenStreetMap","sourceUrl":"https://www.openstreetmap.org/node/14062977296","lastVerified":"2026-08-10","verificationStatus":"verified"}}},{"type":"Feature","id":"osm-node-14062977297","geometry":{"type":"Point","coordinates":[-79.6621329,43.5457546]},"properties":{"kind":"path-intersection","buildingCode":null,"floor":null,"accessibility":"unknown","metadata":{"source":"OpenStreetMap","sourceUrl":"https://www.openstreetmap.org/node/14062977297","lastVerified":"2026-08-10","verificationStatus":"verified"}}},{"type":"Feature","id":"osm-node-14062977298","geometry":{"type":"Point","coordinates":[-79.6621165,43.545768]},"properties":{"kind":"path-intersection","buildingCode":null,"floor":null,"accessibility":"unknown","metadata":{"source":"OpenStreetMap","sourceUrl":"https://www.openstreetmap.org/node/14062977298","lastVerified":"2026-08-10","verificationStatus":"verified"}}},{"type":"Feature","id":"osm-node-14062977299","geometry":{"type":"Point","coordinates":[-79.6620956,43.5457729]},"properties":{"kind":"path-intersection","buildingCode":null,"floor":null,"accessibility":"unknown","metadata":{"source":"OpenStreetMap","sourceUrl":"https://www.openstreetmap.org/node/14062977299","lastVerified":"2026-08-10","verificationStatus":"verified"}}},{"type":"Feature","id":"osm-node-14062977300","geometry":{"type":"Point","coordinates":[-79.6620566,43.5457844]},"properties":{"kind":"path-intersection","buildingCode":null,"floor":null,"accessibility":"unknown","metadata":{"source":"OpenStreetMap","sourceUrl":"https://www.openstreetmap.org/node/14062977300","lastVerified":"2026-08-10","verificationStatus":"verified"}}},{"type":"Feature","id":"osm-node-14062982101","geometry":{"type":"Point","coordinates":[-79.6620323,43.5457966]},"properties":{"kind":"path-intersection","buildingCode":null,"floor":null,"accessibility":"unknown","metadata":{"source":"OpenStreetMap","sourceUrl":"https://www.openstreetmap.org/node/14062982101","lastVerified":"2026-08-10","verificationStatus":"verified"}}},{"type":"Feature","id":"osm-node-14062982102","geometry":{"type":"Point","coordinates":[-79.6620123,43.5458024]},"properties":{"kind":"path-intersection","buildingCode":null,"floor":null,"accessibility":"unknown","metadata":{"source":"OpenStreetMap","sourceUrl":"https://www.openstreetmap.org/node/14062982102","lastVerified":"2026-08-10","verificationStatus":"verified"}}},{"type":"Feature","id":"osm-node-14062982103","geometry":{"type":"Point","coordinates":[-79.6619761,43.5458027]},"properties":{"kind":"path-intersection","buildingCode":null,"floor":null,"accessibility":"unknown","metadata":{"source":"OpenStreetMap","sourceUrl":"https://www.openstreetmap.org/node/14062982103","lastVerified":"2026-08-10","verificationStatus":"verified"}}},{"type":"Feature","id":"osm-node-14062982104","geometry":{"type":"Point","coordinates":[-79.6620269,43.5458169]},"properties":{"kind":"path-intersection","buildingCode":null,"floor":null,"accessibility":"unknown","metadata":{"source":"OpenStreetMap","sourceUrl":"https://www.openstreetmap.org/node/14062982104","lastVerified":"2026-08-10","verificationStatus":"verified"}}},{"type":"Feature","id":"osm-node-14062982105","geometry":{"type":"Point","coordinates":[-79.6620389,43.5458307]},"properties":{"kind":"path-intersection","buildingCode":null,"floor":null,"accessibility":"unknown","metadata":{"source":"OpenStreetMap","sourceUrl":"https://www.openstreetmap.org/node/14062982105","lastVerified":"2026-08-10","verificationStatus":"verified"}}},{"type":"Feature","id":"osm-node-14062982106","geometry":{"type":"Point","coordinates":[-79.6620487,43.5458458]},"properties":{"kind":"path-intersection","buildingCode":null,"floor":null,"accessibility":"unknown","metadata":{"source":"OpenStreetMap","sourceUrl":"https://www.openstreetmap.org/node/14062982106","lastVerified":"2026-08-10","verificationStatus":"verified"}}},{"type":"Feature","id":"osm-node-14062982107","geometry":{"type":"Point","coordinates":[-79.6620469,43.545858]},"properties":{"kind":"path-intersection","buildingCode":null,"floor":null,"accessibility":"unknown","metadata":{"source":"OpenStreetMap","sourceUrl":"https://www.openstreetmap.org/node/14062982107","lastVerified":"2026-08-10","verificationStatus":"verified"}}},{"type":"Feature","id":"osm-node-14062982108","geometry":{"type":"Point","coordinates":[-79.6620354,43.5458673]},"properties":{"kind":"path-intersection","buildingCode":null,"floor":null,"accessibility":"unknown","metadata":{"source":"OpenStreetMap","sourceUrl":"https://www.openstreetmap.org/node/14062982108","lastVerified":"2026-08-10","verificationStatus":"verified"}}},{"type":"Feature","id":"osm-node-14062982109","geometry":{"type":"Point","coordinates":[-79.6620145,43.5458763]},"properties":{"kind":"path-intersection","buildingCode":null,"floor":null,"accessibility":"unknown","metadata":{"source":"OpenStreetMap","sourceUrl":"https://www.openstreetmap.org/node/14062982109","lastVerified":"2026-08-10","verificationStatus":"verified"}}},{"type":"Feature","id":"osm-node-14062982110","geometry":{"type":"Point","coordinates":[-79.6619884,43.5458747]},"properties":{"kind":"path-intersection","buildingCode":null,"floor":null,"accessibility":"unknown","metadata":{"source":"OpenStreetMap","sourceUrl":"https://www.openstreetmap.org/node/14062982110","lastVerified":"2026-08-10","verificationStatus":"verified"}}},{"type":"Feature","id":"osm-node-14062982111","geometry":{"type":"Point","coordinates":[-79.6619559,43.5458633]},"properties":{"kind":"path-intersection","buildingCode":null,"floor":null,"accessibility":"unknown","metadata":{"source":"OpenStreetMap","sourceUrl":"https://www.openstreetmap.org/node/14062982111","lastVerified":"2026-08-10","verificationStatus":"verified"}}},{"type":"Feature","id":"osm-node-14062982112","geometry":{"type":"Point","coordinates":[-79.6620646,43.5458455]},"properties":{"kind":"path-intersection","buildingCode":null,"floor":null,"accessibility":"unknown","metadata":{"source":"OpenStreetMap","sourceUrl":"https://www.openstreetmap.org/node/14062982112","lastVerified":"2026-08-10","verificationStatus":"verified"}}},{"type":"Feature","id":"osm-node-14062982113","geometry":{"type":"Point","coordinates":[-79.6620797,43.5458522]},"properties":{"kind":"path-intersection","buildingCode":null,"floor":null,"accessibility":"unknown","metadata":{"source":"OpenStreetMap","sourceUrl":"https://www.openstreetmap.org/node/14062982113","lastVerified":"2026-08-10","verificationStatus":"verified"}}},{"type":"Feature","id":"osm-node-14062982114","geometry":{"type":"Point","coordinates":[-79.6620868,43.5458602]},"properties":{"kind":"path-intersection","buildingCode":null,"floor":null,"accessibility":"unknown","metadata":{"source":"OpenStreetMap","sourceUrl":"https://www.openstreetmap.org/node/14062982114","lastVerified":"2026-08-10","verificationStatus":"verified"}}},{"type":"Feature","id":"osm-node-14062982115","geometry":{"type":"Point","coordinates":[-79.6620181,43.5458869]},"properties":{"kind":"path-intersection","buildingCode":null,"floor":null,"accessibility":"unknown","metadata":{"source":"OpenStreetMap","sourceUrl":"https://www.openstreetmap.org/node/14062982115","lastVerified":"2026-08-10","verificationStatus":"verified"}}},{"type":"Feature","id":"osm-node-14062982116","geometry":{"type":"Point","coordinates":[-79.662038,43.545902]},"properties":{"kind":"path-intersection","buildingCode":null,"floor":null,"accessibility":"unknown","metadata":{"source":"OpenStreetMap","sourceUrl":"https://www.openstreetmap.org/node/14062982116","lastVerified":"2026-08-10","verificationStatus":"verified"}}},{"type":"Feature","id":"osm-node-14062982117","geometry":{"type":"Point","coordinates":[-79.6621918,43.5457626]},"properties":{"kind":"path-intersection","buildingCode":null,"floor":null,"accessibility":"unknown","metadata":{"source":"OpenStreetMap","sourceUrl":"https://www.openstreetmap.org/node/14062982117","lastVerified":"2026-08-10","verificationStatus":"verified"}}},{"type":"Feature","id":"osm-node-14062982118","geometry":{"type":"Point","coordinates":[-79.6621851,43.5457783]},"properties":{"kind":"path-intersection","buildingCode":null,"floor":null,"accessibility":"unknown","metadata":{"source":"OpenStreetMap","sourceUrl":"https://www.openstreetmap.org/node/14062982118","lastVerified":"2026-08-10","verificationStatus":"verified"}}},{"type":"Feature","id":"osm-node-14062982119","geometry":{"type":"Point","coordinates":[-79.6621705,43.5457915]},"properties":{"kind":"path-intersection","buildingCode":null,"floor":null,"accessibility":"unknown","metadata":{"source":"OpenStreetMap","sourceUrl":"https://www.openstreetmap.org/node/14062982119","lastVerified":"2026-08-10","verificationStatus":"verified"}}},{"type":"Feature","id":"osm-node-14062982120","geometry":{"type":"Point","coordinates":[-79.6621506,43.5457941]},"properties":{"kind":"path-intersection","buildingCode":null,"floor":null,"accessibility":"unknown","metadata":{"source":"OpenStreetMap","sourceUrl":"https://www.openstreetmap.org/node/14062982120","lastVerified":"2026-08-10","verificationStatus":"verified"}}},{"type":"Feature","id":"osm-node-14062982121","geometry":{"type":"Point","coordinates":[-79.6621306,43.5457889]},"properties":{"kind":"path-intersection","buildingCode":null,"floor":null,"accessibility":"unknown","metadata":{"source":"OpenStreetMap","sourceUrl":"https://www.openstreetmap.org/node/14062982121","lastVerified":"2026-08-10","verificationStatus":"verified"}}},{"type":"Feature","id":"osm-node-14062982122","geometry":{"type":"Point","coordinates":[-79.6623031,43.5457314]},"properties":{"kind":"path-intersection","buildingCode":null,"floor":null,"accessibility":"unknown","metadata":{"source":"OpenStreetMap","sourceUrl":"https://www.openstreetmap.org/node/14062982122","lastVerified":"2026-08-10","verificationStatus":"verified"}}},{"type":"Feature","id":"osm-node-14062982123","geometry":{"type":"Point","coordinates":[-79.6617934,43.5459949]},"properties":{"kind":"path-intersection","buildingCode":null,"floor":null,"accessibility":"unknown","metadata":{"source":"OpenStreetMap","sourceUrl":"https://www.openstreetmap.org/node/14062982123","lastVerified":"2026-08-10","verificationStatus":"verified"}}},{"type":"Feature","id":"osm-node-14062982124","geometry":{"type":"Point","coordinates":[-79.6618164,43.5460173]},"properties":{"kind":"path-intersection","buildingCode":null,"floor":null,"accessibility":"unknown","metadata":{"source":"OpenStreetMap","sourceUrl":"https://www.openstreetmap.org/node/14062982124","lastVerified":"2026-08-10","verificationStatus":"verified"}}},{"type":"Feature","id":"osm-node-14062982125","geometry":{"type":"Point","coordinates":[-79.6618204,43.5460321]},"properties":{"kind":"path-intersection","buildingCode":null,"floor":null,"accessibility":"unknown","metadata":{"source":"OpenStreetMap","sourceUrl":"https://www.openstreetmap.org/node/14062982125","lastVerified":"2026-08-10","verificationStatus":"verified"}}},{"type":"Feature","id":"osm-node-14062982126","geometry":{"type":"Point","coordinates":[-79.6618169,43.5460462]},"properties":{"kind":"path-intersection","buildingCode":null,"floor":null,"accessibility":"unknown","metadata":{"source":"OpenStreetMap","sourceUrl":"https://www.openstreetmap.org/node/14062982126","lastVerified":"2026-08-10","verificationStatus":"verified"}}},{"type":"Feature","id":"osm-node-14062982127","geometry":{"type":"Point","coordinates":[-79.6618063,43.5460552]},"properties":{"kind":"path-intersection","buildingCode":null,"floor":null,"accessibility":"unknown","metadata":{"source":"OpenStreetMap","sourceUrl":"https://www.openstreetmap.org/node/14062982127","lastVerified":"2026-08-10","verificationStatus":"verified"}}},{"type":"Feature","id":"osm-node-14062982128","geometry":{"type":"Point","coordinates":[-79.6617899,43.5460613]},"properties":{"kind":"path-intersection","buildingCode":null,"floor":null,"accessibility":"unknown","metadata":{"source":"OpenStreetMap","sourceUrl":"https://www.openstreetmap.org/node/14062982128","lastVerified":"2026-08-10","verificationStatus":"verified"}}},{"type":"Feature","id":"osm-node-14062982129","geometry":{"type":"Point","coordinates":[-79.6617615,43.5460587]},"properties":{"kind":"path-intersection","buildingCode":null,"floor":null,"accessibility":"unknown","metadata":{"source":"OpenStreetMap","sourceUrl":"https://www.openstreetmap.org/node/14062982129","lastVerified":"2026-08-10","verificationStatus":"verified"}}},{"type":"Feature","id":"osm-node-14062982130","geometry":{"type":"Point","coordinates":[-79.6616595,43.5460805]},"properties":{"kind":"path-intersection","buildingCode":null,"floor":null,"accessibility":"unknown","metadata":{"source":"OpenStreetMap","sourceUrl":"https://www.openstreetmap.org/node/14062982130","lastVerified":"2026-08-10","verificationStatus":"verified"}}},{"type":"Feature","id":"osm-node-14062982131","geometry":{"type":"Point","coordinates":[-79.6616746,43.5461024]},"properties":{"kind":"path-intersection","buildingCode":null,"floor":null,"accessibility":"unknown","metadata":{"source":"OpenStreetMap","sourceUrl":"https://www.openstreetmap.org/node/14062982131","lastVerified":"2026-08-10","verificationStatus":"verified"}}},{"type":"Feature","id":"osm-node-14062982132","geometry":{"type":"Point","coordinates":[-79.6616808,43.5461191]},"properties":{"kind":"path-intersection","buildingCode":null,"floor":null,"accessibility":"unknown","metadata":{"source":"OpenStreetMap","sourceUrl":"https://www.openstreetmap.org/node/14062982132","lastVerified":"2026-08-10","verificationStatus":"verified"}}},{"type":"Feature","id":"osm-node-14062982133","geometry":{"type":"Point","coordinates":[-79.6616777,43.5461316]},"properties":{"kind":"path-intersection","buildingCode":null,"floor":null,"accessibility":"unknown","metadata":{"source":"OpenStreetMap","sourceUrl":"https://www.openstreetmap.org/node/14062982133","lastVerified":"2026-08-10","verificationStatus":"verified"}}},{"type":"Feature","id":"osm-node-14062982134","geometry":{"type":"Point","coordinates":[-79.6616658,43.5461422]},"properties":{"kind":"path-intersection","buildingCode":null,"floor":null,"accessibility":"unknown","metadata":{"source":"OpenStreetMap","sourceUrl":"https://www.openstreetmap.org/node/14062982134","lastVerified":"2026-08-10","verificationStatus":"verified"}}},{"type":"Feature","id":"osm-node-14062982135","geometry":{"type":"Point","coordinates":[-79.6616441,43.5461487]},"properties":{"kind":"path-intersection","buildingCode":null,"floor":null,"accessibility":"unknown","metadata":{"source":"OpenStreetMap","sourceUrl":"https://www.openstreetmap.org/node/14062982135","lastVerified":"2026-08-10","verificationStatus":"verified"}}},{"type":"Feature","id":"osm-node-14062982136","geometry":{"type":"Point","coordinates":[-79.6616126,43.5461403]},"properties":{"kind":"path-intersection","buildingCode":null,"floor":null,"accessibility":"unknown","metadata":{"source":"OpenStreetMap","sourceUrl":"https://www.openstreetmap.org/node/14062982136","lastVerified":"2026-08-10","verificationStatus":"verified"}}},{"type":"Feature","id":"osm-node-14062982137","geometry":{"type":"Point","coordinates":[-79.6615904,43.5461234]},"properties":{"kind":"path-intersection","buildingCode":null,"floor":null,"accessibility":"unknown","metadata":{"source":"OpenStreetMap","sourceUrl":"https://www.openstreetmap.org/node/14062982137","lastVerified":"2026-08-10","verificationStatus":"verified"}}},{"type":"Feature","id":"osm-node-14062982138","geometry":{"type":"Point","coordinates":[-79.6615262,43.5461715]},"properties":{"kind":"path-intersection","buildingCode":null,"floor":null,"accessibility":"unknown","metadata":{"source":"OpenStreetMap","sourceUrl":"https://www.openstreetmap.org/node/14062982138","lastVerified":"2026-08-10","verificationStatus":"verified"}}},{"type":"Feature","id":"osm-node-14062982139","geometry":{"type":"Point","coordinates":[-79.6615519,43.5461885]},"properties":{"kind":"path-intersection","buildingCode":null,"floor":null,"accessibility":"unknown","metadata":{"source":"OpenStreetMap","sourceUrl":"https://www.openstreetmap.org/node/14062982139","lastVerified":"2026-08-10","verificationStatus":"verified"}}},{"type":"Feature","id":"osm-node-14062982140","geometry":{"type":"Point","coordinates":[-79.6615656,43.546209]},"properties":{"kind":"path-intersection","buildingCode":null,"floor":null,"accessibility":"unknown","metadata":{"source":"OpenStreetMap","sourceUrl":"https://www.openstreetmap.org/node/14062982140","lastVerified":"2026-08-10","verificationStatus":"verified"}}},{"type":"Feature","id":"osm-node-14062982141","geometry":{"type":"Point","coordinates":[-79.6615651,43.5462213]},"properties":{"kind":"path-intersection","buildingCode":null,"floor":null,"accessibility":"unknown","metadata":{"source":"OpenStreetMap","sourceUrl":"https://www.openstreetmap.org/node/14062982141","lastVerified":"2026-08-10","verificationStatus":"verified"}}},{"type":"Feature","id":"osm-node-14062982142","geometry":{"type":"Point","coordinates":[-79.6615585,43.5462293]},"properties":{"kind":"path-intersection","buildingCode":null,"floor":null,"accessibility":"unknown","metadata":{"source":"OpenStreetMap","sourceUrl":"https://www.openstreetmap.org/node/14062982142","lastVerified":"2026-08-10","verificationStatus":"verified"}}},{"type":"Feature","id":"osm-node-14062982143","geometry":{"type":"Point","coordinates":[-79.661543,43.5462396]},"properties":{"kind":"path-intersection","buildingCode":null,"floor":null,"accessibility":"unknown","metadata":{"source":"OpenStreetMap","sourceUrl":"https://www.openstreetmap.org/node/14062982143","lastVerified":"2026-08-10","verificationStatus":"verified"}}},{"type":"Feature","id":"osm-node-14062982144","geometry":{"type":"Point","coordinates":[-79.6615218,43.5462402]},"properties":{"kind":"path-intersection","buildingCode":null,"floor":null,"accessibility":"unknown","metadata":{"source":"OpenStreetMap","sourceUrl":"https://www.openstreetmap.org/node/14062982144","lastVerified":"2026-08-10","verificationStatus":"verified"}}},{"type":"Feature","id":"osm-node-14062982145","geometry":{"type":"Point","coordinates":[-79.6614978,43.5462357]},"properties":{"kind":"path-intersection","buildingCode":null,"floor":null,"accessibility":"unknown","metadata":{"source":"OpenStreetMap","sourceUrl":"https://www.openstreetmap.org/node/14062982145","lastVerified":"2026-08-10","verificationStatus":"verified"}}},{"type":"Feature","id":"osm-node-14062982146","geometry":{"type":"Point","coordinates":[-79.6614719,43.5462196]},"properties":{"kind":"path-intersection","buildingCode":null,"floor":null,"accessibility":"unknown","metadata":{"source":"OpenStreetMap","sourceUrl":"https://www.openstreetmap.org/node/14062982146","lastVerified":"2026-08-10","verificationStatus":"verified"}}},{"type":"Feature","id":"osm-node-14062982147","geometry":{"type":"Point","coordinates":[-79.6615856,43.546211]},"properties":{"kind":"path-intersection","buildingCode":null,"floor":null,"accessibility":"unknown","metadata":{"source":"OpenStreetMap","sourceUrl":"https://www.openstreetmap.org/node/14062982147","lastVerified":"2026-08-10","verificationStatus":"verified"}}},{"type":"Feature","id":"osm-node-14062982148","geometry":{"type":"Point","coordinates":[-79.6616046,43.5462242]},"properties":{"kind":"path-intersection","buildingCode":null,"floor":null,"accessibility":"unknown","metadata":{"source":"OpenStreetMap","sourceUrl":"https://www.openstreetmap.org/node/14062982148","lastVerified":"2026-08-10","verificationStatus":"verified"}}},{"type":"Feature","id":"osm-node-14062982149","geometry":{"type":"Point","coordinates":[-79.6615319,43.5462399]},"properties":{"kind":"path-intersection","buildingCode":null,"floor":null,"accessibility":"unknown","metadata":{"source":"OpenStreetMap","sourceUrl":"https://www.openstreetmap.org/node/14062982149","lastVerified":"2026-08-10","verificationStatus":"verified"}}},{"type":"Feature","id":"osm-node-14062982150","geometry":{"type":"Point","coordinates":[-79.6615319,43.5462495]},"properties":{"kind":"path-intersection","buildingCode":null,"floor":null,"accessibility":"unknown","metadata":{"source":"OpenStreetMap","sourceUrl":"https://www.openstreetmap.org/node/14062982150","lastVerified":"2026-08-10","verificationStatus":"verified"}}},{"type":"Feature","id":"osm-node-14062982151","geometry":{"type":"Point","coordinates":[-79.6615444,43.5462601]},"properties":{"kind":"path-intersection","buildingCode":null,"floor":null,"accessibility":"unknown","metadata":{"source":"OpenStreetMap","sourceUrl":"https://www.openstreetmap.org/node/14062982151","lastVerified":"2026-08-10","verificationStatus":"verified"}}},{"type":"Feature","id":"osm-node-14062982152","geometry":{"type":"Point","coordinates":[-79.6615545,43.5462669]},"properties":{"kind":"path-intersection","buildingCode":null,"floor":null,"accessibility":"unknown","metadata":{"source":"OpenStreetMap","sourceUrl":"https://www.openstreetmap.org/node/14062982152","lastVerified":"2026-08-10","verificationStatus":"verified"}}},{"type":"Feature","id":"osm-node-14062982153","geometry":{"type":"Point","coordinates":[-79.6614123,43.5463067]},"properties":{"kind":"path-intersection","buildingCode":null,"floor":null,"accessibility":"unknown","metadata":{"source":"OpenStreetMap","sourceUrl":"https://www.openstreetmap.org/node/14062982153","lastVerified":"2026-08-10","verificationStatus":"verified"}}},{"type":"Feature","id":"osm-node-14062982154","geometry":{"type":"Point","coordinates":[-79.6614776,43.5463421]},"properties":{"kind":"path-intersection","buildingCode":null,"floor":null,"accessibility":"unknown","metadata":{"source":"OpenStreetMap","sourceUrl":"https://www.openstreetmap.org/node/14062982154","lastVerified":"2026-08-10","verificationStatus":"verified"}}},{"type":"Feature","id":"osm-node-14062982155","geometry":{"type":"Point","coordinates":[-79.6607826,43.5460074]},"properties":{"kind":"path-intersection","buildingCode":null,"floor":null,"accessibility":"unknown","metadata":{"source":"OpenStreetMap","sourceUrl":"https://www.openstreetmap.org/node/14062982155","lastVerified":"2026-08-10","verificationStatus":"verified"}}},{"type":"Feature","id":"osm-node-14062982156","geometry":{"type":"Point","coordinates":[-79.6608179,43.5459628]},"properties":{"kind":"path-intersection","buildingCode":null,"floor":null,"accessibility":"unknown","metadata":{"source":"OpenStreetMap","sourceUrl":"https://www.openstreetmap.org/node/14062982156","lastVerified":"2026-08-10","verificationStatus":"verified"}}},{"type":"Feature","id":"osm-node-14062982157","geometry":{"type":"Point","coordinates":[-79.6610664,43.5457571]},"properties":{"kind":"path-intersection","buildingCode":null,"floor":null,"accessibility":"unknown","metadata":{"source":"OpenStreetMap","sourceUrl":"https://www.openstreetmap.org/node/14062982157","lastVerified":"2026-08-10","verificationStatus":"verified"}}},{"type":"Feature","id":"osm-node-14062982158","geometry":{"type":"Point","coordinates":[-79.6611475,43.5457674]},"properties":{"kind":"path-intersection","buildingCode":null,"floor":null,"accessibility":"unknown","metadata":{"source":"OpenStreetMap","sourceUrl":"https://www.openstreetmap.org/node/14062982158","lastVerified":"2026-08-10","verificationStatus":"verified"}}},{"type":"Feature","id":"osm-node-14062982159","geometry":{"type":"Point","coordinates":[-79.6609907,43.5458197]},"properties":{"kind":"path-intersection","buildingCode":null,"floor":null,"accessibility":"unknown","metadata":{"source":"OpenStreetMap","sourceUrl":"https://www.openstreetmap.org/node/14062982159","lastVerified":"2026-08-10","verificationStatus":"verified"}}},{"type":"Feature","id":"osm-node-14062982160","geometry":{"type":"Point","coordinates":[-79.6611567,43.5458202]},"properties":{"kind":"path-intersection","buildingCode":null,"floor":null,"accessibility":"unknown","metadata":{"source":"OpenStreetMap","sourceUrl":"https://www.openstreetmap.org/node/14062982160","lastVerified":"2026-08-10","verificationStatus":"verified"}}},{"type":"Feature","id":"osm-node-14062982161","geometry":{"type":"Point","coordinates":[-79.6610075,43.5458058]},"properties":{"kind":"path-intersection","buildingCode":null,"floor":null,"accessibility":"unknown","metadata":{"source":"OpenStreetMap","sourceUrl":"https://www.openstreetmap.org/node/14062982161","lastVerified":"2026-08-10","verificationStatus":"verified"}}},{"type":"Feature","id":"osm-node-14062982162","geometry":{"type":"Point","coordinates":[-79.6609426,43.545765]},"properties":{"kind":"path-intersection","buildingCode":null,"floor":null,"accessibility":"unknown","metadata":{"source":"OpenStreetMap","sourceUrl":"https://www.openstreetmap.org/node/14062982162","lastVerified":"2026-08-10","verificationStatus":"verified"}}},{"type":"Feature","id":"osm-node-14062982163","geometry":{"type":"Point","coordinates":[-79.66095,43.5458534]},"properties":{"kind":"path-intersection","buildingCode":null,"floor":null,"accessibility":"unknown","metadata":{"source":"OpenStreetMap","sourceUrl":"https://www.openstreetmap.org/node/14062982163","lastVerified":"2026-08-10","verificationStatus":"verified"}}},{"type":"Feature","id":"osm-node-14062982164","geometry":{"type":"Point","coordinates":[-79.6609252,43.5458264]},"properties":{"kind":"path-intersection","buildingCode":null,"floor":null,"accessibility":"unknown","metadata":{"source":"OpenStreetMap","sourceUrl":"https://www.openstreetmap.org/node/14062982164","lastVerified":"2026-08-10","verificationStatus":"verified"}}},{"type":"Feature","id":"osm-node-14062982165","geometry":{"type":"Point","coordinates":[-79.6610079,43.5457208]},"properties":{"kind":"path-intersection","buildingCode":null,"floor":null,"accessibility":"unknown","metadata":{"source":"OpenStreetMap","sourceUrl":"https://www.openstreetmap.org/node/14062982165","lastVerified":"2026-08-10","verificationStatus":"verified"}}},{"type":"Feature","id":"osm-node-14062982166","geometry":{"type":"Point","coordinates":[-79.6611626,43.5457217]},"properties":{"kind":"path-intersection","buildingCode":null,"floor":null,"accessibility":"unknown","metadata":{"source":"OpenStreetMap","sourceUrl":"https://www.openstreetmap.org/node/14062982166","lastVerified":"2026-08-10","verificationStatus":"verified"}}},{"type":"Feature","id":"osm-node-14062982167","geometry":{"type":"Point","coordinates":[-79.6611053,43.5457065]},"properties":{"kind":"path-intersection","buildingCode":null,"floor":null,"accessibility":"unknown","metadata":{"source":"OpenStreetMap","sourceUrl":"https://www.openstreetmap.org/node/14062982167","lastVerified":"2026-08-10","verificationStatus":"verified"}}},{"type":"Feature","id":"osm-node-14062982168","geometry":{"type":"Point","coordinates":[-79.6610714,43.5456815]},"properties":{"kind":"path-intersection","buildingCode":null,"floor":null,"accessibility":"unknown","metadata":{"source":"OpenStreetMap","sourceUrl":"https://www.openstreetmap.org/node/14062982168","lastVerified":"2026-08-10","verificationStatus":"verified"}}},{"type":"Feature","id":"osm-node-14062982169","geometry":{"type":"Point","coordinates":[-79.6611868,43.545687]},"properties":{"kind":"path-intersection","buildingCode":null,"floor":null,"accessibility":"unknown","metadata":{"source":"OpenStreetMap","sourceUrl":"https://www.openstreetmap.org/node/14062982169","lastVerified":"2026-08-10","verificationStatus":"verified"}}},{"type":"Feature","id":"osm-node-14062982170","geometry":{"type":"Point","coordinates":[-79.6611728,43.5456595]},"properties":{"kind":"path-intersection","buildingCode":null,"floor":null,"accessibility":"unknown","metadata":{"source":"OpenStreetMap","sourceUrl":"https://www.openstreetmap.org/node/14062982170","lastVerified":"2026-08-10","verificationStatus":"verified"}}},{"type":"Feature","id":"osm-node-14062982171","geometry":{"type":"Point","coordinates":[-79.6611746,43.5456294]},"properties":{"kind":"path-intersection","buildingCode":null,"floor":null,"accessibility":"unknown","metadata":{"source":"OpenStreetMap","sourceUrl":"https://www.openstreetmap.org/node/14062982171","lastVerified":"2026-08-10","verificationStatus":"verified"}}},{"type":"Feature","id":"osm-node-14062982172","geometry":{"type":"Point","coordinates":[-79.6611778,43.5456171]},"properties":{"kind":"path-intersection","buildingCode":null,"floor":null,"accessibility":"unknown","metadata":{"source":"OpenStreetMap","sourceUrl":"https://www.openstreetmap.org/node/14062982172","lastVerified":"2026-08-10","verificationStatus":"verified"}}},{"type":"Feature","id":"osm-node-14062982173","geometry":{"type":"Point","coordinates":[-79.6611907,43.545608]},"properties":{"kind":"path-intersection","buildingCode":null,"floor":null,"accessibility":"unknown","metadata":{"source":"OpenStreetMap","sourceUrl":"https://www.openstreetmap.org/node/14062982173","lastVerified":"2026-08-10","verificationStatus":"verified"}}},{"type":"Feature","id":"osm-node-14062982174","geometry":{"type":"Point","coordinates":[-79.6612095,43.5456038]},"properties":{"kind":"path-intersection","buildingCode":null,"floor":null,"accessibility":"unknown","metadata":{"source":"OpenStreetMap","sourceUrl":"https://www.openstreetmap.org/node/14062982174","lastVerified":"2026-08-10","verificationStatus":"verified"}}},{"type":"Feature","id":"osm-node-14062982175","geometry":{"type":"Point","coordinates":[-79.6612701,43.5456197]},"properties":{"kind":"path-intersection","buildingCode":null,"floor":null,"accessibility":"unknown","metadata":{"source":"OpenStreetMap","sourceUrl":"https://www.openstreetmap.org/node/14062982175","lastVerified":"2026-08-10","verificationStatus":"verified"}}},{"type":"Feature","id":"osm-node-14062982176","geometry":{"type":"Point","coordinates":[-79.6613075,43.5455896]},"properties":{"kind":"path-intersection","buildingCode":null,"floor":null,"accessibility":"unknown","metadata":{"source":"OpenStreetMap","sourceUrl":"https://www.openstreetmap.org/node/14062982176","lastVerified":"2026-08-10","verificationStatus":"verified"}}},{"type":"Feature","id":"osm-node-14062982177","geometry":{"type":"Point","coordinates":[-79.6612757,43.5455519]},"properties":{"kind":"path-intersection","buildingCode":null,"floor":null,"accessibility":"unknown","metadata":{"source":"OpenStreetMap","sourceUrl":"https://www.openstreetmap.org/node/14062982177","lastVerified":"2026-08-10","verificationStatus":"verified"}}},{"type":"Feature","id":"osm-node-14062982178","geometry":{"type":"Point","coordinates":[-79.6612658,43.5455351]},"properties":{"kind":"path-intersection","buildingCode":null,"floor":null,"accessibility":"unknown","metadata":{"source":"OpenStreetMap","sourceUrl":"https://www.openstreetmap.org/node/14062982178","lastVerified":"2026-08-10","verificationStatus":"verified"}}},{"type":"Feature","id":"osm-node-14062982179","geometry":{"type":"Point","coordinates":[-79.661269,43.5455182]},"properties":{"kind":"path-intersection","buildingCode":null,"floor":null,"accessibility":"unknown","metadata":{"source":"OpenStreetMap","sourceUrl":"https://www.openstreetmap.org/node/14062982179","lastVerified":"2026-08-10","verificationStatus":"verified"}}},{"type":"Feature","id":"osm-node-14062982180","geometry":{"type":"Point","coordinates":[-79.6612882,43.5455072]},"properties":{"kind":"path-intersection","buildingCode":null,"floor":null,"accessibility":"unknown","metadata":{"source":"OpenStreetMap","sourceUrl":"https://www.openstreetmap.org/node/14062982180","lastVerified":"2026-08-10","verificationStatus":"verified"}}},{"type":"Feature","id":"osm-node-14062982181","geometry":{"type":"Point","coordinates":[-79.6613164,43.5455046]},"properties":{"kind":"path-intersection","buildingCode":null,"floor":null,"accessibility":"unknown","metadata":{"source":"OpenStreetMap","sourceUrl":"https://www.openstreetmap.org/node/14062982181","lastVerified":"2026-08-10","verificationStatus":"verified"}}},{"type":"Feature","id":"osm-node-14062982182","geometry":{"type":"Point","coordinates":[-79.6613463,43.5455182]},"properties":{"kind":"path-intersection","buildingCode":null,"floor":null,"accessibility":"unknown","metadata":{"source":"OpenStreetMap","sourceUrl":"https://www.openstreetmap.org/node/14062982182","lastVerified":"2026-08-10","verificationStatus":"verified"}}},{"type":"Feature","id":"osm-node-14062982183","geometry":{"type":"Point","coordinates":[-79.6614397,43.5455215]},"properties":{"kind":"path-intersection","buildingCode":null,"floor":null,"accessibility":"unknown","metadata":{"source":"OpenStreetMap","sourceUrl":"https://www.openstreetmap.org/node/14062982183","lastVerified":"2026-08-10","verificationStatus":"verified"}}},{"type":"Feature","id":"osm-node-14062982184","geometry":{"type":"Point","coordinates":[-79.6614335,43.5454907]},"properties":{"kind":"path-intersection","buildingCode":null,"floor":null,"accessibility":"unknown","metadata":{"source":"OpenStreetMap","sourceUrl":"https://www.openstreetmap.org/node/14062982184","lastVerified":"2026-08-10","verificationStatus":"verified"}}},{"type":"Feature","id":"osm-node-14062982185","geometry":{"type":"Point","coordinates":[-79.6613745,43.5454369]},"properties":{"kind":"path-intersection","buildingCode":null,"floor":null,"accessibility":"unknown","metadata":{"source":"OpenStreetMap","sourceUrl":"https://www.openstreetmap.org/node/14062982185","lastVerified":"2026-08-10","verificationStatus":"verified"}}},{"type":"Feature","id":"osm-node-14062982186","geometry":{"type":"Point","coordinates":[-79.6615028,43.5455153]},"properties":{"kind":"path-intersection","buildingCode":null,"floor":null,"accessibility":"unknown","metadata":{"source":"OpenStreetMap","sourceUrl":"https://www.openstreetmap.org/node/14062982186","lastVerified":"2026-08-10","verificationStatus":"verified"}}},{"type":"Feature","id":"osm-node-14062982187","geometry":{"type":"Point","coordinates":[-79.6615108,43.5454819]},"properties":{"kind":"path-intersection","buildingCode":null,"floor":null,"accessibility":"unknown","metadata":{"source":"OpenStreetMap","sourceUrl":"https://www.openstreetmap.org/node/14062982187","lastVerified":"2026-08-10","verificationStatus":"verified"}}},{"type":"Feature","id":"osm-node-14062982188","geometry":{"type":"Point","coordinates":[-79.6615274,43.5454563]},"properties":{"kind":"path-intersection","buildingCode":null,"floor":null,"accessibility":"unknown","metadata":{"source":"OpenStreetMap","sourceUrl":"https://www.openstreetmap.org/node/14062982188","lastVerified":"2026-08-10","verificationStatus":"verified"}}},{"type":"Feature","id":"osm-node-14062982189","geometry":{"type":"Point","coordinates":[-79.6615448,43.5454479]},"properties":{"kind":"path-intersection","buildingCode":null,"floor":null,"accessibility":"unknown","metadata":{"source":"OpenStreetMap","sourceUrl":"https://www.openstreetmap.org/node/14062982189","lastVerified":"2026-08-10","verificationStatus":"verified"}}},{"type":"Feature","id":"osm-node-14062982190","geometry":{"type":"Point","coordinates":[-79.6615689,43.5454479]},"properties":{"kind":"path-intersection","buildingCode":null,"floor":null,"accessibility":"unknown","metadata":{"source":"OpenStreetMap","sourceUrl":"https://www.openstreetmap.org/node/14062982190","lastVerified":"2026-08-10","verificationStatus":"verified"}}},{"type":"Feature","id":"osm-node-14062982191","geometry":{"type":"Point","coordinates":[-79.6615846,43.545456]},"properties":{"kind":"path-intersection","buildingCode":null,"floor":null,"accessibility":"unknown","metadata":{"source":"OpenStreetMap","sourceUrl":"https://www.openstreetmap.org/node/14062982191","lastVerified":"2026-08-10","verificationStatus":"verified"}}},{"type":"Feature","id":"osm-node-14062982192","geometry":{"type":"Point","coordinates":[-79.6615967,43.545467]},"properties":{"kind":"path-intersection","buildingCode":null,"floor":null,"accessibility":"unknown","metadata":{"source":"OpenStreetMap","sourceUrl":"https://www.openstreetmap.org/node/14062982192","lastVerified":"2026-08-10","verificationStatus":"verified"}}},{"type":"Feature","id":"osm-node-14062982193","geometry":{"type":"Point","coordinates":[-79.6615998,43.5454845]},"properties":{"kind":"path-intersection","buildingCode":null,"floor":null,"accessibility":"unknown","metadata":{"source":"OpenStreetMap","sourceUrl":"https://www.openstreetmap.org/node/14062982193","lastVerified":"2026-08-10","verificationStatus":"verified"}}},{"type":"Feature","id":"osm-node-14062982194","geometry":{"type":"Point","coordinates":[-79.6615881,43.5455206]},"properties":{"kind":"path-intersection","buildingCode":null,"floor":null,"accessibility":"unknown","metadata":{"source":"OpenStreetMap","sourceUrl":"https://www.openstreetmap.org/node/14062982194","lastVerified":"2026-08-10","verificationStatus":"verified"}}},{"type":"Feature","id":"osm-node-14062982195","geometry":{"type":"Point","coordinates":[-79.6616518,43.5455446]},"properties":{"kind":"path-intersection","buildingCode":null,"floor":null,"accessibility":"unknown","metadata":{"source":"OpenStreetMap","sourceUrl":"https://www.openstreetmap.org/node/14062982195","lastVerified":"2026-08-10","verificationStatus":"verified"}}},{"type":"Feature","id":"osm-node-14062982196","geometry":{"type":"Point","coordinates":[-79.661674,43.5455231]},"properties":{"kind":"path-intersection","buildingCode":null,"floor":null,"accessibility":"unknown","metadata":{"source":"OpenStreetMap","sourceUrl":"https://www.openstreetmap.org/node/14062982196","lastVerified":"2026-08-10","verificationStatus":"verified"}}},{"type":"Feature","id":"osm-node-14062982197","geometry":{"type":"Point","coordinates":[-79.6617004,43.5455124]},"properties":{"kind":"path-intersection","buildingCode":null,"floor":null,"accessibility":"unknown","metadata":{"source":"OpenStreetMap","sourceUrl":"https://www.openstreetmap.org/node/14062982197","lastVerified":"2026-08-10","verificationStatus":"verified"}}},{"type":"Feature","id":"osm-node-14062982198","geometry":{"type":"Point","coordinates":[-79.6617254,43.5455163]},"properties":{"kind":"path-intersection","buildingCode":null,"floor":null,"accessibility":"unknown","metadata":{"source":"OpenStreetMap","sourceUrl":"https://www.openstreetmap.org/node/14062982198","lastVerified":"2026-08-10","verificationStatus":"verified"}}},{"type":"Feature","id":"osm-node-14062982199","geometry":{"type":"Point","coordinates":[-79.6617433,43.545525]},"properties":{"kind":"path-intersection","buildingCode":null,"floor":null,"accessibility":"unknown","metadata":{"source":"OpenStreetMap","sourceUrl":"https://www.openstreetmap.org/node/14062982199","lastVerified":"2026-08-10","verificationStatus":"verified"}}},{"type":"Feature","id":"osm-node-14062982200","geometry":{"type":"Point","coordinates":[-79.6617505,43.5455409]},"properties":{"kind":"path-intersection","buildingCode":null,"floor":null,"accessibility":"unknown","metadata":{"source":"OpenStreetMap","sourceUrl":"https://www.openstreetmap.org/node/14062982200","lastVerified":"2026-08-10","verificationStatus":"verified"}}},{"type":"Feature","id":"osm-node-14062982201","geometry":{"type":"Point","coordinates":[-79.6617424,43.5455626]},"properties":{"kind":"path-intersection","buildingCode":null,"floor":null,"accessibility":"unknown","metadata":{"source":"OpenStreetMap","sourceUrl":"https://www.openstreetmap.org/node/14062982201","lastVerified":"2026-08-10","verificationStatus":"verified"}}},{"type":"Feature","id":"osm-node-14062982202","geometry":{"type":"Point","coordinates":[-79.6617209,43.5455883]},"properties":{"kind":"path-intersection","buildingCode":null,"floor":null,"accessibility":"unknown","metadata":{"source":"OpenStreetMap","sourceUrl":"https://www.openstreetmap.org/node/14062982202","lastVerified":"2026-08-10","verificationStatus":"verified"}}},{"type":"Feature","id":"osm-node-14062982203","geometry":{"type":"Point","coordinates":[-79.6620413,43.5456942]},"properties":{"kind":"path-intersection","buildingCode":null,"floor":null,"accessibility":"unknown","metadata":{"source":"OpenStreetMap","sourceUrl":"https://www.openstreetmap.org/node/14062982203","lastVerified":"2026-08-10","verificationStatus":"verified"}}},{"type":"Feature","id":"osm-node-14062982204","geometry":{"type":"Point","coordinates":[-79.661959,43.5457493]},"properties":{"kind":"path-intersection","buildingCode":null,"floor":null,"accessibility":"unknown","metadata":{"source":"OpenStreetMap","sourceUrl":"https://www.openstreetmap.org/node/14062982204","lastVerified":"2026-08-10","verificationStatus":"verified"}}},{"type":"Feature","id":"osm-node-14062982205","geometry":{"type":"Point","coordinates":[-79.6619989,43.5457227]},"properties":{"kind":"path-intersection","buildingCode":null,"floor":null,"accessibility":"unknown","metadata":{"source":"OpenStreetMap","sourceUrl":"https://www.openstreetmap.org/node/14062982205","lastVerified":"2026-08-10","verificationStatus":"verified"}}},{"type":"Feature","id":"osm-node-14062982206","geometry":{"type":"Point","coordinates":[-79.6620025,43.5457009]},"properties":{"kind":"path-intersection","buildingCode":null,"floor":null,"accessibility":"unknown","metadata":{"source":"OpenStreetMap","sourceUrl":"https://www.openstreetmap.org/node/14062982206","lastVerified":"2026-08-10","verificationStatus":"verified"}}},{"type":"Feature","id":"osm-node-14062982207","geometry":{"type":"Point","coordinates":[-79.6619846,43.5456871]},"properties":{"kind":"path-intersection","buildingCode":null,"floor":null,"accessibility":"unknown","metadata":{"source":"OpenStreetMap","sourceUrl":"https://www.openstreetmap.org/node/14062982207","lastVerified":"2026-08-10","verificationStatus":"verified"}}},{"type":"Feature","id":"osm-node-14062982208","geometry":{"type":"Point","coordinates":[-79.6619626,43.5456826]},"properties":{"kind":"path-intersection","buildingCode":null,"floor":null,"accessibility":"unknown","metadata":{"source":"OpenStreetMap","sourceUrl":"https://www.openstreetmap.org/node/14062982208","lastVerified":"2026-08-10","verificationStatus":"verified"}}},{"type":"Feature","id":"osm-node-14062982209","geometry":{"type":"Point","coordinates":[-79.6619381,43.5456879]},"properties":{"kind":"path-intersection","buildingCode":null,"floor":null,"accessibility":"unknown","metadata":{"source":"OpenStreetMap","sourceUrl":"https://www.openstreetmap.org/node/14062982209","lastVerified":"2026-08-10","verificationStatus":"verified"}}},{"type":"Feature","id":"osm-node-14062982210","geometry":{"type":"Point","coordinates":[-79.6619067,43.545711]},"properties":{"kind":"path-intersection","buildingCode":null,"floor":null,"accessibility":"unknown","metadata":{"source":"OpenStreetMap","sourceUrl":"https://www.openstreetmap.org/node/14062982210","lastVerified":"2026-08-10","verificationStatus":"verified"}}},{"type":"Feature","id":"osm-node-14062982211","geometry":{"type":"Point","coordinates":[-79.6619512,43.545685]},"properties":{"kind":"path-intersection","buildingCode":null,"floor":null,"accessibility":"unknown","metadata":{"source":"OpenStreetMap","sourceUrl":"https://www.openstreetmap.org/node/14062982211","lastVerified":"2026-08-10","verificationStatus":"verified"}}},{"type":"Feature","id":"osm-node-14062982212","geometry":{"type":"Point","coordinates":[-79.6618794,43.5456313]},"properties":{"kind":"path-intersection","buildingCode":null,"floor":null,"accessibility":"unknown","metadata":{"source":"OpenStreetMap","sourceUrl":"https://www.openstreetmap.org/node/14062982212","lastVerified":"2026-08-10","verificationStatus":"verified"}}},{"type":"Feature","id":"osm-node-14062982213","geometry":{"type":"Point","coordinates":[-79.6618408,43.5456675]},"properties":{"kind":"path-intersection","buildingCode":null,"floor":null,"accessibility":"unknown","metadata":{"source":"OpenStreetMap","sourceUrl":"https://www.openstreetmap.org/node/14062982213","lastVerified":"2026-08-10","verificationStatus":"verified"}}},{"type":"Feature","id":"osm-node-14062982214","geometry":{"type":"Point","coordinates":[-79.6618777,43.5456152]},"properties":{"kind":"path-intersection","buildingCode":null,"floor":null,"accessibility":"unknown","metadata":{"source":"OpenStreetMap","sourceUrl":"https://www.openstreetmap.org/node/14062982214","lastVerified":"2026-08-10","verificationStatus":"verified"}}},{"type":"Feature","id":"osm-node-14062982215","geometry":{"type":"Point","coordinates":[-79.661855,43.5455995]},"properties":{"kind":"path-intersection","buildingCode":null,"floor":null,"accessibility":"unknown","metadata":{"source":"OpenStreetMap","sourceUrl":"https://www.openstreetmap.org/node/14062982215","lastVerified":"2026-08-10","verificationStatus":"verified"}}},{"type":"Feature","id":"osm-node-14062982216","geometry":{"type":"Point","coordinates":[-79.6618305,43.5456011]},"properties":{"kind":"path-intersection","buildingCode":null,"floor":null,"accessibility":"unknown","metadata":{"source":"OpenStreetMap","sourceUrl":"https://www.openstreetmap.org/node/14062982216","lastVerified":"2026-08-10","verificationStatus":"verified"}}},{"type":"Feature","id":"osm-node-14062982217","geometry":{"type":"Point","coordinates":[-79.6618097,43.5456083]},"properties":{"kind":"path-intersection","buildingCode":null,"floor":null,"accessibility":"unknown","metadata":{"source":"OpenStreetMap","sourceUrl":"https://www.openstreetmap.org/node/14062982217","lastVerified":"2026-08-10","verificationStatus":"verified"}}},{"type":"Feature","id":"osm-node-14062982218","geometry":{"type":"Point","coordinates":[-79.6617812,43.5456281]},"properties":{"kind":"path-intersection","buildingCode":null,"floor":null,"accessibility":"unknown","metadata":{"source":"OpenStreetMap","sourceUrl":"https://www.openstreetmap.org/node/14062982218","lastVerified":"2026-08-10","verificationStatus":"verified"}}},{"type":"Feature","id":"osm-node-14062982219","geometry":{"type":"Point","coordinates":[-79.6618468,43.5456715]},"properties":{"kind":"path-intersection","buildingCode":null,"floor":null,"accessibility":"unknown","metadata":{"source":"OpenStreetMap","sourceUrl":"https://www.openstreetmap.org/node/14062982219","lastVerified":"2026-08-10","verificationStatus":"verified"}}},{"type":"Feature","id":"osm-node-14062982220","geometry":{"type":"Point","coordinates":[-79.6618701,43.5456481]},"properties":{"kind":"path-intersection","buildingCode":null,"floor":null,"accessibility":"unknown","metadata":{"source":"OpenStreetMap","sourceUrl":"https://www.openstreetmap.org/node/14062982220","lastVerified":"2026-08-10","verificationStatus":"verified"}}},{"type":"Feature","id":"osm-node-14062982221","geometry":{"type":"Point","coordinates":[-79.661936,43.5457301]},"properties":{"kind":"path-intersection","buildingCode":null,"floor":null,"accessibility":"unknown","metadata":{"source":"OpenStreetMap","sourceUrl":"https://www.openstreetmap.org/node/14062982221","lastVerified":"2026-08-10","verificationStatus":"verified"}}},{"type":"Feature","id":"osm-node-14062982222","geometry":{"type":"Point","coordinates":[-79.6619033,43.5457498]},"properties":{"kind":"path-intersection","buildingCode":null,"floor":null,"accessibility":"unknown","metadata":{"source":"OpenStreetMap","sourceUrl":"https://www.openstreetmap.org/node/14062982222","lastVerified":"2026-08-10","verificationStatus":"verified"}}},{"type":"Feature","id":"osm-node-14062982223","geometry":{"type":"Point","coordinates":[-79.6618802,43.5457485]},"properties":{"kind":"path-intersection","buildingCode":null,"floor":null,"accessibility":"unknown","metadata":{"source":"OpenStreetMap","sourceUrl":"https://www.openstreetmap.org/node/14062982223","lastVerified":"2026-08-10","verificationStatus":"verified"}}},{"type":"Feature","id":"osm-node-14062982224","geometry":{"type":"Point","coordinates":[-79.6618662,43.5457424]},"properties":{"kind":"path-intersection","buildingCode":null,"floor":null,"accessibility":"unknown","metadata":{"source":"OpenStreetMap","sourceUrl":"https://www.openstreetmap.org/node/14062982224","lastVerified":"2026-08-10","verificationStatus":"verified"}}},{"type":"Feature","id":"osm-node-14062982225","geometry":{"type":"Point","coordinates":[-79.6618515,43.5457284]},"properties":{"kind":"path-intersection","buildingCode":null,"floor":null,"accessibility":"unknown","metadata":{"source":"OpenStreetMap","sourceUrl":"https://www.openstreetmap.org/node/14062982225","lastVerified":"2026-08-10","verificationStatus":"verified"}}},{"type":"Feature","id":"osm-node-14062982226","geometry":{"type":"Point","coordinates":[-79.6618518,43.5457109]},"properties":{"kind":"path-intersection","buildingCode":null,"floor":null,"accessibility":"unknown","metadata":{"source":"OpenStreetMap","sourceUrl":"https://www.openstreetmap.org/node/14062982226","lastVerified":"2026-08-10","verificationStatus":"verified"}}},{"type":"Feature","id":"osm-node-14062982227","geometry":{"type":"Point","coordinates":[-79.6618761,43.5456908]},"properties":{"kind":"path-intersection","buildingCode":null,"floor":null,"accessibility":"unknown","metadata":{"source":"OpenStreetMap","sourceUrl":"https://www.openstreetmap.org/node/14062982227","lastVerified":"2026-08-10","verificationStatus":"verified"}}},{"type":"Feature","id":"osm-node-14062982228","geometry":{"type":"Point","coordinates":[-79.6618719,43.5457751]},"properties":{"kind":"path-intersection","buildingCode":null,"floor":null,"accessibility":"unknown","metadata":{"source":"OpenStreetMap","sourceUrl":"https://www.openstreetmap.org/node/14062982228","lastVerified":"2026-08-10","verificationStatus":"verified"}}},{"type":"Feature","id":"osm-node-14062982229","geometry":{"type":"Point","coordinates":[-79.6618516,43.5457197]},"properties":{"kind":"path-intersection","buildingCode":null,"floor":null,"accessibility":"unknown","metadata":{"source":"OpenStreetMap","sourceUrl":"https://www.openstreetmap.org/node/14062982229","lastVerified":"2026-08-10","verificationStatus":"verified"}}},{"type":"Feature","id":"osm-node-14062982230","geometry":{"type":"Point","coordinates":[-79.6618276,43.545726]},"properties":{"kind":"path-intersection","buildingCode":null,"floor":null,"accessibility":"unknown","metadata":{"source":"OpenStreetMap","sourceUrl":"https://www.openstreetmap.org/node/14062982230","lastVerified":"2026-08-10","verificationStatus":"verified"}}},{"type":"Feature","id":"osm-node-14062982231","geometry":{"type":"Point","coordinates":[-79.661817,43.5457347]},"properties":{"kind":"path-intersection","buildingCode":null,"floor":null,"accessibility":"unknown","metadata":{"source":"OpenStreetMap","sourceUrl":"https://www.openstreetmap.org/node/14062982231","lastVerified":"2026-08-10","verificationStatus":"verified"}}},{"type":"Feature","id":"osm-node-14062982232","geometry":{"type":"Point","coordinates":[-79.6618058,43.5456444]},"properties":{"kind":"path-intersection","buildingCode":null,"floor":null,"accessibility":"unknown","metadata":{"source":"OpenStreetMap","sourceUrl":"https://www.openstreetmap.org/node/14062982232","lastVerified":"2026-08-10","verificationStatus":"verified"}}},{"type":"Feature","id":"osm-node-14062982233","geometry":{"type":"Point","coordinates":[-79.6617735,43.5456667]},"properties":{"kind":"path-intersection","buildingCode":null,"floor":null,"accessibility":"unknown","metadata":{"source":"OpenStreetMap","sourceUrl":"https://www.openstreetmap.org/node/14062982233","lastVerified":"2026-08-10","verificationStatus":"verified"}}},{"type":"Feature","id":"osm-node-14062982234","geometry":{"type":"Point","coordinates":[-79.6617497,43.5456772]},"properties":{"kind":"path-intersection","buildingCode":null,"floor":null,"accessibility":"unknown","metadata":{"source":"OpenStreetMap","sourceUrl":"https://www.openstreetmap.org/node/14062982234","lastVerified":"2026-08-10","verificationStatus":"verified"}}},{"type":"Feature","id":"osm-node-14062982235","geometry":{"type":"Point","coordinates":[-79.6617292,43.5456752]},"properties":{"kind":"path-intersection","buildingCode":null,"floor":null,"accessibility":"unknown","metadata":{"source":"OpenStreetMap","sourceUrl":"https://www.openstreetmap.org/node/14062982235","lastVerified":"2026-08-10","verificationStatus":"verified"}}},{"type":"Feature","id":"osm-node-14062982236","geometry":{"type":"Point","coordinates":[-79.661713,43.5456659]},"properties":{"kind":"path-intersection","buildingCode":null,"floor":null,"accessibility":"unknown","metadata":{"source":"OpenStreetMap","sourceUrl":"https://www.openstreetmap.org/node/14062982236","lastVerified":"2026-08-10","verificationStatus":"verified"}}},{"type":"Feature","id":"osm-node-14062982237","geometry":{"type":"Point","coordinates":[-79.6617016,43.5456541]},"properties":{"kind":"path-intersection","buildingCode":null,"floor":null,"accessibility":"unknown","metadata":{"source":"OpenStreetMap","sourceUrl":"https://www.openstreetmap.org/node/14062982237","lastVerified":"2026-08-10","verificationStatus":"verified"}}},{"type":"Feature","id":"osm-node-14062982238","geometry":{"type":"Point","coordinates":[-79.6617016,43.5456385]},"properties":{"kind":"path-intersection","buildingCode":null,"floor":null,"accessibility":"unknown","metadata":{"source":"OpenStreetMap","sourceUrl":"https://www.openstreetmap.org/node/14062982238","lastVerified":"2026-08-10","verificationStatus":"verified"}}},{"type":"Feature","id":"osm-node-14062982239","geometry":{"type":"Point","coordinates":[-79.6617164,43.545622]},"properties":{"kind":"path-intersection","buildingCode":null,"floor":null,"accessibility":"unknown","metadata":{"source":"OpenStreetMap","sourceUrl":"https://www.openstreetmap.org/node/14062982239","lastVerified":"2026-08-10","verificationStatus":"verified"}}},{"type":"Feature","id":"osm-node-14062982240","geometry":{"type":"Point","coordinates":[-79.6617413,43.5456017]},"properties":{"kind":"path-intersection","buildingCode":null,"floor":null,"accessibility":"unknown","metadata":{"source":"OpenStreetMap","sourceUrl":"https://www.openstreetmap.org/node/14062982240","lastVerified":"2026-08-10","verificationStatus":"verified"}}},{"type":"Feature","id":"osm-node-14062982241","geometry":{"type":"Point","coordinates":[-79.6616781,43.54556]},"properties":{"kind":"path-intersection","buildingCode":null,"floor":null,"accessibility":"unknown","metadata":{"source":"OpenStreetMap","sourceUrl":"https://www.openstreetmap.org/node/14062982241","lastVerified":"2026-08-10","verificationStatus":"verified"}}},{"type":"Feature","id":"osm-node-14062982242","geometry":{"type":"Point","coordinates":[-79.6616396,43.5455853]},"properties":{"kind":"path-intersection","buildingCode":null,"floor":null,"accessibility":"unknown","metadata":{"source":"OpenStreetMap","sourceUrl":"https://www.openstreetmap.org/node/14062982242","lastVerified":"2026-08-10","verificationStatus":"verified"}}},{"type":"Feature","id":"osm-node-14062982243","geometry":{"type":"Point","coordinates":[-79.6616199,43.5455963]},"properties":{"kind":"path-intersection","buildingCode":null,"floor":null,"accessibility":"unknown","metadata":{"source":"OpenStreetMap","sourceUrl":"https://www.openstreetmap.org/node/14062982243","lastVerified":"2026-08-10","verificationStatus":"verified"}}},{"type":"Feature","id":"osm-node-14062982244","geometry":{"type":"Point","coordinates":[-79.6615934,43.5456012]},"properties":{"kind":"path-intersection","buildingCode":null,"floor":null,"accessibility":"unknown","metadata":{"source":"OpenStreetMap","sourceUrl":"https://www.openstreetmap.org/node/14062982244","lastVerified":"2026-08-10","verificationStatus":"verified"}}},{"type":"Feature","id":"osm-node-14062982245","geometry":{"type":"Point","coordinates":[-79.6615715,43.5455968]},"properties":{"kind":"path-intersection","buildingCode":null,"floor":null,"accessibility":"unknown","metadata":{"source":"OpenStreetMap","sourceUrl":"https://www.openstreetmap.org/node/14062982245","lastVerified":"2026-08-10","verificationStatus":"verified"}}},{"type":"Feature","id":"osm-node-14062982246","geometry":{"type":"Point","coordinates":[-79.6615571,43.5455847]},"properties":{"kind":"path-intersection","buildingCode":null,"floor":null,"accessibility":"unknown","metadata":{"source":"OpenStreetMap","sourceUrl":"https://www.openstreetmap.org/node/14062982246","lastVerified":"2026-08-10","verificationStatus":"verified"}}},{"type":"Feature","id":"osm-node-14062982247","geometry":{"type":"Point","coordinates":[-79.6615571,43.545571]},"properties":{"kind":"path-intersection","buildingCode":null,"floor":null,"accessibility":"unknown","metadata":{"source":"OpenStreetMap","sourceUrl":"https://www.openstreetmap.org/node/14062982247","lastVerified":"2026-08-10","verificationStatus":"verified"}}},{"type":"Feature","id":"osm-node-14062982248","geometry":{"type":"Point","coordinates":[-79.6615737,43.5455441]},"properties":{"kind":"path-intersection","buildingCode":null,"floor":null,"accessibility":"unknown","metadata":{"source":"OpenStreetMap","sourceUrl":"https://www.openstreetmap.org/node/14062982248","lastVerified":"2026-08-10","verificationStatus":"verified"}}},{"type":"Feature","id":"osm-node-14062982249","geometry":{"type":"Point","coordinates":[-79.6617016,43.5456475]},"properties":{"kind":"path-intersection","buildingCode":null,"floor":null,"accessibility":"unknown","metadata":{"source":"OpenStreetMap","sourceUrl":"https://www.openstreetmap.org/node/14062982249","lastVerified":"2026-08-10","verificationStatus":"verified"}}},{"type":"Feature","id":"osm-node-14062982250","geometry":{"type":"Point","coordinates":[-79.6616823,43.5456495]},"properties":{"kind":"path-intersection","buildingCode":null,"floor":null,"accessibility":"unknown","metadata":{"source":"OpenStreetMap","sourceUrl":"https://www.openstreetmap.org/node/14062982250","lastVerified":"2026-08-10","verificationStatus":"verified"}}},{"type":"Feature","id":"osm-node-14062982251","geometry":{"type":"Point","coordinates":[-79.6616642,43.5456634]},"properties":{"kind":"path-intersection","buildingCode":null,"floor":null,"accessibility":"unknown","metadata":{"source":"OpenStreetMap","sourceUrl":"https://www.openstreetmap.org/node/14062982251","lastVerified":"2026-08-10","verificationStatus":"verified"}}},{"type":"Feature","id":"osm-node-14062982252","geometry":{"type":"Point","coordinates":[-79.6617485,43.5456909]},"properties":{"kind":"path-intersection","buildingCode":null,"floor":null,"accessibility":"unknown","metadata":{"source":"OpenStreetMap","sourceUrl":"https://www.openstreetmap.org/node/14062982252","lastVerified":"2026-08-10","verificationStatus":"verified"}}},{"type":"Feature","id":"osm-node-14062982253","geometry":{"type":"Point","coordinates":[-79.6617315,43.5457038]},"properties":{"kind":"path-intersection","buildingCode":null,"floor":null,"accessibility":"unknown","metadata":{"source":"OpenStreetMap","sourceUrl":"https://www.openstreetmap.org/node/14062982253","lastVerified":"2026-08-10","verificationStatus":"verified"}}},{"type":"Feature","id":"osm-node-14062982254","geometry":{"type":"Point","coordinates":[-79.6616058,43.5455989]},"properties":{"kind":"path-intersection","buildingCode":null,"floor":null,"accessibility":"unknown","metadata":{"source":"OpenStreetMap","sourceUrl":"https://www.openstreetmap.org/node/14062982254","lastVerified":"2026-08-10","verificationStatus":"verified"}}},{"type":"Feature","id":"osm-node-14062982255","geometry":{"type":"Point","coordinates":[-79.6616002,43.5456152]},"properties":{"kind":"path-intersection","buildingCode":null,"floor":null,"accessibility":"unknown","metadata":{"source":"OpenStreetMap","sourceUrl":"https://www.openstreetmap.org/node/14062982255","lastVerified":"2026-08-10","verificationStatus":"verified"}}},{"type":"Feature","id":"osm-node-14062982256","geometry":{"type":"Point","coordinates":[-79.6615904,43.5456261]},"properties":{"kind":"path-intersection","buildingCode":null,"floor":null,"accessibility":"unknown","metadata":{"source":"OpenStreetMap","sourceUrl":"https://www.openstreetmap.org/node/14062982256","lastVerified":"2026-08-10","verificationStatus":"verified"}}},{"type":"Feature","id":"osm-node-14062982257","geometry":{"type":"Point","coordinates":[-79.6615571,43.5455782]},"properties":{"kind":"path-intersection","buildingCode":null,"floor":null,"accessibility":"unknown","metadata":{"source":"OpenStreetMap","sourceUrl":"https://www.openstreetmap.org/node/14062982257","lastVerified":"2026-08-10","verificationStatus":"verified"}}},{"type":"Feature","id":"osm-node-14062982258","geometry":{"type":"Point","coordinates":[-79.6615416,43.5455828]},"properties":{"kind":"path-intersection","buildingCode":null,"floor":null,"accessibility":"unknown","metadata":{"source":"OpenStreetMap","sourceUrl":"https://www.openstreetmap.org/node/14062982258","lastVerified":"2026-08-10","verificationStatus":"verified"}}},{"type":"Feature","id":"osm-node-14062982259","geometry":{"type":"Point","coordinates":[-79.661523,43.545593]},"properties":{"kind":"path-intersection","buildingCode":null,"floor":null,"accessibility":"unknown","metadata":{"source":"OpenStreetMap","sourceUrl":"https://www.openstreetmap.org/node/14062982259","lastVerified":"2026-08-10","verificationStatus":"verified"}}},{"type":"Feature","id":"osm-node-14069709058","geometry":{"type":"Point","coordinates":[-79.6601463,43.5480057]},"properties":{"kind":"stairs","buildingCode":null,"floor":null,"accessibility":"not_accessible","metadata":{"source":"OpenStreetMap","sourceUrl":"https://www.openstreetmap.org/node/14069709058","lastVerified":"2026-08-10","verificationStatus":"verified"}}},{"type":"Feature","id":"osm-node-14071089286","geometry":{"type":"Point","coordinates":[-79.6646236,43.551627]},"properties":{"kind":"path-intersection","buildingCode":null,"floor":null,"accessibility":"unknown","metadata":{"source":"OpenStreetMap","sourceUrl":"https://www.openstreetmap.org/node/14071089286","lastVerified":"2026-08-10","verificationStatus":"verified"}}},{"type":"Feature","id":"osm-node-14071089287","geometry":{"type":"Point","coordinates":[-79.6645926,43.5516676]},"properties":{"kind":"path-intersection","buildingCode":null,"floor":null,"accessibility":"unknown","metadata":{"source":"OpenStreetMap","sourceUrl":"https://www.openstreetmap.org/node/14071089287","lastVerified":"2026-08-10","verificationStatus":"verified"}}},{"type":"Feature","id":"osm-node-14071107555","geometry":{"type":"Point","coordinates":[-79.6669226,43.5504871]},"properties":{"kind":"path-intersection","buildingCode":null,"floor":null,"accessibility":"unknown","metadata":{"source":"OpenStreetMap","sourceUrl":"https://www.openstreetmap.org/node/14071107555","lastVerified":"2026-08-10","verificationStatus":"verified"}}},{"type":"Feature","id":"osm-node-14071107586","geometry":{"type":"Point","coordinates":[-79.666342,43.5484379]},"properties":{"kind":"path-intersection","buildingCode":null,"floor":null,"accessibility":"unknown","metadata":{"source":"OpenStreetMap","sourceUrl":"https://www.openstreetmap.org/node/14071107586","lastVerified":"2026-08-10","verificationStatus":"verified"}}},{"type":"Feature","id":"osm-node-14071107587","geometry":{"type":"Point","coordinates":[-79.6663854,43.5484495]},"properties":{"kind":"path-intersection","buildingCode":null,"floor":null,"accessibility":"unknown","metadata":{"source":"OpenStreetMap","sourceUrl":"https://www.openstreetmap.org/node/14071107587","lastVerified":"2026-08-10","verificationStatus":"verified"}}},{"type":"Feature","id":"osm-node-14071108064","geometry":{"type":"Point","coordinates":[-79.6680737,43.5490998]},"properties":{"kind":"path-intersection","buildingCode":null,"floor":null,"accessibility":"unknown","metadata":{"source":"OpenStreetMap","sourceUrl":"https://www.openstreetmap.org/node/14071108064","lastVerified":"2026-08-10","verificationStatus":"verified"}}},{"type":"Feature","id":"osm-node-14071108065","geometry":{"type":"Point","coordinates":[-79.6678799,43.5492208]},"properties":{"kind":"path-intersection","buildingCode":null,"floor":null,"accessibility":"unknown","metadata":{"source":"OpenStreetMap","sourceUrl":"https://www.openstreetmap.org/node/14071108065","lastVerified":"2026-08-10","verificationStatus":"verified"}}},{"type":"Feature","id":"osm-node-14071108066","geometry":{"type":"Point","coordinates":[-79.6679726,43.5491454]},"properties":{"kind":"path-intersection","buildingCode":null,"floor":null,"accessibility":"unknown","metadata":{"source":"OpenStreetMap","sourceUrl":"https://www.openstreetmap.org/node/14071108066","lastVerified":"2026-08-10","verificationStatus":"verified"}}},{"type":"Feature","id":"osm-node-14071108067","geometry":{"type":"Point","coordinates":[-79.6679268,43.549109]},"properties":{"kind":"path-intersection","buildingCode":null,"floor":null,"accessibility":"unknown","metadata":{"source":"OpenStreetMap","sourceUrl":"https://www.openstreetmap.org/node/14071108067","lastVerified":"2026-08-10","verificationStatus":"verified"}}},{"type":"Feature","id":"osm-node-14071108068","geometry":{"type":"Point","coordinates":[-79.668003,43.5491207]},"properties":{"kind":"path-intersection","buildingCode":null,"floor":null,"accessibility":"unknown","metadata":{"source":"OpenStreetMap","sourceUrl":"https://www.openstreetmap.org/node/14071108068","lastVerified":"2026-08-10","verificationStatus":"verified"}}},{"type":"Feature","id":"osm-node-14071108069","geometry":{"type":"Point","coordinates":[-79.6679967,43.5490901]},"properties":{"kind":"path-intersection","buildingCode":null,"floor":null,"accessibility":"unknown","metadata":{"source":"OpenStreetMap","sourceUrl":"https://www.openstreetmap.org/node/14071108069","lastVerified":"2026-08-10","verificationStatus":"verified"}}},{"type":"Feature","id":"osm-node-14071108070","geometry":{"type":"Point","coordinates":[-79.6679751,43.5490741]},"properties":{"kind":"path-intersection","buildingCode":null,"floor":null,"accessibility":"unknown","metadata":{"source":"OpenStreetMap","sourceUrl":"https://www.openstreetmap.org/node/14071108070","lastVerified":"2026-08-10","verificationStatus":"verified"}}},{"type":"Feature","id":"osm-node-14071108071","geometry":{"type":"Point","coordinates":[-79.6680229,43.5490396]},"properties":{"kind":"path-intersection","buildingCode":null,"floor":null,"accessibility":"unknown","metadata":{"source":"OpenStreetMap","sourceUrl":"https://www.openstreetmap.org/node/14071108071","lastVerified":"2026-08-10","verificationStatus":"verified"}}},{"type":"Feature","id":"osm-node-14071108072","geometry":{"type":"Point","coordinates":[-79.6681106,43.5490272]},"properties":{"kind":"path-intersection","buildingCode":null,"floor":null,"accessibility":"unknown","metadata":{"source":"OpenStreetMap","sourceUrl":"https://www.openstreetmap.org/node/14071108072","lastVerified":"2026-08-10","verificationStatus":"verified"}}},{"type":"Feature","id":"osm-node-14071108073","geometry":{"type":"Point","coordinates":[-79.6680878,43.5490102]},"properties":{"kind":"path-intersection","buildingCode":null,"floor":null,"accessibility":"unknown","metadata":{"source":"OpenStreetMap","sourceUrl":"https://www.openstreetmap.org/node/14071108073","lastVerified":"2026-08-10","verificationStatus":"verified"}}},{"type":"Feature","id":"osm-node-14071108074","geometry":{"type":"Point","coordinates":[-79.6681612,43.5489792]},"properties":{"kind":"path-intersection","buildingCode":null,"floor":null,"accessibility":"unknown","metadata":{"source":"OpenStreetMap","sourceUrl":"https://www.openstreetmap.org/node/14071108074","lastVerified":"2026-08-10","verificationStatus":"verified"}}},{"type":"Feature","id":"osm-node-14071108076","geometry":{"type":"Point","coordinates":[-79.6680014,43.5495195]},"properties":{"kind":"path-intersection","buildingCode":null,"floor":null,"accessibility":"unknown","metadata":{"source":"OpenStreetMap","sourceUrl":"https://www.openstreetmap.org/node/14071108076","lastVerified":"2026-08-10","verificationStatus":"verified"}}},{"type":"Feature","id":"osm-node-1541987715","geometry":{"type":"Point","coordinates":[-79.6690751,43.5498236]},"properties":{"kind":"path-intersection","buildingCode":null,"floor":null,"accessibility":"unknown","metadata":{"source":"OpenStreetMap","sourceUrl":"https://www.openstreetmap.org/node/1541987715","lastVerified":"2026-08-10","verificationStatus":"verified"}}},{"type":"Feature","id":"osm-node-1541987717","geometry":{"type":"Point","coordinates":[-79.6691484,43.5498172]},"properties":{"kind":"path-intersection","buildingCode":null,"floor":null,"accessibility":"unknown","metadata":{"source":"OpenStreetMap","sourceUrl":"https://www.openstreetmap.org/node/1541987717","lastVerified":"2026-08-10","verificationStatus":"verified"}}},{"type":"Feature","id":"osm-node-1541987718","geometry":{"type":"Point","coordinates":[-79.6692113,43.5498395]},"properties":{"kind":"path-intersection","buildingCode":null,"floor":null,"accessibility":"unknown","metadata":{"source":"OpenStreetMap","sourceUrl":"https://www.openstreetmap.org/node/1541987718","lastVerified":"2026-08-10","verificationStatus":"verified"}}},{"type":"Feature","id":"osm-node-1541987720","geometry":{"type":"Point","coordinates":[-79.669023,43.549868]},"properties":{"kind":"path-intersection","buildingCode":null,"floor":null,"accessibility":"unknown","metadata":{"source":"OpenStreetMap","sourceUrl":"https://www.openstreetmap.org/node/1541987720","lastVerified":"2026-08-10","verificationStatus":"verified"}}},{"type":"Feature","id":"osm-node-1541987722","geometry":{"type":"Point","coordinates":[-79.669036,43.549927]},"properties":{"kind":"path-intersection","buildingCode":null,"floor":null,"accessibility":"unknown","metadata":{"source":"OpenStreetMap","sourceUrl":"https://www.openstreetmap.org/node/1541987722","lastVerified":"2026-08-10","verificationStatus":"verified"}}},{"type":"Feature","id":"osm-node-1541987724","geometry":{"type":"Point","coordinates":[-79.6690751,43.54996]},"properties":{"kind":"path-intersection","buildingCode":null,"floor":null,"accessibility":"unknown","metadata":{"source":"OpenStreetMap","sourceUrl":"https://www.openstreetmap.org/node/1541987724","lastVerified":"2026-08-10","verificationStatus":"verified"}}},{"type":"Feature","id":"osm-node-1541987734","geometry":{"type":"Point","coordinates":[-79.6683622,43.5505005]},"properties":{"kind":"path-intersection","buildingCode":null,"floor":null,"accessibility":"unknown","metadata":{"source":"OpenStreetMap","sourceUrl":"https://www.openstreetmap.org/node/1541987734","lastVerified":"2026-08-10","verificationStatus":"verified"}}},{"type":"Feature","id":"osm-node-1541987737","geometry":{"type":"Point","coordinates":[-79.6682596,43.5505333]},"properties":{"kind":"path-intersection","buildingCode":null,"floor":null,"accessibility":"unknown","metadata":{"source":"OpenStreetMap","sourceUrl":"https://www.openstreetmap.org/node/1541987737","lastVerified":"2026-08-10","verificationStatus":"verified"}}},{"type":"Feature","id":"osm-node-1541987739","geometry":{"type":"Point","coordinates":[-79.6684404,43.5505259]},"properties":{"kind":"path-intersection","buildingCode":null,"floor":null,"accessibility":"unknown","metadata":{"source":"OpenStreetMap","sourceUrl":"https://www.openstreetmap.org/node/1541987739","lastVerified":"2026-08-10","verificationStatus":"verified"}}},{"type":"Feature","id":"osm-node-1541987742","geometry":{"type":"Point","coordinates":[-79.6682483,43.5505755]},"properties":{"kind":"path-intersection","buildingCode":null,"floor":null,"accessibility":"unknown","metadata":{"source":"OpenStreetMap","sourceUrl":"https://www.openstreetmap.org/node/1541987742","lastVerified":"2026-08-10","verificationStatus":"verified"}}},{"type":"Feature","id":"osm-node-1541987743","geometry":{"type":"Point","coordinates":[-79.6682686,43.5506182]},"properties":{"kind":"path-intersection","buildingCode":null,"floor":null,"accessibility":"unknown","metadata":{"source":"OpenStreetMap","sourceUrl":"https://www.openstreetmap.org/node/1541987743","lastVerified":"2026-08-10","verificationStatus":"verified"}}},{"type":"Feature","id":"osm-node-1541987745","geometry":{"type":"Point","coordinates":[-79.6683069,43.5506415]},"properties":{"kind":"path-intersection","buildingCode":null,"floor":null,"accessibility":"unknown","metadata":{"source":"OpenStreetMap","sourceUrl":"https://www.openstreetmap.org/node/1541987745","lastVerified":"2026-08-10","verificationStatus":"verified"}}},{"type":"Feature","id":"osm-node-1541987753","geometry":{"type":"Point","coordinates":[-79.669049,43.5511345]},"properties":{"kind":"path-intersection","buildingCode":null,"floor":null,"accessibility":"unknown","metadata":{"source":"OpenStreetMap","sourceUrl":"https://www.openstreetmap.org/node/1541987753","lastVerified":"2026-08-10","verificationStatus":"verified"}}},{"type":"Feature","id":"osm-node-1541987755","geometry":{"type":"Point","coordinates":[-79.6692413,43.5511478]},"properties":{"kind":"path-intersection","buildingCode":null,"floor":null,"accessibility":"unknown","metadata":{"source":"OpenStreetMap","sourceUrl":"https://www.openstreetmap.org/node/1541987755","lastVerified":"2026-08-10","verificationStatus":"verified"}}},{"type":"Feature","id":"osm-node-1541987757","geometry":{"type":"Point","coordinates":[-79.6692425,43.5511953]},"properties":{"kind":"path-intersection","buildingCode":null,"floor":null,"accessibility":"unknown","metadata":{"source":"OpenStreetMap","sourceUrl":"https://www.openstreetmap.org/node/1541987757","lastVerified":"2026-08-10","verificationStatus":"verified"}}},{"type":"Feature","id":"osm-node-1541987760","geometry":{"type":"Point","coordinates":[-79.6690653,43.5512086]},"properties":{"kind":"path-intersection","buildingCode":null,"floor":null,"accessibility":"unknown","metadata":{"source":"OpenStreetMap","sourceUrl":"https://www.openstreetmap.org/node/1541987760","lastVerified":"2026-08-10","verificationStatus":"verified"}}},{"type":"Feature","id":"osm-node-1541987761","geometry":{"type":"Point","coordinates":[-79.6692275,43.5512178]},"properties":{"kind":"path-intersection","buildingCode":null,"floor":null,"accessibility":"unknown","metadata":{"source":"OpenStreetMap","sourceUrl":"https://www.openstreetmap.org/node/1541987761","lastVerified":"2026-08-10","verificationStatus":"verified"}}},{"type":"Feature","id":"osm-node-1541987764","geometry":{"type":"Point","coordinates":[-79.6691907,43.551232]},"properties":{"kind":"path-intersection","buildingCode":null,"floor":null,"accessibility":"unknown","metadata":{"source":"OpenStreetMap","sourceUrl":"https://www.openstreetmap.org/node/1541987764","lastVerified":"2026-08-10","verificationStatus":"verified"}}},{"type":"Feature","id":"osm-node-1541987766","geometry":{"type":"Point","coordinates":[-79.6691101,43.5512328]},"properties":{"kind":"path-intersection","buildingCode":null,"floor":null,"accessibility":"unknown","metadata":{"source":"OpenStreetMap","sourceUrl":"https://www.openstreetmap.org/node/1541987766","lastVerified":"2026-08-10","verificationStatus":"verified"}}},{"type":"Feature","id":"osm-node-1541987767","geometry":{"type":"Point","coordinates":[-79.6691585,43.5512353]},"properties":{"kind":"path-intersection","buildingCode":null,"floor":null,"accessibility":"unknown","metadata":{"source":"OpenStreetMap","sourceUrl":"https://www.openstreetmap.org/node/1541987767","lastVerified":"2026-08-10","verificationStatus":"verified"}}},{"type":"Feature","id":"osm-node-1549366407","geometry":{"type":"Point","coordinates":[-79.6711276,43.5447255]},"properties":{"kind":"path-intersection","buildingCode":null,"floor":null,"accessibility":"unknown","metadata":{"source":"OpenStreetMap","sourceUrl":"https://www.openstreetmap.org/node/1549366407","lastVerified":"2026-08-10","verificationStatus":"verified"}}},{"type":"Feature","id":"osm-node-1549366413","geometry":{"type":"Point","coordinates":[-79.6683477,43.5450609]},"properties":{"kind":"path-intersection","buildingCode":null,"floor":null,"accessibility":"unknown","metadata":{"source":"OpenStreetMap","sourceUrl":"https://www.openstreetmap.org/node/1549366413","lastVerified":"2026-08-10","verificationStatus":"verified"}}},{"type":"Feature","id":"osm-node-1549366426","geometry":{"type":"Point","coordinates":[-79.6679679,43.5455609]},"properties":{"kind":"path-intersection","buildingCode":null,"floor":null,"accessibility":"unknown","metadata":{"source":"OpenStreetMap","sourceUrl":"https://www.openstreetmap.org/node/1549366426","lastVerified":"2026-08-10","verificationStatus":"verified"}}},{"type":"Feature","id":"osm-node-1549366432","geometry":{"type":"Point","coordinates":[-79.6679643,43.5457004]},"properties":{"kind":"path-intersection","buildingCode":null,"floor":null,"accessibility":"unknown","metadata":{"source":"OpenStreetMap","sourceUrl":"https://www.openstreetmap.org/node/1549366432","lastVerified":"2026-08-10","verificationStatus":"verified"}}},{"type":"Feature","id":"osm-node-1549366458","geometry":{"type":"Point","coordinates":[-79.6684624,43.5459577]},"properties":{"kind":"path-intersection","buildingCode":null,"floor":null,"accessibility":"unknown","metadata":{"source":"OpenStreetMap","sourceUrl":"https://www.openstreetmap.org/node/1549366458","lastVerified":"2026-08-10","verificationStatus":"verified"}}},{"type":"Feature","id":"osm-node-1549366460","geometry":{"type":"Point","coordinates":[-79.6682493,43.5460116]},"properties":{"kind":"path-intersection","buildingCode":null,"floor":null,"accessibility":"unknown","metadata":{"source":"OpenStreetMap","sourceUrl":"https://www.openstreetmap.org/node/1549366460","lastVerified":"2026-08-10","verificationStatus":"verified"}}},{"type":"Feature","id":"osm-node-1549366464","geometry":{"type":"Point","coordinates":[-79.6681106,43.5461072]},"properties":{"kind":"path-intersection","buildingCode":null,"floor":null,"accessibility":"unknown","metadata":{"source":"OpenStreetMap","sourceUrl":"https://www.openstreetmap.org/node/1549366464","lastVerified":"2026-08-10","verificationStatus":"verified"}}},{"type":"Feature","id":"osm-node-1549366479","geometry":{"type":"Point","coordinates":[-79.6667766,43.546361]},"properties":{"kind":"path-intersection","buildingCode":null,"floor":null,"accessibility":"unknown","metadata":{"source":"OpenStreetMap","sourceUrl":"https://www.openstreetmap.org/node/1549366479","lastVerified":"2026-08-10","verificationStatus":"verified"}}},{"type":"Feature","id":"osm-node-1549366481","geometry":{"type":"Point","coordinates":[-79.6664256,43.5464072]},"properties":{"kind":"path-intersection","buildingCode":null,"floor":null,"accessibility":"unknown","metadata":{"source":"OpenStreetMap","sourceUrl":"https://www.openstreetmap.org/node/1549366481","lastVerified":"2026-08-10","verificationStatus":"verified"}}},{"type":"Feature","id":"osm-node-1549366482","geometry":{"type":"Point","coordinates":[-79.6676723,43.546427]},"properties":{"kind":"path-intersection","buildingCode":null,"floor":null,"accessibility":"unknown","metadata":{"source":"OpenStreetMap","sourceUrl":"https://www.openstreetmap.org/node/1549366482","lastVerified":"2026-08-10","verificationStatus":"verified"}}},{"type":"Feature","id":"osm-node-1549366484","geometry":{"type":"Point","coordinates":[-79.6674421,43.5464948]},"properties":{"kind":"path-intersection","buildingCode":null,"floor":null,"accessibility":"unknown","metadata":{"source":"OpenStreetMap","sourceUrl":"https://www.openstreetmap.org/node/1549366484","lastVerified":"2026-08-10","verificationStatus":"verified"}}},{"type":"Feature","id":"osm-node-1549366489","geometry":{"type":"Point","coordinates":[-79.667531,43.5464981]},"properties":{"kind":"path-intersection","buildingCode":null,"floor":null,"accessibility":"unknown","metadata":{"source":"OpenStreetMap","sourceUrl":"https://www.openstreetmap.org/node/1549366489","lastVerified":"2026-08-10","verificationStatus":"verified"}}},{"type":"Feature","id":"osm-node-1549366490","geometry":{"type":"Point","coordinates":[-79.6663071,43.546503]},"properties":{"kind":"path-intersection","buildingCode":null,"floor":null,"accessibility":"unknown","metadata":{"source":"OpenStreetMap","sourceUrl":"https://www.openstreetmap.org/node/1549366490","lastVerified":"2026-08-10","verificationStatus":"verified"}}},{"type":"Feature","id":"osm-node-1549366494","geometry":{"type":"Point","coordinates":[-79.6661476,43.5466715]},"properties":{"kind":"path-intersection","buildingCode":null,"floor":null,"accessibility":"unknown","metadata":{"source":"OpenStreetMap","sourceUrl":"https://www.openstreetmap.org/node/1549366494","lastVerified":"2026-08-10","verificationStatus":"verified"}}},{"type":"Feature","id":"osm-node-1549366504","geometry":{"type":"Point","coordinates":[-79.6683948,43.5475239]},"properties":{"kind":"path-intersection","buildingCode":null,"floor":null,"accessibility":"unknown","metadata":{"source":"OpenStreetMap","sourceUrl":"https://www.openstreetmap.org/node/1549366504","lastVerified":"2026-08-10","verificationStatus":"verified"}}},{"type":"Feature","id":"osm-node-1549938478","geometry":{"type":"Point","coordinates":[-79.665876,43.5517072]},"properties":{"kind":"path-intersection","buildingCode":null,"floor":null,"accessibility":"unknown","metadata":{"source":"OpenStreetMap","sourceUrl":"https://www.openstreetmap.org/node/1549938478","lastVerified":"2026-08-10","verificationStatus":"verified"}}},{"type":"Feature","id":"osm-node-1549938479","geometry":{"type":"Point","coordinates":[-79.6656631,43.5528095]},"properties":{"kind":"path-intersection","buildingCode":null,"floor":null,"accessibility":"unknown","metadata":{"source":"OpenStreetMap","sourceUrl":"https://www.openstreetmap.org/node/1549938479","lastVerified":"2026-08-10","verificationStatus":"verified"}}},{"type":"Feature","id":"osm-node-1549938480","geometry":{"type":"Point","coordinates":[-79.6657489,43.5529647]},"properties":{"kind":"path-intersection","buildingCode":null,"floor":null,"accessibility":"unknown","metadata":{"source":"OpenStreetMap","sourceUrl":"https://www.openstreetmap.org/node/1549938480","lastVerified":"2026-08-10","verificationStatus":"verified"}}},{"type":"Feature","id":"osm-node-1549938481","geometry":{"type":"Point","coordinates":[-79.668671,43.5541092]},"properties":{"kind":"path-intersection","buildingCode":null,"floor":null,"accessibility":"unknown","metadata":{"source":"OpenStreetMap","sourceUrl":"https://www.openstreetmap.org/node/1549938481","lastVerified":"2026-08-10","verificationStatus":"verified"}}},{"type":"Feature","id":"osm-node-1549938483","geometry":{"type":"Point","coordinates":[-79.6675771,43.5544556]},"properties":{"kind":"path-intersection","buildingCode":null,"floor":null,"accessibility":"unknown","metadata":{"source":"OpenStreetMap","sourceUrl":"https://www.openstreetmap.org/node/1549938483","lastVerified":"2026-08-10","verificationStatus":"verified"}}},{"type":"Feature","id":"osm-node-1549938490","geometry":{"type":"Point","coordinates":[-79.6677327,43.5546009]},"properties":{"kind":"path-intersection","buildingCode":null,"floor":null,"accessibility":"unknown","metadata":{"source":"OpenStreetMap","sourceUrl":"https://www.openstreetmap.org/node/1549938490","lastVerified":"2026-08-10","verificationStatus":"verified"}}},{"type":"Feature","id":"osm-node-1549938497","geometry":{"type":"Point","coordinates":[-79.667641,43.5546839]},"properties":{"kind":"path-intersection","buildingCode":null,"floor":null,"accessibility":"unknown","metadata":{"source":"OpenStreetMap","sourceUrl":"https://www.openstreetmap.org/node/1549938497","lastVerified":"2026-08-10","verificationStatus":"verified"}}},{"type":"Feature","id":"osm-node-1728192158","geometry":{"type":"Point","coordinates":[-79.662393,43.5503252]},"properties":{"kind":"path-intersection","buildingCode":null,"floor":null,"accessibility":"unknown","metadata":{"source":"OpenStreetMap","sourceUrl":"https://www.openstreetmap.org/node/1728192158","lastVerified":"2026-08-10","verificationStatus":"verified"}}},{"type":"Feature","id":"osm-node-1728199087","geometry":{"type":"Point","coordinates":[-79.664064,43.5514034]},"properties":{"kind":"path-intersection","buildingCode":null,"floor":null,"accessibility":"unknown","metadata":{"source":"OpenStreetMap","sourceUrl":"https://www.openstreetmap.org/node/1728199087","lastVerified":"2026-08-10","verificationStatus":"verified"}}},{"type":"Feature","id":"osm-node-1728199102","geometry":{"type":"Point","coordinates":[-79.6635004,43.5510501]},"properties":{"kind":"path-intersection","buildingCode":null,"floor":null,"accessibility":"unknown","metadata":{"source":"OpenStreetMap","sourceUrl":"https://www.openstreetmap.org/node/1728199102","lastVerified":"2026-08-10","verificationStatus":"verified"}}},{"type":"Feature","id":"osm-node-1728199107","geometry":{"type":"Point","coordinates":[-79.6644144,43.5515466]},"properties":{"kind":"path-intersection","buildingCode":null,"floor":null,"accessibility":"unknown","metadata":{"source":"OpenStreetMap","sourceUrl":"https://www.openstreetmap.org/node/1728199107","lastVerified":"2026-08-10","verificationStatus":"verified"}}},{"type":"Feature","id":"osm-node-1728199108","geometry":{"type":"Point","coordinates":[-79.664119,43.5513228]},"properties":{"kind":"path-intersection","buildingCode":null,"floor":null,"accessibility":"unknown","metadata":{"source":"OpenStreetMap","sourceUrl":"https://www.openstreetmap.org/node/1728199108","lastVerified":"2026-08-10","verificationStatus":"verified"}}},{"type":"Feature","id":"osm-node-1728199127","geometry":{"type":"Point","coordinates":[-79.6646025,43.5516192]},"properties":{"kind":"path-intersection","buildingCode":null,"floor":null,"accessibility":"unknown","metadata":{"source":"OpenStreetMap","sourceUrl":"https://www.openstreetmap.org/node/1728199127","lastVerified":"2026-08-10","verificationStatus":"verified"}}},{"type":"Feature","id":"osm-node-1728201231","geometry":{"type":"Point","coordinates":[-79.6653259,43.5512745]},"properties":{"kind":"path-intersection","buildingCode":null,"floor":null,"accessibility":"unknown","metadata":{"source":"OpenStreetMap","sourceUrl":"https://www.openstreetmap.org/node/1728201231","lastVerified":"2026-08-10","verificationStatus":"verified"}}},{"type":"Feature","id":"osm-node-1728201233","geometry":{"type":"Point","coordinates":[-79.6650442,43.5516203]},"properties":{"kind":"path-intersection","buildingCode":null,"floor":null,"accessibility":"unknown","metadata":{"source":"OpenStreetMap","sourceUrl":"https://www.openstreetmap.org/node/1728201233","lastVerified":"2026-08-10","verificationStatus":"verified"}}},{"type":"Feature","id":"osm-node-1728201239","geometry":{"type":"Point","coordinates":[-79.6648246,43.5517034]},"properties":{"kind":"path-intersection","buildingCode":null,"floor":null,"accessibility":"unknown","metadata":{"source":"OpenStreetMap","sourceUrl":"https://www.openstreetmap.org/node/1728201239","lastVerified":"2026-08-10","verificationStatus":"verified"}}},{"type":"Feature","id":"osm-node-1728201248","geometry":{"type":"Point","coordinates":[-79.6647196,43.5516628]},"properties":{"kind":"path-intersection","buildingCode":null,"floor":null,"accessibility":"unknown","metadata":{"source":"OpenStreetMap","sourceUrl":"https://www.openstreetmap.org/node/1728201248","lastVerified":"2026-08-10","verificationStatus":"verified"}}},{"type":"Feature","id":"osm-node-1728224506","geometry":{"type":"Point","coordinates":[-79.6607213,43.5473172]},"properties":{"kind":"path-intersection","buildingCode":null,"floor":null,"accessibility":"unknown","metadata":{"source":"OpenStreetMap","sourceUrl":"https://www.openstreetmap.org/node/1728224506","lastVerified":"2026-08-10","verificationStatus":"verified"}}},{"type":"Feature","id":"osm-node-1728224518","geometry":{"type":"Point","coordinates":[-79.661246,43.5485934]},"properties":{"kind":"stairs","buildingCode":null,"floor":null,"accessibility":"not_accessible","metadata":{"source":"OpenStreetMap","sourceUrl":"https://www.openstreetmap.org/node/1728224518","lastVerified":"2026-08-10","verificationStatus":"verified"}}},{"type":"Feature","id":"osm-node-1728224523","geometry":{"type":"Point","coordinates":[-79.6604666,43.5483974]},"properties":{"kind":"path-intersection","buildingCode":null,"floor":null,"accessibility":"unknown","metadata":{"source":"OpenStreetMap","sourceUrl":"https://www.openstreetmap.org/node/1728224523","lastVerified":"2026-08-10","verificationStatus":"verified"}}},{"type":"Feature","id":"osm-node-1728224525","geometry":{"type":"Point","coordinates":[-79.6611469,43.5484721]},"properties":{"kind":"path-intersection","buildingCode":null,"floor":null,"accessibility":"unknown","metadata":{"source":"OpenStreetMap","sourceUrl":"https://www.openstreetmap.org/node/1728224525","lastVerified":"2026-08-10","verificationStatus":"verified"}}},{"type":"Feature","id":"osm-node-1728224530","geometry":{"type":"Point","coordinates":[-79.6612147,43.548193]},"properties":{"kind":"stairs","buildingCode":null,"floor":null,"accessibility":"not_accessible","metadata":{"source":"OpenStreetMap","sourceUrl":"https://www.openstreetmap.org/node/1728224530","lastVerified":"2026-08-10","verificationStatus":"verified"}}},{"type":"Feature","id":"osm-node-1728224533","geometry":{"type":"Point","coordinates":[-79.660638,43.5484193]},"properties":{"kind":"stairs","buildingCode":null,"floor":null,"accessibility":"not_accessible","metadata":{"source":"OpenStreetMap","sourceUrl":"https://www.openstreetmap.org/node/1728224533","lastVerified":"2026-08-10","verificationStatus":"verified"}}},{"type":"Feature","id":"osm-node-1728224537","geometry":{"type":"Point","coordinates":[-79.6655471,43.5492137]},"properties":{"kind":"path-intersection","buildingCode":null,"floor":null,"accessibility":"unknown","metadata":{"source":"OpenStreetMap","sourceUrl":"https://www.openstreetmap.org/node/1728224537","lastVerified":"2026-08-10","verificationStatus":"verified"}}},{"type":"Feature","id":"osm-node-1728224541","geometry":{"type":"Point","coordinates":[-79.6611219,43.548507]},"properties":{"kind":"path-intersection","buildingCode":null,"floor":null,"accessibility":"unknown","metadata":{"source":"OpenStreetMap","sourceUrl":"https://www.openstreetmap.org/node/1728224541","lastVerified":"2026-08-10","verificationStatus":"verified"}}},{"type":"Feature","id":"osm-node-1728224547","geometry":{"type":"Point","coordinates":[-79.6611934,43.5482805]},"properties":{"kind":"stairs","buildingCode":null,"floor":null,"accessibility":"not_accessible","metadata":{"source":"OpenStreetMap","sourceUrl":"https://www.openstreetmap.org/node/1728224547","lastVerified":"2026-08-10","verificationStatus":"verified"}}},{"type":"Feature","id":"osm-node-1728224563","geometry":{"type":"Point","coordinates":[-79.6605249,43.5481603]},"properties":{"kind":"path-intersection","buildingCode":null,"floor":null,"accessibility":"unknown","metadata":{"source":"OpenStreetMap","sourceUrl":"https://www.openstreetmap.org/node/1728224563","lastVerified":"2026-08-10","verificationStatus":"verified"}}},{"type":"Feature","id":"osm-node-1728224571","geometry":{"type":"Point","coordinates":[-79.6610155,43.5484694]},"properties":{"kind":"stairs","buildingCode":null,"floor":null,"accessibility":"not_accessible","metadata":{"source":"OpenStreetMap","sourceUrl":"https://www.openstreetmap.org/node/1728224571","lastVerified":"2026-08-10","verificationStatus":"verified"}}},{"type":"Feature","id":"osm-node-1728224576","geometry":{"type":"Point","coordinates":[-79.6611374,43.5485318]},"properties":{"kind":"stairs","buildingCode":null,"floor":null,"accessibility":"not_accessible","metadata":{"source":"OpenStreetMap","sourceUrl":"https://www.openstreetmap.org/node/1728224576","lastVerified":"2026-08-10","verificationStatus":"verified"}}},{"type":"Feature","id":"osm-node-1728224580","geometry":{"type":"Point","coordinates":[-79.6655271,43.5488899]},"properties":{"kind":"path-intersection","buildingCode":null,"floor":null,"accessibility":"unknown","metadata":{"source":"OpenStreetMap","sourceUrl":"https://www.openstreetmap.org/node/1728224580","lastVerified":"2026-08-10","verificationStatus":"verified"}}},{"type":"Feature","id":"osm-node-1728224584","geometry":{"type":"Point","coordinates":[-79.6604462,43.5484868]},"properties":{"kind":"crosswalk","buildingCode":null,"floor":null,"accessibility":"unknown","metadata":{"source":"OpenStreetMap","sourceUrl":"https://www.openstreetmap.org/node/1728224584","lastVerified":"2026-08-10","verificationStatus":"verified"}}},{"type":"Feature","id":"osm-node-1728224590","geometry":{"type":"Point","coordinates":[-79.6656991,43.548785]},"properties":{"kind":"building-entrance","buildingCode":"OPH","floor":null,"accessibility":"unknown","label":"Main entrance B","metadata":{"source":"OpenStreetMap","sourceUrl":"https://www.openstreetmap.org/node/1728224590","lastVerified":"2026-08-10","verificationStatus":"verified"}}},{"type":"Feature","id":"osm-node-1728224591","geometry":{"type":"Point","coordinates":[-79.6607021,43.5473714]},"properties":{"kind":"path-intersection","buildingCode":null,"floor":null,"accessibility":"unknown","metadata":{"source":"OpenStreetMap","sourceUrl":"https://www.openstreetmap.org/node/1728224591","lastVerified":"2026-08-10","verificationStatus":"verified"}}},{"type":"Feature","id":"osm-node-1728238982","geometry":{"type":"Point","coordinates":[-79.6617704,43.5484051]},"properties":{"kind":"building-entrance","buildingCode":"DV","floor":null,"accessibility":"unknown","label":"Main entrance A","metadata":{"source":"OpenStreetMap","sourceUrl":"https://www.openstreetmap.org/node/1728238982","lastVerified":"2026-08-10","verificationStatus":"verified"}}},{"type":"Feature","id":"osm-node-1728238992","geometry":{"type":"Point","coordinates":[-79.6643162,43.549987]},"properties":{"kind":"path-intersection","buildingCode":null,"floor":null,"accessibility":"unknown","metadata":{"source":"OpenStreetMap","sourceUrl":"https://www.openstreetmap.org/node/1728238992","lastVerified":"2026-08-10","verificationStatus":"verified"}}},{"type":"Feature","id":"osm-node-1728239000","geometry":{"type":"Point","coordinates":[-79.6633031,43.5493218]},"properties":{"kind":"path-intersection","buildingCode":null,"floor":null,"accessibility":"unknown","metadata":{"source":"OpenStreetMap","sourceUrl":"https://www.openstreetmap.org/node/1728239000","lastVerified":"2026-08-10","verificationStatus":"verified"}}},{"type":"Feature","id":"osm-node-1728239001","geometry":{"type":"Point","coordinates":[-79.6638003,43.5484969]},"properties":{"kind":"path-intersection","buildingCode":null,"floor":null,"accessibility":"unknown","metadata":{"source":"OpenStreetMap","sourceUrl":"https://www.openstreetmap.org/node/1728239001","lastVerified":"2026-08-10","verificationStatus":"verified"}}},{"type":"Feature","id":"osm-node-1728239016","geometry":{"type":"Point","coordinates":[-79.6646077,43.5495758]},"properties":{"kind":"path-intersection","buildingCode":null,"floor":null,"accessibility":"unknown","metadata":{"source":"OpenStreetMap","sourceUrl":"https://www.openstreetmap.org/node/1728239016","lastVerified":"2026-08-10","verificationStatus":"verified"}}},{"type":"Feature","id":"osm-node-1728239021","geometry":{"type":"Point","coordinates":[-79.6650928,43.5475819]},"properties":{"kind":"path-intersection","buildingCode":null,"floor":null,"accessibility":"unknown","metadata":{"source":"OpenStreetMap","sourceUrl":"https://www.openstreetmap.org/node/1728239021","lastVerified":"2026-08-10","verificationStatus":"verified"}}},{"type":"Feature","id":"osm-node-1728239022","geometry":{"type":"Point","coordinates":[-79.6645943,43.5496438]},"properties":{"kind":"path-intersection","buildingCode":null,"floor":null,"accessibility":"unknown","metadata":{"source":"OpenStreetMap","sourceUrl":"https://www.openstreetmap.org/node/1728239022","lastVerified":"2026-08-10","verificationStatus":"verified"}}},{"type":"Feature","id":"osm-node-1728239023","geometry":{"type":"Point","coordinates":[-79.6646613,43.5495408]},"properties":{"kind":"path-intersection","buildingCode":null,"floor":null,"accessibility":"unknown","metadata":{"source":"OpenStreetMap","sourceUrl":"https://www.openstreetmap.org/node/1728239023","lastVerified":"2026-08-10","verificationStatus":"verified"}}},{"type":"Feature","id":"osm-node-1728239030","geometry":{"type":"Point","coordinates":[-79.6642348,43.5483403]},"properties":{"kind":"path-intersection","buildingCode":null,"floor":null,"accessibility":"unknown","metadata":{"source":"OpenStreetMap","sourceUrl":"https://www.openstreetmap.org/node/1728239030","lastVerified":"2026-08-10","verificationStatus":"verified"}}},{"type":"Feature","id":"osm-node-1728239034","geometry":{"type":"Point","coordinates":[-79.6633738,43.5491933]},"properties":{"kind":"path-intersection","buildingCode":null,"floor":null,"accessibility":"unknown","metadata":{"source":"OpenStreetMap","sourceUrl":"https://www.openstreetmap.org/node/1728239034","lastVerified":"2026-08-10","verificationStatus":"verified"}}},{"type":"Feature","id":"osm-node-1728239036","geometry":{"type":"Point","coordinates":[-79.6649833,43.547428]},"properties":{"kind":"crosswalk","buildingCode":null,"floor":null,"accessibility":"unknown","metadata":{"source":"OpenStreetMap","sourceUrl":"https://www.openstreetmap.org/node/1728239036","lastVerified":"2026-08-10","verificationStatus":"verified"}}},{"type":"Feature","id":"osm-node-1728239045","geometry":{"type":"Point","coordinates":[-79.6645667,43.5492683]},"properties":{"kind":"path-intersection","buildingCode":null,"floor":null,"accessibility":"unknown","metadata":{"source":"OpenStreetMap","sourceUrl":"https://www.openstreetmap.org/node/1728239045","lastVerified":"2026-08-10","verificationStatus":"verified"}}},{"type":"Feature","id":"osm-node-1728239048","geometry":{"type":"Point","coordinates":[-79.6645862,43.5493095]},"properties":{"kind":"path-intersection","buildingCode":null,"floor":null,"accessibility":"unknown","metadata":{"source":"OpenStreetMap","sourceUrl":"https://www.openstreetmap.org/node/1728239048","lastVerified":"2026-08-10","verificationStatus":"verified"}}},{"type":"Feature","id":"osm-node-1728239074","geometry":{"type":"Point","coordinates":[-79.6654164,43.5480067]},"properties":{"kind":"path-intersection","buildingCode":null,"floor":null,"accessibility":"unknown","metadata":{"source":"OpenStreetMap","sourceUrl":"https://www.openstreetmap.org/node/1728239074","lastVerified":"2026-08-10","verificationStatus":"verified"}}},{"type":"Feature","id":"osm-node-1728239086","geometry":{"type":"Point","coordinates":[-79.6635655,43.5491639]},"properties":{"kind":"path-intersection","buildingCode":null,"floor":null,"accessibility":"unknown","metadata":{"source":"OpenStreetMap","sourceUrl":"https://www.openstreetmap.org/node/1728239086","lastVerified":"2026-08-10","verificationStatus":"verified"}}},{"type":"Feature","id":"osm-node-1728239087","geometry":{"type":"Point","coordinates":[-79.6643958,43.5500715]},"properties":{"kind":"path-intersection","buildingCode":null,"floor":null,"accessibility":"unknown","metadata":{"source":"OpenStreetMap","sourceUrl":"https://www.openstreetmap.org/node/1728239087","lastVerified":"2026-08-10","verificationStatus":"verified"}}},{"type":"Feature","id":"osm-node-1728239089","geometry":{"type":"Point","coordinates":[-79.6633396,43.5492269]},"properties":{"kind":"path-intersection","buildingCode":null,"floor":null,"accessibility":"unknown","metadata":{"source":"OpenStreetMap","sourceUrl":"https://www.openstreetmap.org/node/1728239089","lastVerified":"2026-08-10","verificationStatus":"verified"}}},{"type":"Feature","id":"osm-node-1728239092","geometry":{"type":"Point","coordinates":[-79.6643188,43.5499543]},"properties":{"kind":"path-intersection","buildingCode":null,"floor":null,"accessibility":"unknown","metadata":{"source":"OpenStreetMap","sourceUrl":"https://www.openstreetmap.org/node/1728239092","lastVerified":"2026-08-10","verificationStatus":"verified"}}},{"type":"Feature","id":"osm-node-1728239105","geometry":{"type":"Point","coordinates":[-79.6667343,43.5490118]},"properties":{"kind":"path-intersection","buildingCode":null,"floor":null,"accessibility":"unknown","metadata":{"source":"OpenStreetMap","sourceUrl":"https://www.openstreetmap.org/node/1728239105","lastVerified":"2026-08-10","verificationStatus":"verified"}}},{"type":"Feature","id":"osm-node-1728239114","geometry":{"type":"Point","coordinates":[-79.6641764,43.5481818]},"properties":{"kind":"path-intersection","buildingCode":null,"floor":null,"accessibility":"unknown","metadata":{"source":"OpenStreetMap","sourceUrl":"https://www.openstreetmap.org/node/1728239114","lastVerified":"2026-08-10","verificationStatus":"verified"}}},{"type":"Feature","id":"osm-node-1728239116","geometry":{"type":"Point","coordinates":[-79.6652728,43.5478352]},"properties":{"kind":"path-intersection","buildingCode":null,"floor":null,"accessibility":"unknown","metadata":{"source":"OpenStreetMap","sourceUrl":"https://www.openstreetmap.org/node/1728239116","lastVerified":"2026-08-10","verificationStatus":"verified"}}},{"type":"Feature","id":"osm-node-1728239119","geometry":{"type":"Point","coordinates":[-79.6646184,43.5493775]},"properties":{"kind":"path-intersection","buildingCode":null,"floor":null,"accessibility":"unknown","metadata":{"source":"OpenStreetMap","sourceUrl":"https://www.openstreetmap.org/node/1728239119","lastVerified":"2026-08-10","verificationStatus":"verified"}}},{"type":"Feature","id":"osm-node-1728239121","geometry":{"type":"Point","coordinates":[-79.6646801,43.5494883]},"properties":{"kind":"path-intersection","buildingCode":null,"floor":null,"accessibility":"unknown","metadata":{"source":"OpenStreetMap","sourceUrl":"https://www.openstreetmap.org/node/1728239121","lastVerified":"2026-08-10","verificationStatus":"verified"}}},{"type":"Feature","id":"osm-node-1728239130","geometry":{"type":"Point","coordinates":[-79.665571,43.5508956]},"properties":{"kind":"path-intersection","buildingCode":null,"floor":null,"accessibility":"unknown","metadata":{"source":"OpenStreetMap","sourceUrl":"https://www.openstreetmap.org/node/1728239130","lastVerified":"2026-08-10","verificationStatus":"verified"}}},{"type":"Feature","id":"osm-node-1728239135","geometry":{"type":"Point","coordinates":[-79.6645728,43.5497527]},"properties":{"kind":"path-intersection","buildingCode":null,"floor":null,"accessibility":"unknown","metadata":{"source":"OpenStreetMap","sourceUrl":"https://www.openstreetmap.org/node/1728239135","lastVerified":"2026-08-10","verificationStatus":"verified"}}},{"type":"Feature","id":"osm-node-1728239139","geometry":{"type":"Point","coordinates":[-79.6648932,43.5505035]},"properties":{"kind":"path-intersection","buildingCode":null,"floor":null,"accessibility":"unknown","metadata":{"source":"OpenStreetMap","sourceUrl":"https://www.openstreetmap.org/node/1728239139","lastVerified":"2026-08-10","verificationStatus":"verified"}}},{"type":"Feature","id":"osm-node-1728239148","geometry":{"type":"Point","coordinates":[-79.6643646,43.5481895]},"properties":{"kind":"building-entrance","buildingCode":"AX","floor":null,"accessibility":"unknown","label":"Mapped pedestrian approach","notes":"A nearby mapped footway endpoint is used because no entrance-tagged door is published.","metadata":{"source":"OpenStreetMap","sourceUrl":"https://www.openstreetmap.org/node/1728239148","lastVerified":"2026-08-10","verificationStatus":"inferred"}}},{"type":"Feature","id":"osm-node-1728239150","geometry":{"type":"Point","coordinates":[-79.6651537,43.5477209]},"properties":{"kind":"crosswalk","buildingCode":null,"floor":null,"accessibility":"unknown","metadata":{"source":"OpenStreetMap","sourceUrl":"https://www.openstreetmap.org/node/1728239150","lastVerified":"2026-08-10","verificationStatus":"verified"}}},{"type":"Feature","id":"osm-node-1728239155","geometry":{"type":"Point","coordinates":[-79.6652212,43.5477591]},"properties":{"kind":"path-intersection","buildingCode":null,"floor":null,"accessibility":"unknown","metadata":{"source":"OpenStreetMap","sourceUrl":"https://www.openstreetmap.org/node/1728239155","lastVerified":"2026-08-10","verificationStatus":"verified"}}},{"type":"Feature","id":"osm-node-1728280890","geometry":{"type":"Point","coordinates":[-79.6622798,43.5511711]},"properties":{"kind":"path-intersection","buildingCode":null,"floor":null,"accessibility":"unknown","metadata":{"source":"OpenStreetMap","sourceUrl":"https://www.openstreetmap.org/node/1728280890","lastVerified":"2026-08-10","verificationStatus":"verified"}}},{"type":"Feature","id":"osm-node-1728280894","geometry":{"type":"Point","coordinates":[-79.6623647,43.5511501]},"properties":{"kind":"path-intersection","buildingCode":null,"floor":null,"accessibility":"unknown","metadata":{"source":"OpenStreetMap","sourceUrl":"https://www.openstreetmap.org/node/1728280894","lastVerified":"2026-08-10","verificationStatus":"verified"}}},{"type":"Feature","id":"osm-node-1728280909","geometry":{"type":"Point","coordinates":[-79.6604522,43.5501264]},"properties":{"kind":"path-intersection","buildingCode":null,"floor":null,"accessibility":"unknown","metadata":{"source":"OpenStreetMap","sourceUrl":"https://www.openstreetmap.org/node/1728280909","lastVerified":"2026-08-10","verificationStatus":"verified"}}},{"type":"Feature","id":"osm-node-1728280933","geometry":{"type":"Point","coordinates":[-79.6633388,43.5506917]},"properties":{"kind":"path-intersection","buildingCode":null,"floor":null,"accessibility":"unknown","metadata":{"source":"OpenStreetMap","sourceUrl":"https://www.openstreetmap.org/node/1728280933","lastVerified":"2026-08-10","verificationStatus":"verified"}}},{"type":"Feature","id":"osm-node-1728280942","geometry":{"type":"Point","coordinates":[-79.6621407,43.5506897]},"properties":{"kind":"path-intersection","buildingCode":null,"floor":null,"accessibility":"unknown","metadata":{"source":"OpenStreetMap","sourceUrl":"https://www.openstreetmap.org/node/1728280942","lastVerified":"2026-08-10","verificationStatus":"verified"}}},{"type":"Feature","id":"osm-node-1728280945","geometry":{"type":"Point","coordinates":[-79.6642291,43.5513049]},"properties":{"kind":"path-intersection","buildingCode":null,"floor":null,"accessibility":"unknown","metadata":{"source":"OpenStreetMap","sourceUrl":"https://www.openstreetmap.org/node/1728280945","lastVerified":"2026-08-10","verificationStatus":"verified"}}},{"type":"Feature","id":"osm-node-1728280950","geometry":{"type":"Point","coordinates":[-79.6618775,43.5502577]},"properties":{"kind":"path-intersection","buildingCode":null,"floor":null,"accessibility":"unknown","metadata":{"source":"OpenStreetMap","sourceUrl":"https://www.openstreetmap.org/node/1728280950","lastVerified":"2026-08-10","verificationStatus":"verified"}}},{"type":"Feature","id":"osm-node-1728280974","geometry":{"type":"Point","coordinates":[-79.6621028,43.5512729]},"properties":{"kind":"path-intersection","buildingCode":null,"floor":null,"accessibility":"unknown","metadata":{"source":"OpenStreetMap","sourceUrl":"https://www.openstreetmap.org/node/1728280974","lastVerified":"2026-08-10","verificationStatus":"verified"}}},{"type":"Feature","id":"osm-node-1728280975","geometry":{"type":"Point","coordinates":[-79.663158,43.5512835]},"properties":{"kind":"crosswalk","buildingCode":null,"floor":null,"accessibility":"unknown","metadata":{"source":"OpenStreetMap","sourceUrl":"https://www.openstreetmap.org/node/1728280975","lastVerified":"2026-08-10","verificationStatus":"verified"}}},{"type":"Feature","id":"osm-node-1728280988","geometry":{"type":"Point","coordinates":[-79.6641544,43.5513118]},"properties":{"kind":"path-intersection","buildingCode":null,"floor":null,"accessibility":"unknown","metadata":{"source":"OpenStreetMap","sourceUrl":"https://www.openstreetmap.org/node/1728280988","lastVerified":"2026-08-10","verificationStatus":"verified"}}},{"type":"Feature","id":"osm-node-1728280991","geometry":{"type":"Point","coordinates":[-79.6640793,43.5512904]},"properties":{"kind":"path-intersection","buildingCode":null,"floor":null,"accessibility":"unknown","metadata":{"source":"OpenStreetMap","sourceUrl":"https://www.openstreetmap.org/node/1728280991","lastVerified":"2026-08-10","verificationStatus":"verified"}}},{"type":"Feature","id":"osm-node-1728281005","geometry":{"type":"Point","coordinates":[-79.6604006,43.5500331]},"properties":{"kind":"path-intersection","buildingCode":null,"floor":null,"accessibility":"unknown","metadata":{"source":"OpenStreetMap","sourceUrl":"https://www.openstreetmap.org/node/1728281005","lastVerified":"2026-08-10","verificationStatus":"verified"}}},{"type":"Feature","id":"osm-node-1728281014","geometry":{"type":"Point","coordinates":[-79.6633478,43.5506182]},"properties":{"kind":"path-intersection","buildingCode":null,"floor":null,"accessibility":"unknown","metadata":{"source":"OpenStreetMap","sourceUrl":"https://www.openstreetmap.org/node/1728281014","lastVerified":"2026-08-10","verificationStatus":"verified"}}},{"type":"Feature","id":"osm-node-1728281038","geometry":{"type":"Point","coordinates":[-79.6607211,43.5505011]},"properties":{"kind":"path-intersection","buildingCode":null,"floor":null,"accessibility":"unknown","metadata":{"source":"OpenStreetMap","sourceUrl":"https://www.openstreetmap.org/node/1728281038","lastVerified":"2026-08-10","verificationStatus":"verified"}}},{"type":"Feature","id":"osm-node-1728281040","geometry":{"type":"Point","coordinates":[-79.6633294,43.5512465]},"properties":{"kind":"path-intersection","buildingCode":null,"floor":null,"accessibility":"unknown","metadata":{"source":"OpenStreetMap","sourceUrl":"https://www.openstreetmap.org/node/1728281040","lastVerified":"2026-08-10","verificationStatus":"verified"}}},{"type":"Feature","id":"osm-node-1728281044","geometry":{"type":"Point","coordinates":[-79.6619132,43.549383]},"properties":{"kind":"path-intersection","buildingCode":null,"floor":null,"accessibility":"unknown","metadata":{"source":"OpenStreetMap","sourceUrl":"https://www.openstreetmap.org/node/1728281044","lastVerified":"2026-08-10","verificationStatus":"verified"}}},{"type":"Feature","id":"osm-node-1728281047","geometry":{"type":"Point","coordinates":[-79.6625473,43.5495049]},"properties":{"kind":"path-intersection","buildingCode":null,"floor":null,"accessibility":"unknown","metadata":{"source":"OpenStreetMap","sourceUrl":"https://www.openstreetmap.org/node/1728281047","lastVerified":"2026-08-10","verificationStatus":"verified"}}},{"type":"Feature","id":"osm-node-1728281057","geometry":{"type":"Point","coordinates":[-79.6621407,43.5499795]},"properties":{"kind":"path-intersection","buildingCode":null,"floor":null,"accessibility":"unknown","metadata":{"source":"OpenStreetMap","sourceUrl":"https://www.openstreetmap.org/node/1728281057","lastVerified":"2026-08-10","verificationStatus":"verified"}}},{"type":"Feature","id":"osm-node-1728281075","geometry":{"type":"Point","coordinates":[-79.6623981,43.5511829]},"properties":{"kind":"path-intersection","buildingCode":null,"floor":null,"accessibility":"unknown","metadata":{"source":"OpenStreetMap","sourceUrl":"https://www.openstreetmap.org/node/1728281075","lastVerified":"2026-08-10","verificationStatus":"verified"}}},{"type":"Feature","id":"osm-node-1728281084","geometry":{"type":"Point","coordinates":[-79.6630755,43.551269]},"properties":{"kind":"path-intersection","buildingCode":null,"floor":null,"accessibility":"unknown","metadata":{"source":"OpenStreetMap","sourceUrl":"https://www.openstreetmap.org/node/1728281084","lastVerified":"2026-08-10","verificationStatus":"verified"}}},{"type":"Feature","id":"osm-node-1728281088","geometry":{"type":"Point","coordinates":[-79.6620181,43.5512781]},"properties":{"kind":"path-intersection","buildingCode":null,"floor":null,"accessibility":"unknown","metadata":{"source":"OpenStreetMap","sourceUrl":"https://www.openstreetmap.org/node/1728281088","lastVerified":"2026-08-10","verificationStatus":"verified"}}},{"type":"Feature","id":"osm-node-1728281110","geometry":{"type":"Point","coordinates":[-79.6621111,43.5502106]},"properties":{"kind":"path-intersection","buildingCode":null,"floor":null,"accessibility":"unknown","metadata":{"source":"OpenStreetMap","sourceUrl":"https://www.openstreetmap.org/node/1728281110","lastVerified":"2026-08-10","verificationStatus":"verified"}}},{"type":"Feature","id":"osm-node-1728281141","geometry":{"type":"Point","coordinates":[-79.6624017,43.5494327]},"properties":{"kind":"path-intersection","buildingCode":null,"floor":null,"accessibility":"unknown","metadata":{"source":"OpenStreetMap","sourceUrl":"https://www.openstreetmap.org/node/1728281141","lastVerified":"2026-08-10","verificationStatus":"verified"}}},{"type":"Feature","id":"osm-node-1728281158","geometry":{"type":"Point","coordinates":[-79.662023,43.5505687]},"properties":{"kind":"path-intersection","buildingCode":null,"floor":null,"accessibility":"unknown","metadata":{"source":"OpenStreetMap","sourceUrl":"https://www.openstreetmap.org/node/1728281158","lastVerified":"2026-08-10","verificationStatus":"verified"}}},{"type":"Feature","id":"osm-node-1728281161","geometry":{"type":"Point","coordinates":[-79.6616209,43.5493919]},"properties":{"kind":"path-intersection","buildingCode":null,"floor":null,"accessibility":"unknown","metadata":{"source":"OpenStreetMap","sourceUrl":"https://www.openstreetmap.org/node/1728281161","lastVerified":"2026-08-10","verificationStatus":"verified"}}},{"type":"Feature","id":"osm-node-1728281167","geometry":{"type":"Point","coordinates":[-79.6622272,43.5505079]},"properties":{"kind":"path-intersection","buildingCode":null,"floor":null,"accessibility":"unknown","metadata":{"source":"OpenStreetMap","sourceUrl":"https://www.openstreetmap.org/node/1728281167","lastVerified":"2026-08-10","verificationStatus":"verified"}}},{"type":"Feature","id":"osm-node-1728281173","geometry":{"type":"Point","coordinates":[-79.6610189,43.5508199]},"properties":{"kind":"path-intersection","buildingCode":null,"floor":null,"accessibility":"unknown","metadata":{"source":"OpenStreetMap","sourceUrl":"https://www.openstreetmap.org/node/1728281173","lastVerified":"2026-08-10","verificationStatus":"verified"}}},{"type":"Feature","id":"osm-node-1728281189","geometry":{"type":"Point","coordinates":[-79.6602853,43.5497658]},"properties":{"kind":"path-intersection","buildingCode":null,"floor":null,"accessibility":"unknown","metadata":{"source":"OpenStreetMap","sourceUrl":"https://www.openstreetmap.org/node/1728281189","lastVerified":"2026-08-10","verificationStatus":"verified"}}},{"type":"Feature","id":"osm-node-1728281205","geometry":{"type":"Point","coordinates":[-79.6616274,43.5494142]},"properties":{"kind":"path-intersection","buildingCode":null,"floor":null,"accessibility":"unknown","metadata":{"source":"OpenStreetMap","sourceUrl":"https://www.openstreetmap.org/node/1728281205","lastVerified":"2026-08-10","verificationStatus":"verified"}}},{"type":"Feature","id":"osm-node-1728281208","geometry":{"type":"Point","coordinates":[-79.6622948,43.5502333]},"properties":{"kind":"path-intersection","buildingCode":null,"floor":null,"accessibility":"unknown","metadata":{"source":"OpenStreetMap","sourceUrl":"https://www.openstreetmap.org/node/1728281208","lastVerified":"2026-08-10","verificationStatus":"verified"}}},{"type":"Feature","id":"osm-node-1728281211","geometry":{"type":"Point","coordinates":[-79.6612884,43.5510289]},"properties":{"kind":"path-intersection","buildingCode":null,"floor":null,"accessibility":"unknown","metadata":{"source":"OpenStreetMap","sourceUrl":"https://www.openstreetmap.org/node/1728281211","lastVerified":"2026-08-10","verificationStatus":"verified"}}},{"type":"Feature","id":"osm-node-1728281228","geometry":{"type":"Point","coordinates":[-79.661603,43.5511635]},"properties":{"kind":"path-intersection","buildingCode":null,"floor":null,"accessibility":"unknown","metadata":{"source":"OpenStreetMap","sourceUrl":"https://www.openstreetmap.org/node/1728281228","lastVerified":"2026-08-10","verificationStatus":"verified"}}},{"type":"Feature","id":"osm-node-1728281264","geometry":{"type":"Point","coordinates":[-79.6615419,43.5496892]},"properties":{"kind":"path-intersection","buildingCode":null,"floor":null,"accessibility":"unknown","metadata":{"source":"OpenStreetMap","sourceUrl":"https://www.openstreetmap.org/node/1728281264","lastVerified":"2026-08-10","verificationStatus":"verified"}}},{"type":"Feature","id":"osm-node-1728281278","geometry":{"type":"Point","coordinates":[-79.6641892,43.5513832]},"properties":{"kind":"path-intersection","buildingCode":null,"floor":null,"accessibility":"unknown","metadata":{"source":"OpenStreetMap","sourceUrl":"https://www.openstreetmap.org/node/1728281278","lastVerified":"2026-08-10","verificationStatus":"verified"}}},{"type":"Feature","id":"osm-node-1728281285","geometry":{"type":"Point","coordinates":[-79.6620593,43.5506534]},"properties":{"kind":"path-intersection","buildingCode":null,"floor":null,"accessibility":"unknown","metadata":{"source":"OpenStreetMap","sourceUrl":"https://www.openstreetmap.org/node/1728281285","lastVerified":"2026-08-10","verificationStatus":"verified"}}},{"type":"Feature","id":"osm-node-1728281291","geometry":{"type":"Point","coordinates":[-79.6623467,43.5500222]},"properties":{"kind":"path-intersection","buildingCode":null,"floor":null,"accessibility":"unknown","metadata":{"source":"OpenStreetMap","sourceUrl":"https://www.openstreetmap.org/node/1728281291","lastVerified":"2026-08-10","verificationStatus":"verified"}}},{"type":"Feature","id":"osm-node-1732929725","geometry":{"type":"Point","coordinates":[-79.6659878,43.5499474]},"properties":{"kind":"path-intersection","buildingCode":null,"floor":null,"accessibility":"unknown","metadata":{"source":"OpenStreetMap","sourceUrl":"https://www.openstreetmap.org/node/1732929725","lastVerified":"2026-08-10","verificationStatus":"verified"}}},{"type":"Feature","id":"osm-node-1732929784","geometry":{"type":"Point","coordinates":[-79.6652,43.551338]},"properties":{"kind":"path-intersection","buildingCode":null,"floor":null,"accessibility":"unknown","metadata":{"source":"OpenStreetMap","sourceUrl":"https://www.openstreetmap.org/node/1732929784","lastVerified":"2026-08-10","verificationStatus":"verified"}}},{"type":"Feature","id":"osm-node-1732929802","geometry":{"type":"Point","coordinates":[-79.6654578,43.5518632]},"properties":{"kind":"path-intersection","buildingCode":null,"floor":null,"accessibility":"unknown","metadata":{"source":"OpenStreetMap","sourceUrl":"https://www.openstreetmap.org/node/1732929802","lastVerified":"2026-08-10","verificationStatus":"verified"}}},{"type":"Feature","id":"osm-node-1732929827","geometry":{"type":"Point","coordinates":[-79.6649019,43.5517739]},"properties":{"kind":"path-intersection","buildingCode":null,"floor":null,"accessibility":"unknown","metadata":{"source":"OpenStreetMap","sourceUrl":"https://www.openstreetmap.org/node/1732929827","lastVerified":"2026-08-10","verificationStatus":"verified"}}},{"type":"Feature","id":"osm-node-1732929850","geometry":{"type":"Point","coordinates":[-79.6659669,43.549977]},"properties":{"kind":"path-intersection","buildingCode":null,"floor":null,"accessibility":"unknown","metadata":{"source":"OpenStreetMap","sourceUrl":"https://www.openstreetmap.org/node/1732929850","lastVerified":"2026-08-10","verificationStatus":"verified"}}},{"type":"Feature","id":"osm-node-1732929861","geometry":{"type":"Point","coordinates":[-79.6651087,43.5516698]},"properties":{"kind":"path-intersection","buildingCode":null,"floor":null,"accessibility":"unknown","metadata":{"source":"OpenStreetMap","sourceUrl":"https://www.openstreetmap.org/node/1732929861","lastVerified":"2026-08-10","verificationStatus":"verified"}}},{"type":"Feature","id":"osm-node-1732929863","geometry":{"type":"Point","coordinates":[-79.6658811,43.5500082]},"properties":{"kind":"path-intersection","buildingCode":null,"floor":null,"accessibility":"unknown","metadata":{"source":"OpenStreetMap","sourceUrl":"https://www.openstreetmap.org/node/1732929863","lastVerified":"2026-08-10","verificationStatus":"verified"}}},{"type":"Feature","id":"osm-node-1732929875","geometry":{"type":"Point","coordinates":[-79.6652798,43.5514046]},"properties":{"kind":"path-intersection","buildingCode":null,"floor":null,"accessibility":"unknown","metadata":{"source":"OpenStreetMap","sourceUrl":"https://www.openstreetmap.org/node/1732929875","lastVerified":"2026-08-10","verificationStatus":"verified"}}},{"type":"Feature","id":"osm-node-1732929887","geometry":{"type":"Point","coordinates":[-79.6650745,43.5517229]},"properties":{"kind":"path-intersection","buildingCode":null,"floor":null,"accessibility":"unknown","metadata":{"source":"OpenStreetMap","sourceUrl":"https://www.openstreetmap.org/node/1732929887","lastVerified":"2026-08-10","verificationStatus":"verified"}}},{"type":"Feature","id":"osm-node-1770626665","geometry":{"type":"Point","coordinates":[-79.6633591,43.5469083]},"properties":{"kind":"path-intersection","buildingCode":null,"floor":null,"accessibility":"unknown","metadata":{"source":"OpenStreetMap","sourceUrl":"https://www.openstreetmap.org/node/1770626665","lastVerified":"2026-08-10","verificationStatus":"verified"}}},{"type":"Feature","id":"osm-node-1770626666","geometry":{"type":"Point","coordinates":[-79.6618097,43.5465024]},"properties":{"kind":"path-intersection","buildingCode":null,"floor":null,"accessibility":"unknown","metadata":{"source":"OpenStreetMap","sourceUrl":"https://www.openstreetmap.org/node/1770626666","lastVerified":"2026-08-10","verificationStatus":"verified"}}},{"type":"Feature","id":"osm-node-1770626667","geometry":{"type":"Point","coordinates":[-79.6613821,43.5465737]},"properties":{"kind":"path-intersection","buildingCode":null,"floor":null,"accessibility":"unknown","metadata":{"source":"OpenStreetMap","sourceUrl":"https://www.openstreetmap.org/node/1770626667","lastVerified":"2026-08-10","verificationStatus":"verified"}}},{"type":"Feature","id":"osm-node-1770626668","geometry":{"type":"Point","coordinates":[-79.6623428,43.5465303]},"properties":{"kind":"path-intersection","buildingCode":null,"floor":null,"accessibility":"unknown","metadata":{"source":"OpenStreetMap","sourceUrl":"https://www.openstreetmap.org/node/1770626668","lastVerified":"2026-08-10","verificationStatus":"verified"}}},{"type":"Feature","id":"osm-node-1770626669","geometry":{"type":"Point","coordinates":[-79.6636424,43.546998]},"properties":{"kind":"crosswalk","buildingCode":null,"floor":null,"accessibility":"unknown","metadata":{"source":"OpenStreetMap","sourceUrl":"https://www.openstreetmap.org/node/1770626669","lastVerified":"2026-08-10","verificationStatus":"verified"}}},{"type":"Feature","id":"osm-node-1770626670","geometry":{"type":"Point","coordinates":[-79.6635575,43.5469773]},"properties":{"kind":"path-intersection","buildingCode":null,"floor":null,"accessibility":"unknown","metadata":{"source":"OpenStreetMap","sourceUrl":"https://www.openstreetmap.org/node/1770626670","lastVerified":"2026-08-10","verificationStatus":"verified"}}},{"type":"Feature","id":"osm-node-1770626671","geometry":{"type":"Point","coordinates":[-79.6625098,43.5465663]},"properties":{"kind":"path-intersection","buildingCode":null,"floor":null,"accessibility":"unknown","metadata":{"source":"OpenStreetMap","sourceUrl":"https://www.openstreetmap.org/node/1770626671","lastVerified":"2026-08-10","verificationStatus":"verified"}}},{"type":"Feature","id":"osm-node-1770626672","geometry":{"type":"Point","coordinates":[-79.6613193,43.546579]},"properties":{"kind":"path-intersection","buildingCode":null,"floor":null,"accessibility":"unknown","metadata":{"source":"OpenStreetMap","sourceUrl":"https://www.openstreetmap.org/node/1770626672","lastVerified":"2026-08-10","verificationStatus":"verified"}}},{"type":"Feature","id":"osm-node-1770626673","geometry":{"type":"Point","coordinates":[-79.6615459,43.5465379]},"properties":{"kind":"path-intersection","buildingCode":null,"floor":null,"accessibility":"unknown","metadata":{"source":"OpenStreetMap","sourceUrl":"https://www.openstreetmap.org/node/1770626673","lastVerified":"2026-08-10","verificationStatus":"verified"}}},{"type":"Feature","id":"osm-node-1770626675","geometry":{"type":"Point","coordinates":[-79.6627649,43.5466582]},"properties":{"kind":"path-intersection","buildingCode":null,"floor":null,"accessibility":"unknown","metadata":{"source":"OpenStreetMap","sourceUrl":"https://www.openstreetmap.org/node/1770626675","lastVerified":"2026-08-10","verificationStatus":"verified"}}},{"type":"Feature","id":"osm-node-1770626676","geometry":{"type":"Point","coordinates":[-79.6629084,43.5467168]},"properties":{"kind":"path-intersection","buildingCode":null,"floor":null,"accessibility":"unknown","metadata":{"source":"OpenStreetMap","sourceUrl":"https://www.openstreetmap.org/node/1770626676","lastVerified":"2026-08-10","verificationStatus":"verified"}}},{"type":"Feature","id":"osm-node-1770626677","geometry":{"type":"Point","coordinates":[-79.6620823,43.5465002]},"properties":{"kind":"path-intersection","buildingCode":null,"floor":null,"accessibility":"unknown","metadata":{"source":"OpenStreetMap","sourceUrl":"https://www.openstreetmap.org/node/1770626677","lastVerified":"2026-08-10","verificationStatus":"verified"}}},{"type":"Feature","id":"osm-node-1802286979","geometry":{"type":"Point","coordinates":[-79.6707312,43.5487323]},"properties":{"kind":"path-intersection","buildingCode":null,"floor":null,"accessibility":"unknown","metadata":{"source":"OpenStreetMap","sourceUrl":"https://www.openstreetmap.org/node/1802286979","lastVerified":"2026-08-10","verificationStatus":"verified"}}},{"type":"Feature","id":"osm-node-1802286980","geometry":{"type":"Point","coordinates":[-79.6706678,43.5487593]},"properties":{"kind":"path-intersection","buildingCode":null,"floor":null,"accessibility":"unknown","metadata":{"source":"OpenStreetMap","sourceUrl":"https://www.openstreetmap.org/node/1802286980","lastVerified":"2026-08-10","verificationStatus":"verified"}}},{"type":"Feature","id":"osm-node-1802286981","geometry":{"type":"Point","coordinates":[-79.6708406,43.5487557]},"properties":{"kind":"path-intersection","buildingCode":null,"floor":null,"accessibility":"unknown","metadata":{"source":"OpenStreetMap","sourceUrl":"https://www.openstreetmap.org/node/1802286981","lastVerified":"2026-08-10","verificationStatus":"verified"}}},{"type":"Feature","id":"osm-node-1802286982","geometry":{"type":"Point","coordinates":[-79.6705435,43.5488242]},"properties":{"kind":"path-intersection","buildingCode":null,"floor":null,"accessibility":"unknown","metadata":{"source":"OpenStreetMap","sourceUrl":"https://www.openstreetmap.org/node/1802286982","lastVerified":"2026-08-10","verificationStatus":"verified"}}},{"type":"Feature","id":"osm-node-1802286983","geometry":{"type":"Point","coordinates":[-79.6708568,43.5488368]},"properties":{"kind":"path-intersection","buildingCode":null,"floor":null,"accessibility":"unknown","metadata":{"source":"OpenStreetMap","sourceUrl":"https://www.openstreetmap.org/node/1802286983","lastVerified":"2026-08-10","verificationStatus":"verified"}}},{"type":"Feature","id":"osm-node-1802287104","geometry":{"type":"Point","coordinates":[-79.6606432,43.5473078]},"properties":{"kind":"crosswalk","buildingCode":null,"floor":null,"accessibility":"unknown","metadata":{"source":"OpenStreetMap","sourceUrl":"https://www.openstreetmap.org/node/1802287104","lastVerified":"2026-08-10","verificationStatus":"verified"}}},{"type":"Feature","id":"osm-node-1802287105","geometry":{"type":"Point","coordinates":[-79.6616163,43.5473591]},"properties":{"kind":"path-intersection","buildingCode":null,"floor":null,"accessibility":"unknown","metadata":{"source":"OpenStreetMap","sourceUrl":"https://www.openstreetmap.org/node/1802287105","lastVerified":"2026-08-10","verificationStatus":"verified"}}},{"type":"Feature","id":"osm-node-1831590014","geometry":{"type":"Point","coordinates":[-79.6654967,43.5509474]},"properties":{"kind":"path-intersection","buildingCode":null,"floor":null,"accessibility":"unknown","metadata":{"source":"OpenStreetMap","sourceUrl":"https://www.openstreetmap.org/node/1831590014","lastVerified":"2026-08-10","verificationStatus":"verified"}}},{"type":"Feature","id":"osm-node-1831590018","geometry":{"type":"Point","coordinates":[-79.6653606,43.551304]},"properties":{"kind":"path-intersection","buildingCode":null,"floor":null,"accessibility":"unknown","metadata":{"source":"OpenStreetMap","sourceUrl":"https://www.openstreetmap.org/node/1831590018","lastVerified":"2026-08-10","verificationStatus":"verified"}}},{"type":"Feature","id":"osm-node-1896896475","geometry":{"type":"Point","coordinates":[-79.6611328,43.5466275]},"properties":{"kind":"crosswalk","buildingCode":null,"floor":null,"accessibility":"unknown","metadata":{"source":"OpenStreetMap","sourceUrl":"https://www.openstreetmap.org/node/1896896475","lastVerified":"2026-08-10","verificationStatus":"verified"}}},{"type":"Feature","id":"osm-node-1954057837","geometry":{"type":"Point","coordinates":[-79.6620926,43.5502859]},"properties":{"kind":"crosswalk","buildingCode":null,"floor":null,"accessibility":"unknown","metadata":{"source":"OpenStreetMap","sourceUrl":"https://www.openstreetmap.org/node/1954057837","lastVerified":"2026-08-10","verificationStatus":"verified"}}},{"type":"Feature","id":"osm-node-1954057838","geometry":{"type":"Point","coordinates":[-79.6622759,43.5503099]},"properties":{"kind":"crosswalk","buildingCode":null,"floor":null,"accessibility":"unknown","metadata":{"source":"OpenStreetMap","sourceUrl":"https://www.openstreetmap.org/node/1954057838","lastVerified":"2026-08-10","verificationStatus":"verified"}}},{"type":"Feature","id":"osm-node-1957607646","geometry":{"type":"Point","coordinates":[-79.6628382,43.5466866]},"properties":{"kind":"path-intersection","buildingCode":null,"floor":null,"accessibility":"unknown","metadata":{"source":"OpenStreetMap","sourceUrl":"https://www.openstreetmap.org/node/1957607646","lastVerified":"2026-08-10","verificationStatus":"verified"}}},{"type":"Feature","id":"osm-node-1959796716","geometry":{"type":"Point","coordinates":[-79.6626917,43.5466214]},"properties":{"kind":"crosswalk","buildingCode":null,"floor":null,"accessibility":"unknown","metadata":{"source":"OpenStreetMap","sourceUrl":"https://www.openstreetmap.org/node/1959796716","lastVerified":"2026-08-10","verificationStatus":"verified"}}},{"type":"Feature","id":"osm-node-2104874173","geometry":{"type":"Point","coordinates":[-79.6655636,43.5519465]},"properties":{"kind":"path-intersection","buildingCode":null,"floor":null,"accessibility":"unknown","metadata":{"source":"OpenStreetMap","sourceUrl":"https://www.openstreetmap.org/node/2104874173","lastVerified":"2026-08-10","verificationStatus":"verified"}}},{"type":"Feature","id":"osm-node-2105676602","geometry":{"type":"Point","coordinates":[-79.6639869,43.5485377]},"properties":{"kind":"building-entrance","buildingCode":"XR","floor":null,"accessibility":"unknown","label":"Mapped entrance","metadata":{"source":"OpenStreetMap","sourceUrl":"https://www.openstreetmap.org/node/2105676602","lastVerified":"2026-08-10","verificationStatus":"verified"}}},{"type":"Feature","id":"osm-node-2105676615","geometry":{"type":"Point","coordinates":[-79.6639956,43.5485184]},"properties":{"kind":"path-intersection","buildingCode":null,"floor":null,"accessibility":"unknown","metadata":{"source":"OpenStreetMap","sourceUrl":"https://www.openstreetmap.org/node/2105676615","lastVerified":"2026-08-10","verificationStatus":"verified"}}},{"type":"Feature","id":"osm-node-2150449094","geometry":{"type":"Point","coordinates":[-79.6674474,43.5506299]},"properties":{"kind":"path-intersection","buildingCode":null,"floor":null,"accessibility":"unknown","metadata":{"source":"OpenStreetMap","sourceUrl":"https://www.openstreetmap.org/node/2150449094","lastVerified":"2026-08-10","verificationStatus":"verified"}}},{"type":"Feature","id":"osm-node-2177142310","geometry":{"type":"Point","coordinates":[-79.6640415,43.5479234]},"properties":{"kind":"path-intersection","buildingCode":null,"floor":null,"accessibility":"unknown","metadata":{"source":"OpenStreetMap","sourceUrl":"https://www.openstreetmap.org/node/2177142310","lastVerified":"2026-08-10","verificationStatus":"verified"}}},{"type":"Feature","id":"osm-node-2182947932","geometry":{"type":"Point","coordinates":[-79.6690648,43.5458487]},"properties":{"kind":"path-intersection","buildingCode":null,"floor":null,"accessibility":"unknown","metadata":{"source":"OpenStreetMap","sourceUrl":"https://www.openstreetmap.org/node/2182947932","lastVerified":"2026-08-10","verificationStatus":"verified"}}},{"type":"Feature","id":"osm-node-2182947936","geometry":{"type":"Point","coordinates":[-79.6689825,43.5458575]},"properties":{"kind":"path-intersection","buildingCode":null,"floor":null,"accessibility":"unknown","metadata":{"source":"OpenStreetMap","sourceUrl":"https://www.openstreetmap.org/node/2182947936","lastVerified":"2026-08-10","verificationStatus":"verified"}}},{"type":"Feature","id":"osm-node-2182947937","geometry":{"type":"Point","coordinates":[-79.6661342,43.5458623]},"properties":{"kind":"path-intersection","buildingCode":null,"floor":null,"accessibility":"unknown","metadata":{"source":"OpenStreetMap","sourceUrl":"https://www.openstreetmap.org/node/2182947937","lastVerified":"2026-08-10","verificationStatus":"verified"}}},{"type":"Feature","id":"osm-node-2182947938","geometry":{"type":"Point","coordinates":[-79.668796,43.5458829]},"properties":{"kind":"path-intersection","buildingCode":null,"floor":null,"accessibility":"unknown","metadata":{"source":"OpenStreetMap","sourceUrl":"https://www.openstreetmap.org/node/2182947938","lastVerified":"2026-08-10","verificationStatus":"verified"}}},{"type":"Feature","id":"osm-node-2182947940","geometry":{"type":"Point","coordinates":[-79.6666954,43.5458946]},"properties":{"kind":"path-intersection","buildingCode":null,"floor":null,"accessibility":"unknown","metadata":{"source":"OpenStreetMap","sourceUrl":"https://www.openstreetmap.org/node/2182947940","lastVerified":"2026-08-10","verificationStatus":"verified"}}},{"type":"Feature","id":"osm-node-2182947941","geometry":{"type":"Point","coordinates":[-79.6662012,43.5459086]},"properties":{"kind":"path-intersection","buildingCode":null,"floor":null,"accessibility":"unknown","metadata":{"source":"OpenStreetMap","sourceUrl":"https://www.openstreetmap.org/node/2182947941","lastVerified":"2026-08-10","verificationStatus":"verified"}}},{"type":"Feature","id":"osm-node-2182947944","geometry":{"type":"Point","coordinates":[-79.6663297,43.5459851]},"properties":{"kind":"path-intersection","buildingCode":null,"floor":null,"accessibility":"unknown","metadata":{"source":"OpenStreetMap","sourceUrl":"https://www.openstreetmap.org/node/2182947944","lastVerified":"2026-08-10","verificationStatus":"verified"}}},{"type":"Feature","id":"osm-node-2182947945","geometry":{"type":"Point","coordinates":[-79.6665053,43.5460222]},"properties":{"kind":"path-intersection","buildingCode":null,"floor":null,"accessibility":"unknown","metadata":{"source":"OpenStreetMap","sourceUrl":"https://www.openstreetmap.org/node/2182947945","lastVerified":"2026-08-10","verificationStatus":"verified"}}},{"type":"Feature","id":"osm-node-2182947946","geometry":{"type":"Point","coordinates":[-79.6664431,43.5460817]},"properties":{"kind":"path-intersection","buildingCode":null,"floor":null,"accessibility":"unknown","metadata":{"source":"OpenStreetMap","sourceUrl":"https://www.openstreetmap.org/node/2182947946","lastVerified":"2026-08-10","verificationStatus":"verified"}}},{"type":"Feature","id":"osm-node-2182947947","geometry":{"type":"Point","coordinates":[-79.6664135,43.54611]},"properties":{"kind":"path-intersection","buildingCode":null,"floor":null,"accessibility":"unknown","metadata":{"source":"OpenStreetMap","sourceUrl":"https://www.openstreetmap.org/node/2182947947","lastVerified":"2026-08-10","verificationStatus":"verified"}}},{"type":"Feature","id":"osm-node-2182947948","geometry":{"type":"Point","coordinates":[-79.6663455,43.5461751]},"properties":{"kind":"stairs","buildingCode":null,"floor":null,"accessibility":"not_accessible","metadata":{"source":"OpenStreetMap","sourceUrl":"https://www.openstreetmap.org/node/2182947948","lastVerified":"2026-08-10","verificationStatus":"verified"}}},{"type":"Feature","id":"osm-node-2182947949","geometry":{"type":"Point","coordinates":[-79.6662742,43.5463787]},"properties":{"kind":"stairs","buildingCode":null,"floor":null,"accessibility":"not_accessible","metadata":{"source":"OpenStreetMap","sourceUrl":"https://www.openstreetmap.org/node/2182947949","lastVerified":"2026-08-10","verificationStatus":"verified"}}},{"type":"Feature","id":"osm-node-2182947950","geometry":{"type":"Point","coordinates":[-79.6662935,43.5464352]},"properties":{"kind":"path-intersection","buildingCode":null,"floor":null,"accessibility":"unknown","metadata":{"source":"OpenStreetMap","sourceUrl":"https://www.openstreetmap.org/node/2182947950","lastVerified":"2026-08-10","verificationStatus":"verified"}}},{"type":"Feature","id":"osm-node-2182947951","geometry":{"type":"Point","coordinates":[-79.6663064,43.5464598]},"properties":{"kind":"path-intersection","buildingCode":null,"floor":null,"accessibility":"unknown","metadata":{"source":"OpenStreetMap","sourceUrl":"https://www.openstreetmap.org/node/2182947951","lastVerified":"2026-08-10","verificationStatus":"verified"}}},{"type":"Feature","id":"osm-node-2182947952","geometry":{"type":"Point","coordinates":[-79.6663226,43.5464905]},"properties":{"kind":"path-intersection","buildingCode":null,"floor":null,"accessibility":"unknown","metadata":{"source":"OpenStreetMap","sourceUrl":"https://www.openstreetmap.org/node/2182947952","lastVerified":"2026-08-10","verificationStatus":"verified"}}},{"type":"Feature","id":"osm-node-2223010259","geometry":{"type":"Point","coordinates":[-79.6638581,43.5481544]},"properties":{"kind":"crosswalk","buildingCode":null,"floor":null,"accessibility":"unknown","metadata":{"source":"OpenStreetMap","sourceUrl":"https://www.openstreetmap.org/node/2223010259","lastVerified":"2026-08-10","verificationStatus":"verified"}}},{"type":"Feature","id":"osm-node-2383650599","geometry":{"type":"Point","coordinates":[-79.6636318,43.5516425]},"properties":{"kind":"building-entrance","buildingCode":"IB","floor":null,"accessibility":"unknown","label":"Main entrance","metadata":{"source":"OpenStreetMap","sourceUrl":"https://www.openstreetmap.org/node/2383650599","lastVerified":"2026-08-10","verificationStatus":"verified"}}},{"type":"Feature","id":"osm-node-2383652223","geometry":{"type":"Point","coordinates":[-79.6644139,43.5519368]},"properties":{"kind":"path-intersection","buildingCode":null,"floor":null,"accessibility":"unknown","metadata":{"source":"OpenStreetMap","sourceUrl":"https://www.openstreetmap.org/node/2383652223","lastVerified":"2026-08-10","verificationStatus":"verified"}}},{"type":"Feature","id":"osm-node-2383653565","geometry":{"type":"Point","coordinates":[-79.6642634,43.5514803]},"properties":{"kind":"building-entrance","buildingCode":"IB","floor":null,"accessibility":"unknown","label":"Mapped entrance","metadata":{"source":"OpenStreetMap","sourceUrl":"https://www.openstreetmap.org/node/2383653565","lastVerified":"2026-08-10","verificationStatus":"verified"}}},{"type":"Feature","id":"osm-node-2383787215","geometry":{"type":"Point","coordinates":[-79.6633946,43.5511997]},"properties":{"kind":"path-intersection","buildingCode":null,"floor":null,"accessibility":"unknown","metadata":{"source":"OpenStreetMap","sourceUrl":"https://www.openstreetmap.org/node/2383787215","lastVerified":"2026-08-10","verificationStatus":"verified"}}},{"type":"Feature","id":"osm-node-2383787216","geometry":{"type":"Point","coordinates":[-79.6634865,43.5512351]},"properties":{"kind":"path-intersection","buildingCode":null,"floor":null,"accessibility":"unknown","metadata":{"source":"OpenStreetMap","sourceUrl":"https://www.openstreetmap.org/node/2383787216","lastVerified":"2026-08-10","verificationStatus":"verified"}}},{"type":"Feature","id":"osm-node-2383787258","geometry":{"type":"Point","coordinates":[-79.6616194,43.5514105]},"properties":{"kind":"path-intersection","buildingCode":null,"floor":null,"accessibility":"unknown","metadata":{"source":"OpenStreetMap","sourceUrl":"https://www.openstreetmap.org/node/2383787258","lastVerified":"2026-08-10","verificationStatus":"verified"}}},{"type":"Feature","id":"osm-node-2383787259","geometry":{"type":"Point","coordinates":[-79.6624576,43.5514855]},"properties":{"kind":"path-intersection","buildingCode":null,"floor":null,"accessibility":"unknown","metadata":{"source":"OpenStreetMap","sourceUrl":"https://www.openstreetmap.org/node/2383787259","lastVerified":"2026-08-10","verificationStatus":"verified"}}},{"type":"Feature","id":"osm-node-2383787260","geometry":{"type":"Point","coordinates":[-79.6616234,43.551475]},"properties":{"kind":"path-intersection","buildingCode":null,"floor":null,"accessibility":"unknown","metadata":{"source":"OpenStreetMap","sourceUrl":"https://www.openstreetmap.org/node/2383787260","lastVerified":"2026-08-10","verificationStatus":"verified"}}},{"type":"Feature","id":"osm-node-2383787261","geometry":{"type":"Point","coordinates":[-79.6617558,43.5516392]},"properties":{"kind":"path-intersection","buildingCode":null,"floor":null,"accessibility":"unknown","metadata":{"source":"OpenStreetMap","sourceUrl":"https://www.openstreetmap.org/node/2383787261","lastVerified":"2026-08-10","verificationStatus":"verified"}}},{"type":"Feature","id":"osm-node-2383787262","geometry":{"type":"Point","coordinates":[-79.6622918,43.5516708]},"properties":{"kind":"path-intersection","buildingCode":null,"floor":null,"accessibility":"unknown","metadata":{"source":"OpenStreetMap","sourceUrl":"https://www.openstreetmap.org/node/2383787262","lastVerified":"2026-08-10","verificationStatus":"verified"}}},{"type":"Feature","id":"osm-node-2383790600","geometry":{"type":"Point","coordinates":[-79.6658261,43.5468942]},"properties":{"kind":"path-intersection","buildingCode":null,"floor":null,"accessibility":"unknown","metadata":{"source":"OpenStreetMap","sourceUrl":"https://www.openstreetmap.org/node/2383790600","lastVerified":"2026-08-10","verificationStatus":"verified"}}},{"type":"Feature","id":"osm-node-2383790602","geometry":{"type":"Point","coordinates":[-79.6656643,43.5470701]},"properties":{"kind":"path-intersection","buildingCode":null,"floor":null,"accessibility":"unknown","metadata":{"source":"OpenStreetMap","sourceUrl":"https://www.openstreetmap.org/node/2383790602","lastVerified":"2026-08-10","verificationStatus":"verified"}}},{"type":"Feature","id":"osm-node-2383790603","geometry":{"type":"Point","coordinates":[-79.6638522,43.5470954]},"properties":{"kind":"crosswalk","buildingCode":null,"floor":null,"accessibility":"unknown","metadata":{"source":"OpenStreetMap","sourceUrl":"https://www.openstreetmap.org/node/2383790603","lastVerified":"2026-08-10","verificationStatus":"verified"}}},{"type":"Feature","id":"osm-node-2383790604","geometry":{"type":"Point","coordinates":[-79.6651817,43.5472779]},"properties":{"kind":"path-intersection","buildingCode":null,"floor":null,"accessibility":"unknown","metadata":{"source":"OpenStreetMap","sourceUrl":"https://www.openstreetmap.org/node/2383790604","lastVerified":"2026-08-10","verificationStatus":"verified"}}},{"type":"Feature","id":"osm-node-2383790606","geometry":{"type":"Point","coordinates":[-79.6649308,43.5473321]},"properties":{"kind":"path-intersection","buildingCode":null,"floor":null,"accessibility":"unknown","metadata":{"source":"OpenStreetMap","sourceUrl":"https://www.openstreetmap.org/node/2383790606","lastVerified":"2026-08-10","verificationStatus":"verified"}}},{"type":"Feature","id":"osm-node-2383790607","geometry":{"type":"Point","coordinates":[-79.6646857,43.547339]},"properties":{"kind":"path-intersection","buildingCode":null,"floor":null,"accessibility":"unknown","metadata":{"source":"OpenStreetMap","sourceUrl":"https://www.openstreetmap.org/node/2383790607","lastVerified":"2026-08-10","verificationStatus":"verified"}}},{"type":"Feature","id":"osm-node-2383792458","geometry":{"type":"Point","coordinates":[-79.6654349,43.5471854]},"properties":{"kind":"path-intersection","buildingCode":null,"floor":null,"accessibility":"unknown","metadata":{"source":"OpenStreetMap","sourceUrl":"https://www.openstreetmap.org/node/2383792458","lastVerified":"2026-08-10","verificationStatus":"verified"}}},{"type":"Feature","id":"osm-node-2383794676","geometry":{"type":"Point","coordinates":[-79.6609599,43.5467011]},"properties":{"kind":"path-intersection","buildingCode":null,"floor":null,"accessibility":"unknown","metadata":{"source":"OpenStreetMap","sourceUrl":"https://www.openstreetmap.org/node/2383794676","lastVerified":"2026-08-10","verificationStatus":"verified"}}},{"type":"Feature","id":"osm-node-2383794677","geometry":{"type":"Point","coordinates":[-79.6607972,43.5468159]},"properties":{"kind":"path-intersection","buildingCode":null,"floor":null,"accessibility":"unknown","metadata":{"source":"OpenStreetMap","sourceUrl":"https://www.openstreetmap.org/node/2383794677","lastVerified":"2026-08-10","verificationStatus":"verified"}}},{"type":"Feature","id":"osm-node-2383794678","geometry":{"type":"Point","coordinates":[-79.6607123,43.5469203]},"properties":{"kind":"path-intersection","buildingCode":null,"floor":null,"accessibility":"unknown","metadata":{"source":"OpenStreetMap","sourceUrl":"https://www.openstreetmap.org/node/2383794678","lastVerified":"2026-08-10","verificationStatus":"verified"}}},{"type":"Feature","id":"osm-node-2383794679","geometry":{"type":"Point","coordinates":[-79.6602417,43.5470907]},"properties":{"kind":"path-intersection","buildingCode":null,"floor":null,"accessibility":"unknown","metadata":{"source":"OpenStreetMap","sourceUrl":"https://www.openstreetmap.org/node/2383794679","lastVerified":"2026-08-10","verificationStatus":"verified"}}},{"type":"Feature","id":"osm-node-2383794680","geometry":{"type":"Point","coordinates":[-79.6603124,43.5471271]},"properties":{"kind":"path-intersection","buildingCode":null,"floor":null,"accessibility":"unknown","metadata":{"source":"OpenStreetMap","sourceUrl":"https://www.openstreetmap.org/node/2383794680","lastVerified":"2026-08-10","verificationStatus":"verified"}}},{"type":"Feature","id":"osm-node-2383794681","geometry":{"type":"Point","coordinates":[-79.66062,43.5471327]},"properties":{"kind":"crosswalk","buildingCode":null,"floor":null,"accessibility":"unknown","metadata":{"source":"OpenStreetMap","sourceUrl":"https://www.openstreetmap.org/node/2383794681","lastVerified":"2026-08-10","verificationStatus":"verified"}}},{"type":"Feature","id":"osm-node-2383794683","geometry":{"type":"Point","coordinates":[-79.6604098,43.5471649]},"properties":{"kind":"path-intersection","buildingCode":null,"floor":null,"accessibility":"unknown","metadata":{"source":"OpenStreetMap","sourceUrl":"https://www.openstreetmap.org/node/2383794683","lastVerified":"2026-08-10","verificationStatus":"verified"}}},{"type":"Feature","id":"osm-node-2383794684","geometry":{"type":"Point","coordinates":[-79.6605953,43.5472034]},"properties":{"kind":"crosswalk","buildingCode":null,"floor":null,"accessibility":"unknown","metadata":{"source":"OpenStreetMap","sourceUrl":"https://www.openstreetmap.org/node/2383794684","lastVerified":"2026-08-10","verificationStatus":"verified"}}},{"type":"Feature","id":"osm-node-2383794685","geometry":{"type":"Point","coordinates":[-79.6605712,43.5472999]},"properties":{"kind":"path-intersection","buildingCode":null,"floor":null,"accessibility":"unknown","metadata":{"source":"OpenStreetMap","sourceUrl":"https://www.openstreetmap.org/node/2383794685","lastVerified":"2026-08-10","verificationStatus":"verified"}}},{"type":"Feature","id":"osm-node-2445209568","geometry":{"type":"Point","coordinates":[-79.662075,43.547269]},"properties":{"kind":"path-intersection","buildingCode":null,"floor":null,"accessibility":"unknown","metadata":{"source":"OpenStreetMap","sourceUrl":"https://www.openstreetmap.org/node/2445209568","lastVerified":"2026-08-10","verificationStatus":"verified"}}},{"type":"Feature","id":"osm-node-2445209570","geometry":{"type":"Point","coordinates":[-79.6605221,43.5485728]},"properties":{"kind":"path-intersection","buildingCode":null,"floor":null,"accessibility":"unknown","metadata":{"source":"OpenStreetMap","sourceUrl":"https://www.openstreetmap.org/node/2445209570","lastVerified":"2026-08-10","verificationStatus":"verified"}}},{"type":"Feature","id":"osm-node-2445210061","geometry":{"type":"Point","coordinates":[-79.6658629,43.54882]},"properties":{"kind":"path-intersection","buildingCode":null,"floor":null,"accessibility":"unknown","metadata":{"source":"OpenStreetMap","sourceUrl":"https://www.openstreetmap.org/node/2445210061","lastVerified":"2026-08-10","verificationStatus":"verified"}}},{"type":"Feature","id":"osm-node-2445210251","geometry":{"type":"Point","coordinates":[-79.6621528,43.550041]},"properties":{"kind":"path-intersection","buildingCode":null,"floor":null,"accessibility":"unknown","metadata":{"source":"OpenStreetMap","sourceUrl":"https://www.openstreetmap.org/node/2445210251","lastVerified":"2026-08-10","verificationStatus":"verified"}}},{"type":"Feature","id":"osm-node-2445210256","geometry":{"type":"Point","coordinates":[-79.6620385,43.5506316]},"properties":{"kind":"path-intersection","buildingCode":null,"floor":null,"accessibility":"unknown","metadata":{"source":"OpenStreetMap","sourceUrl":"https://www.openstreetmap.org/node/2445210256","lastVerified":"2026-08-10","verificationStatus":"verified"}}},{"type":"Feature","id":"osm-node-2445210259","geometry":{"type":"Point","coordinates":[-79.6622822,43.5507083]},"properties":{"kind":"path-intersection","buildingCode":null,"floor":null,"accessibility":"unknown","metadata":{"source":"OpenStreetMap","sourceUrl":"https://www.openstreetmap.org/node/2445210259","lastVerified":"2026-08-10","verificationStatus":"verified"}}},{"type":"Feature","id":"osm-node-287185979","geometry":{"type":"Point","coordinates":[-79.6606816,43.5471421]},"properties":{"kind":"path-intersection","buildingCode":null,"floor":null,"accessibility":"unknown","metadata":{"source":"OpenStreetMap","sourceUrl":"https://www.openstreetmap.org/node/287185979","lastVerified":"2026-08-10","verificationStatus":"verified"}}},{"type":"Feature","id":"osm-node-287185991","geometry":{"type":"Point","coordinates":[-79.6627223,43.5467053]},"properties":{"kind":"crosswalk","buildingCode":null,"floor":null,"accessibility":"unknown","metadata":{"source":"OpenStreetMap","sourceUrl":"https://www.openstreetmap.org/node/287185991","lastVerified":"2026-08-10","verificationStatus":"verified"}}},{"type":"Feature","id":"osm-node-287185998","geometry":{"type":"Point","coordinates":[-79.6649556,43.5473765]},"properties":{"kind":"crosswalk","buildingCode":null,"floor":null,"accessibility":"unknown","metadata":{"source":"OpenStreetMap","sourceUrl":"https://www.openstreetmap.org/node/287185998","lastVerified":"2026-08-10","verificationStatus":"verified"}}},{"type":"Feature","id":"osm-node-3459513466","geometry":{"type":"Point","coordinates":[-79.6711135,43.5451402]},"properties":{"kind":"path-intersection","buildingCode":null,"floor":null,"accessibility":"unknown","metadata":{"source":"OpenStreetMap","sourceUrl":"https://www.openstreetmap.org/node/3459513466","lastVerified":"2026-08-10","verificationStatus":"verified"}}},{"type":"Feature","id":"osm-node-3459513482","geometry":{"type":"Point","coordinates":[-79.6705068,43.5449675]},"properties":{"kind":"crosswalk","buildingCode":null,"floor":null,"accessibility":"unknown","metadata":{"source":"OpenStreetMap","sourceUrl":"https://www.openstreetmap.org/node/3459513482","lastVerified":"2026-08-10","verificationStatus":"verified"}}},{"type":"Feature","id":"osm-node-3459513489","geometry":{"type":"Point","coordinates":[-79.6708192,43.5450474]},"properties":{"kind":"path-intersection","buildingCode":null,"floor":null,"accessibility":"unknown","metadata":{"source":"OpenStreetMap","sourceUrl":"https://www.openstreetmap.org/node/3459513489","lastVerified":"2026-08-10","verificationStatus":"verified"}}},{"type":"Feature","id":"osm-node-3459514394","geometry":{"type":"Point","coordinates":[-79.6718393,43.5454469]},"properties":{"kind":"path-intersection","buildingCode":null,"floor":null,"accessibility":"unknown","metadata":{"source":"OpenStreetMap","sourceUrl":"https://www.openstreetmap.org/node/3459514394","lastVerified":"2026-08-10","verificationStatus":"verified"}}},{"type":"Feature","id":"osm-node-3459514395","geometry":{"type":"Point","coordinates":[-79.6724053,43.5457422]},"properties":{"kind":"crosswalk","buildingCode":null,"floor":null,"accessibility":"unknown","metadata":{"source":"OpenStreetMap","sourceUrl":"https://www.openstreetmap.org/node/3459514395","lastVerified":"2026-08-10","verificationStatus":"verified"}}},{"type":"Feature","id":"osm-node-3459514399","geometry":{"type":"Point","coordinates":[-79.6713111,43.5452093]},"properties":{"kind":"path-intersection","buildingCode":null,"floor":null,"accessibility":"unknown","metadata":{"source":"OpenStreetMap","sourceUrl":"https://www.openstreetmap.org/node/3459514399","lastVerified":"2026-08-10","verificationStatus":"verified"}}},{"type":"Feature","id":"osm-node-3459514404","geometry":{"type":"Point","coordinates":[-79.6714688,43.5452643]},"properties":{"kind":"path-intersection","buildingCode":null,"floor":null,"accessibility":"unknown","metadata":{"source":"OpenStreetMap","sourceUrl":"https://www.openstreetmap.org/node/3459514404","lastVerified":"2026-08-10","verificationStatus":"verified"}}},{"type":"Feature","id":"osm-node-3459514409","geometry":{"type":"Point","coordinates":[-79.6716682,43.5453593]},"properties":{"kind":"path-intersection","buildingCode":null,"floor":null,"accessibility":"unknown","metadata":{"source":"OpenStreetMap","sourceUrl":"https://www.openstreetmap.org/node/3459514409","lastVerified":"2026-08-10","verificationStatus":"verified"}}},{"type":"Feature","id":"osm-node-361906403","geometry":{"type":"Point","coordinates":[-79.6603538,43.5485457]},"properties":{"kind":"path-intersection","buildingCode":null,"floor":null,"accessibility":"unknown","metadata":{"source":"OpenStreetMap","sourceUrl":"https://www.openstreetmap.org/node/361906403","lastVerified":"2026-08-10","verificationStatus":"verified"}}},{"type":"Feature","id":"osm-node-361906534","geometry":{"type":"Point","coordinates":[-79.6616681,43.5512667]},"properties":{"kind":"path-intersection","buildingCode":null,"floor":null,"accessibility":"unknown","metadata":{"source":"OpenStreetMap","sourceUrl":"https://www.openstreetmap.org/node/361906534","lastVerified":"2026-08-10","verificationStatus":"verified"}}},{"type":"Feature","id":"osm-node-361906561","geometry":{"type":"Point","coordinates":[-79.6643411,43.5520221]},"properties":{"kind":"path-intersection","buildingCode":null,"floor":null,"accessibility":"unknown","metadata":{"source":"OpenStreetMap","sourceUrl":"https://www.openstreetmap.org/node/361906561","lastVerified":"2026-08-10","verificationStatus":"verified"}}},{"type":"Feature","id":"osm-node-369764901","geometry":{"type":"Point","coordinates":[-79.6671546,43.5505927]},"properties":{"kind":"path-intersection","buildingCode":null,"floor":null,"accessibility":"unknown","metadata":{"source":"OpenStreetMap","sourceUrl":"https://www.openstreetmap.org/node/369764901","lastVerified":"2026-08-10","verificationStatus":"verified"}}},{"type":"Feature","id":"osm-node-369764908","geometry":{"type":"Point","coordinates":[-79.6605057,43.5524111]},"properties":{"kind":"path-intersection","buildingCode":null,"floor":null,"accessibility":"unknown","metadata":{"source":"OpenStreetMap","sourceUrl":"https://www.openstreetmap.org/node/369764908","lastVerified":"2026-08-10","verificationStatus":"verified"}}},{"type":"Feature","id":"osm-node-370067838","geometry":{"type":"Point","coordinates":[-79.6708855,43.5503076]},"properties":{"kind":"path-intersection","buildingCode":null,"floor":null,"accessibility":"unknown","metadata":{"source":"OpenStreetMap","sourceUrl":"https://www.openstreetmap.org/node/370067838","lastVerified":"2026-08-10","verificationStatus":"verified"}}},{"type":"Feature","id":"osm-node-370067895","geometry":{"type":"Point","coordinates":[-79.6700224,43.5517914]},"properties":{"kind":"path-intersection","buildingCode":null,"floor":null,"accessibility":"unknown","metadata":{"source":"OpenStreetMap","sourceUrl":"https://www.openstreetmap.org/node/370067895","lastVerified":"2026-08-10","verificationStatus":"verified"}}},{"type":"Feature","id":"osm-node-370068104","geometry":{"type":"Point","coordinates":[-79.673181,43.5482642]},"properties":{"kind":"path-intersection","buildingCode":null,"floor":null,"accessibility":"unknown","metadata":{"source":"OpenStreetMap","sourceUrl":"https://www.openstreetmap.org/node/370068104","lastVerified":"2026-08-10","verificationStatus":"verified"}}},{"type":"Feature","id":"osm-node-370068835","geometry":{"type":"Point","coordinates":[-79.6669497,43.5475409]},"properties":{"kind":"path-intersection","buildingCode":null,"floor":null,"accessibility":"unknown","metadata":{"source":"OpenStreetMap","sourceUrl":"https://www.openstreetmap.org/node/370068835","lastVerified":"2026-08-10","verificationStatus":"verified"}}},{"type":"Feature","id":"osm-node-370303685","geometry":{"type":"Point","coordinates":[-79.662849,43.5519024]},"properties":{"kind":"path-intersection","buildingCode":null,"floor":null,"accessibility":"unknown","metadata":{"source":"OpenStreetMap","sourceUrl":"https://www.openstreetmap.org/node/370303685","lastVerified":"2026-08-10","verificationStatus":"verified"}}},{"type":"Feature","id":"osm-node-370303687","geometry":{"type":"Point","coordinates":[-79.6631207,43.5520733]},"properties":{"kind":"path-intersection","buildingCode":null,"floor":null,"accessibility":"unknown","metadata":{"source":"OpenStreetMap","sourceUrl":"https://www.openstreetmap.org/node/370303687","lastVerified":"2026-08-10","verificationStatus":"verified"}}},{"type":"Feature","id":"osm-node-370303705","geometry":{"type":"Point","coordinates":[-79.6625132,43.5519727]},"properties":{"kind":"path-intersection","buildingCode":null,"floor":null,"accessibility":"unknown","metadata":{"source":"OpenStreetMap","sourceUrl":"https://www.openstreetmap.org/node/370303705","lastVerified":"2026-08-10","verificationStatus":"verified"}}},{"type":"Feature","id":"osm-node-370303706","geometry":{"type":"Point","coordinates":[-79.6621431,43.5522545]},"properties":{"kind":"path-intersection","buildingCode":null,"floor":null,"accessibility":"unknown","metadata":{"source":"OpenStreetMap","sourceUrl":"https://www.openstreetmap.org/node/370303706","lastVerified":"2026-08-10","verificationStatus":"verified"}}},{"type":"Feature","id":"osm-node-370304232","geometry":{"type":"Point","coordinates":[-79.665241,43.5512445]},"properties":{"kind":"path-intersection","buildingCode":null,"floor":null,"accessibility":"unknown","metadata":{"source":"OpenStreetMap","sourceUrl":"https://www.openstreetmap.org/node/370304232","lastVerified":"2026-08-10","verificationStatus":"verified"}}},{"type":"Feature","id":"osm-node-370304296","geometry":{"type":"Point","coordinates":[-79.6656468,43.5508201]},"properties":{"kind":"path-intersection","buildingCode":null,"floor":null,"accessibility":"unknown","metadata":{"source":"OpenStreetMap","sourceUrl":"https://www.openstreetmap.org/node/370304296","lastVerified":"2026-08-10","verificationStatus":"verified"}}},{"type":"Feature","id":"osm-node-370304306","geometry":{"type":"Point","coordinates":[-79.6665456,43.5501938]},"properties":{"kind":"path-intersection","buildingCode":null,"floor":null,"accessibility":"unknown","metadata":{"source":"OpenStreetMap","sourceUrl":"https://www.openstreetmap.org/node/370304306","lastVerified":"2026-08-10","verificationStatus":"verified"}}},{"type":"Feature","id":"osm-node-370304307","geometry":{"type":"Point","coordinates":[-79.6659631,43.5500569]},"properties":{"kind":"path-intersection","buildingCode":null,"floor":null,"accessibility":"unknown","metadata":{"source":"OpenStreetMap","sourceUrl":"https://www.openstreetmap.org/node/370304307","lastVerified":"2026-08-10","verificationStatus":"verified"}}},{"type":"Feature","id":"osm-node-370304437","geometry":{"type":"Point","coordinates":[-79.6623944,43.5507235]},"properties":{"kind":"path-intersection","buildingCode":null,"floor":null,"accessibility":"unknown","metadata":{"source":"OpenStreetMap","sourceUrl":"https://www.openstreetmap.org/node/370304437","lastVerified":"2026-08-10","verificationStatus":"verified"}}},{"type":"Feature","id":"osm-node-370304447","geometry":{"type":"Point","coordinates":[-79.6623289,43.5510038]},"properties":{"kind":"path-intersection","buildingCode":null,"floor":null,"accessibility":"unknown","metadata":{"source":"OpenStreetMap","sourceUrl":"https://www.openstreetmap.org/node/370304447","lastVerified":"2026-08-10","verificationStatus":"verified"}}},{"type":"Feature","id":"osm-node-370304557","geometry":{"type":"Point","coordinates":[-79.6601811,43.5496886]},"properties":{"kind":"path-intersection","buildingCode":null,"floor":null,"accessibility":"unknown","metadata":{"source":"OpenStreetMap","sourceUrl":"https://www.openstreetmap.org/node/370304557","lastVerified":"2026-08-10","verificationStatus":"verified"}}},{"type":"Feature","id":"osm-node-370304957","geometry":{"type":"Point","coordinates":[-79.6656389,43.548165]},"properties":{"kind":"path-intersection","buildingCode":null,"floor":null,"accessibility":"unknown","metadata":{"source":"OpenStreetMap","sourceUrl":"https://www.openstreetmap.org/node/370304957","lastVerified":"2026-08-10","verificationStatus":"verified"}}},{"type":"Feature","id":"osm-node-370304987","geometry":{"type":"Point","coordinates":[-79.6666715,43.5489062]},"properties":{"kind":"path-intersection","buildingCode":null,"floor":null,"accessibility":"unknown","metadata":{"source":"OpenStreetMap","sourceUrl":"https://www.openstreetmap.org/node/370304987","lastVerified":"2026-08-10","verificationStatus":"verified"}}},{"type":"Feature","id":"osm-node-370304989","geometry":{"type":"Point","coordinates":[-79.6660185,43.5484714]},"properties":{"kind":"crosswalk","buildingCode":null,"floor":null,"accessibility":"unknown","metadata":{"source":"OpenStreetMap","sourceUrl":"https://www.openstreetmap.org/node/370304989","lastVerified":"2026-08-10","verificationStatus":"verified"}}},{"type":"Feature","id":"osm-node-370305047","geometry":{"type":"Point","coordinates":[-79.6678668,43.5494466]},"properties":{"kind":"path-intersection","buildingCode":null,"floor":null,"accessibility":"unknown","metadata":{"source":"OpenStreetMap","sourceUrl":"https://www.openstreetmap.org/node/370305047","lastVerified":"2026-08-10","verificationStatus":"verified"}}},{"type":"Feature","id":"osm-node-370305048","geometry":{"type":"Point","coordinates":[-79.6682242,43.5496601]},"properties":{"kind":"path-intersection","buildingCode":null,"floor":null,"accessibility":"unknown","metadata":{"source":"OpenStreetMap","sourceUrl":"https://www.openstreetmap.org/node/370305048","lastVerified":"2026-08-10","verificationStatus":"verified"}}},{"type":"Feature","id":"osm-node-370305069","geometry":{"type":"Point","coordinates":[-79.6667237,43.548548]},"properties":{"kind":"path-intersection","buildingCode":null,"floor":null,"accessibility":"unknown","metadata":{"source":"OpenStreetMap","sourceUrl":"https://www.openstreetmap.org/node/370305069","lastVerified":"2026-08-10","verificationStatus":"verified"}}},{"type":"Feature","id":"osm-node-370305312","geometry":{"type":"Point","coordinates":[-79.665126,43.5476754]},"properties":{"kind":"crosswalk","buildingCode":null,"floor":null,"accessibility":"unknown","metadata":{"source":"OpenStreetMap","sourceUrl":"https://www.openstreetmap.org/node/370305312","lastVerified":"2026-08-10","verificationStatus":"verified"}}},{"type":"Feature","id":"osm-node-370305362","geometry":{"type":"Point","coordinates":[-79.6627437,43.5464316]},"properties":{"kind":"path-intersection","buildingCode":null,"floor":null,"accessibility":"unknown","metadata":{"source":"OpenStreetMap","sourceUrl":"https://www.openstreetmap.org/node/370305362","lastVerified":"2026-08-10","verificationStatus":"verified"}}},{"type":"Feature","id":"osm-node-370305364","geometry":{"type":"Point","coordinates":[-79.6628474,43.5461413]},"properties":{"kind":"path-intersection","buildingCode":null,"floor":null,"accessibility":"unknown","metadata":{"source":"OpenStreetMap","sourceUrl":"https://www.openstreetmap.org/node/370305364","lastVerified":"2026-08-10","verificationStatus":"verified"}}},{"type":"Feature","id":"osm-node-370305365","geometry":{"type":"Point","coordinates":[-79.663197,43.5459245]},"properties":{"kind":"path-intersection","buildingCode":null,"floor":null,"accessibility":"unknown","metadata":{"source":"OpenStreetMap","sourceUrl":"https://www.openstreetmap.org/node/370305365","lastVerified":"2026-08-10","verificationStatus":"verified"}}},{"type":"Feature","id":"osm-node-370305366","geometry":{"type":"Point","coordinates":[-79.6633314,43.5458995]},"properties":{"kind":"path-intersection","buildingCode":null,"floor":null,"accessibility":"unknown","metadata":{"source":"OpenStreetMap","sourceUrl":"https://www.openstreetmap.org/node/370305366","lastVerified":"2026-08-10","verificationStatus":"verified"}}},{"type":"Feature","id":"osm-node-370305367","geometry":{"type":"Point","coordinates":[-79.6636549,43.546027]},"properties":{"kind":"path-intersection","buildingCode":null,"floor":null,"accessibility":"unknown","metadata":{"source":"OpenStreetMap","sourceUrl":"https://www.openstreetmap.org/node/370305367","lastVerified":"2026-08-10","verificationStatus":"verified"}}},{"type":"Feature","id":"osm-node-370305368","geometry":{"type":"Point","coordinates":[-79.6636955,43.5460534]},"properties":{"kind":"path-intersection","buildingCode":null,"floor":null,"accessibility":"unknown","metadata":{"source":"OpenStreetMap","sourceUrl":"https://www.openstreetmap.org/node/370305368","lastVerified":"2026-08-10","verificationStatus":"verified"}}},{"type":"Feature","id":"osm-node-370305370","geometry":{"type":"Point","coordinates":[-79.6636989,43.5470965]},"properties":{"kind":"path-intersection","buildingCode":null,"floor":null,"accessibility":"unknown","metadata":{"source":"OpenStreetMap","sourceUrl":"https://www.openstreetmap.org/node/370305370","lastVerified":"2026-08-10","verificationStatus":"verified"}}},{"type":"Feature","id":"osm-node-370305404","geometry":{"type":"Point","coordinates":[-79.6646101,43.5467314]},"properties":{"kind":"path-intersection","buildingCode":null,"floor":null,"accessibility":"unknown","metadata":{"source":"OpenStreetMap","sourceUrl":"https://www.openstreetmap.org/node/370305404","lastVerified":"2026-08-10","verificationStatus":"verified"}}},{"type":"Feature","id":"osm-node-370305412","geometry":{"type":"Point","coordinates":[-79.6640181,43.5464199]},"properties":{"kind":"path-intersection","buildingCode":null,"floor":null,"accessibility":"unknown","metadata":{"source":"OpenStreetMap","sourceUrl":"https://www.openstreetmap.org/node/370305412","lastVerified":"2026-08-10","verificationStatus":"verified"}}},{"type":"Feature","id":"osm-node-370305450","geometry":{"type":"Point","coordinates":[-79.6633088,43.5467227]},"properties":{"kind":"path-intersection","buildingCode":null,"floor":null,"accessibility":"unknown","metadata":{"source":"OpenStreetMap","sourceUrl":"https://www.openstreetmap.org/node/370305450","lastVerified":"2026-08-10","verificationStatus":"verified"}}},{"type":"Feature","id":"osm-node-370305451","geometry":{"type":"Point","coordinates":[-79.6631995,43.5465951]},"properties":{"kind":"path-intersection","buildingCode":null,"floor":null,"accessibility":"unknown","metadata":{"source":"OpenStreetMap","sourceUrl":"https://www.openstreetmap.org/node/370305451","lastVerified":"2026-08-10","verificationStatus":"verified"}}},{"type":"Feature","id":"osm-node-370305452","geometry":{"type":"Point","coordinates":[-79.6631519,43.5464214]},"properties":{"kind":"path-intersection","buildingCode":null,"floor":null,"accessibility":"unknown","metadata":{"source":"OpenStreetMap","sourceUrl":"https://www.openstreetmap.org/node/370305452","lastVerified":"2026-08-10","verificationStatus":"verified"}}},{"type":"Feature","id":"osm-node-370305453","geometry":{"type":"Point","coordinates":[-79.6637873,43.5461285]},"properties":{"kind":"path-intersection","buildingCode":null,"floor":null,"accessibility":"unknown","metadata":{"source":"OpenStreetMap","sourceUrl":"https://www.openstreetmap.org/node/370305453","lastVerified":"2026-08-10","verificationStatus":"verified"}}},{"type":"Feature","id":"osm-node-370305455","geometry":{"type":"Point","coordinates":[-79.664468,43.5462053]},"properties":{"kind":"path-intersection","buildingCode":null,"floor":null,"accessibility":"unknown","metadata":{"source":"OpenStreetMap","sourceUrl":"https://www.openstreetmap.org/node/370305455","lastVerified":"2026-08-10","verificationStatus":"verified"}}},{"type":"Feature","id":"osm-node-370305459","geometry":{"type":"Point","coordinates":[-79.6643693,43.5460602]},"properties":{"kind":"path-intersection","buildingCode":null,"floor":null,"accessibility":"unknown","metadata":{"source":"OpenStreetMap","sourceUrl":"https://www.openstreetmap.org/node/370305459","lastVerified":"2026-08-10","verificationStatus":"verified"}}},{"type":"Feature","id":"osm-node-370305477","geometry":{"type":"Point","coordinates":[-79.6638959,43.5462656]},"properties":{"kind":"path-intersection","buildingCode":null,"floor":null,"accessibility":"unknown","metadata":{"source":"OpenStreetMap","sourceUrl":"https://www.openstreetmap.org/node/370305477","lastVerified":"2026-08-10","verificationStatus":"verified"}}},{"type":"Feature","id":"osm-node-370305758","geometry":{"type":"Point","coordinates":[-79.6609636,43.5463702]},"properties":{"kind":"path-intersection","buildingCode":null,"floor":null,"accessibility":"unknown","metadata":{"source":"OpenStreetMap","sourceUrl":"https://www.openstreetmap.org/node/370305758","lastVerified":"2026-08-10","verificationStatus":"verified"}}},{"type":"Feature","id":"osm-node-370305780","geometry":{"type":"Point","coordinates":[-79.6613113,43.5463347]},"properties":{"kind":"path-intersection","buildingCode":null,"floor":null,"accessibility":"unknown","metadata":{"source":"OpenStreetMap","sourceUrl":"https://www.openstreetmap.org/node/370305780","lastVerified":"2026-08-10","verificationStatus":"verified"}}},{"type":"Feature","id":"osm-node-370305781","geometry":{"type":"Point","coordinates":[-79.661582,43.5461286]},"properties":{"kind":"path-intersection","buildingCode":null,"floor":null,"accessibility":"unknown","metadata":{"source":"OpenStreetMap","sourceUrl":"https://www.openstreetmap.org/node/370305781","lastVerified":"2026-08-10","verificationStatus":"verified"}}},{"type":"Feature","id":"osm-node-370305782","geometry":{"type":"Point","coordinates":[-79.6619499,43.5457396]},"properties":{"kind":"path-intersection","buildingCode":null,"floor":null,"accessibility":"unknown","metadata":{"source":"OpenStreetMap","sourceUrl":"https://www.openstreetmap.org/node/370305782","lastVerified":"2026-08-10","verificationStatus":"verified"}}},{"type":"Feature","id":"osm-node-370305783","geometry":{"type":"Point","coordinates":[-79.6613304,43.5455711]},"properties":{"kind":"path-intersection","buildingCode":null,"floor":null,"accessibility":"unknown","metadata":{"source":"OpenStreetMap","sourceUrl":"https://www.openstreetmap.org/node/370305783","lastVerified":"2026-08-10","verificationStatus":"verified"}}},{"type":"Feature","id":"osm-node-370305784","geometry":{"type":"Point","coordinates":[-79.6611813,43.5456914]},"properties":{"kind":"path-intersection","buildingCode":null,"floor":null,"accessibility":"unknown","metadata":{"source":"OpenStreetMap","sourceUrl":"https://www.openstreetmap.org/node/370305784","lastVerified":"2026-08-10","verificationStatus":"verified"}}},{"type":"Feature","id":"osm-node-370305828","geometry":{"type":"Point","coordinates":[-79.6604426,43.547097]},"properties":{"kind":"path-intersection","buildingCode":null,"floor":null,"accessibility":"unknown","metadata":{"source":"OpenStreetMap","sourceUrl":"https://www.openstreetmap.org/node/370305828","lastVerified":"2026-08-10","verificationStatus":"verified"}}},{"type":"Feature","id":"osm-node-370305888","geometry":{"type":"Point","coordinates":[-79.6591323,43.5463092]},"properties":{"kind":"path-intersection","buildingCode":null,"floor":null,"accessibility":"unknown","metadata":{"source":"OpenStreetMap","sourceUrl":"https://www.openstreetmap.org/node/370305888","lastVerified":"2026-08-10","verificationStatus":"verified"}}},{"type":"Feature","id":"osm-node-370306245","geometry":{"type":"Point","coordinates":[-79.659279,43.5484729]},"properties":{"kind":"path-intersection","buildingCode":null,"floor":null,"accessibility":"unknown","metadata":{"source":"OpenStreetMap","sourceUrl":"https://www.openstreetmap.org/node/370306245","lastVerified":"2026-08-10","verificationStatus":"verified"}}},{"type":"Feature","id":"osm-node-370306264","geometry":{"type":"Point","coordinates":[-79.6595681,43.548578]},"properties":{"kind":"path-intersection","buildingCode":null,"floor":null,"accessibility":"unknown","metadata":{"source":"OpenStreetMap","sourceUrl":"https://www.openstreetmap.org/node/370306264","lastVerified":"2026-08-10","verificationStatus":"verified"}}},{"type":"Feature","id":"osm-node-370306525","geometry":{"type":"Point","coordinates":[-79.6640731,43.5478093]},"properties":{"kind":"path-intersection","buildingCode":null,"floor":null,"accessibility":"unknown","metadata":{"source":"OpenStreetMap","sourceUrl":"https://www.openstreetmap.org/node/370306525","lastVerified":"2026-08-10","verificationStatus":"verified"}}},{"type":"Feature","id":"osm-node-370306538","geometry":{"type":"Point","coordinates":[-79.6637231,43.5477788]},"properties":{"kind":"path-intersection","buildingCode":null,"floor":null,"accessibility":"unknown","metadata":{"source":"OpenStreetMap","sourceUrl":"https://www.openstreetmap.org/node/370306538","lastVerified":"2026-08-10","verificationStatus":"verified"}}},{"type":"Feature","id":"osm-node-370306547","geometry":{"type":"Point","coordinates":[-79.6639148,43.5480307]},"properties":{"kind":"path-intersection","buildingCode":null,"floor":null,"accessibility":"unknown","metadata":{"source":"OpenStreetMap","sourceUrl":"https://www.openstreetmap.org/node/370306547","lastVerified":"2026-08-10","verificationStatus":"verified"}}},{"type":"Feature","id":"osm-node-370306548","geometry":{"type":"Point","coordinates":[-79.6637347,43.5479862]},"properties":{"kind":"path-intersection","buildingCode":null,"floor":null,"accessibility":"unknown","metadata":{"source":"OpenStreetMap","sourceUrl":"https://www.openstreetmap.org/node/370306548","lastVerified":"2026-08-10","verificationStatus":"verified"}}},{"type":"Feature","id":"osm-node-370306566","geometry":{"type":"Point","coordinates":[-79.6639017,43.5482904]},"properties":{"kind":"path-intersection","buildingCode":null,"floor":null,"accessibility":"unknown","metadata":{"source":"OpenStreetMap","sourceUrl":"https://www.openstreetmap.org/node/370306566","lastVerified":"2026-08-10","verificationStatus":"verified"}}},{"type":"Feature","id":"osm-node-370306605","geometry":{"type":"Point","coordinates":[-79.6640009,43.5491535]},"properties":{"kind":"path-intersection","buildingCode":null,"floor":null,"accessibility":"unknown","metadata":{"source":"OpenStreetMap","sourceUrl":"https://www.openstreetmap.org/node/370306605","lastVerified":"2026-08-10","verificationStatus":"verified"}}},{"type":"Feature","id":"osm-node-370306723","geometry":{"type":"Point","coordinates":[-79.6623618,43.5493975]},"properties":{"kind":"building-entrance","buildingCode":"DV","floor":null,"accessibility":"unknown","label":"Main entrance B","metadata":{"source":"OpenStreetMap","sourceUrl":"https://www.openstreetmap.org/node/370306723","lastVerified":"2026-08-10","verificationStatus":"verified"}}},{"type":"Feature","id":"osm-node-3996519343","geometry":{"type":"Point","coordinates":[-79.6707884,43.5487368]},"properties":{"kind":"path-intersection","buildingCode":null,"floor":null,"accessibility":"unknown","metadata":{"source":"OpenStreetMap","sourceUrl":"https://www.openstreetmap.org/node/3996519343","lastVerified":"2026-08-10","verificationStatus":"verified"}}},{"type":"Feature","id":"osm-node-3996519344","geometry":{"type":"Point","coordinates":[-79.6705883,43.5487926]},"properties":{"kind":"path-intersection","buildingCode":null,"floor":null,"accessibility":"unknown","metadata":{"source":"OpenStreetMap","sourceUrl":"https://www.openstreetmap.org/node/3996519344","lastVerified":"2026-08-10","verificationStatus":"verified"}}},{"type":"Feature","id":"osm-node-3996519345","geometry":{"type":"Point","coordinates":[-79.6708667,43.5487944]},"properties":{"kind":"path-intersection","buildingCode":null,"floor":null,"accessibility":"unknown","metadata":{"source":"OpenStreetMap","sourceUrl":"https://www.openstreetmap.org/node/3996519345","lastVerified":"2026-08-10","verificationStatus":"verified"}}},{"type":"Feature","id":"osm-node-3996519346","geometry":{"type":"Point","coordinates":[-79.6708319,43.5488746]},"properties":{"kind":"path-intersection","buildingCode":null,"floor":null,"accessibility":"unknown","metadata":{"source":"OpenStreetMap","sourceUrl":"https://www.openstreetmap.org/node/3996519346","lastVerified":"2026-08-10","verificationStatus":"verified"}}},{"type":"Feature","id":"osm-node-3996519347","geometry":{"type":"Point","coordinates":[-79.6706106,43.5488755]},"properties":{"kind":"path-intersection","buildingCode":null,"floor":null,"accessibility":"unknown","metadata":{"source":"OpenStreetMap","sourceUrl":"https://www.openstreetmap.org/node/3996519347","lastVerified":"2026-08-10","verificationStatus":"verified"}}},{"type":"Feature","id":"osm-node-3996519349","geometry":{"type":"Point","coordinates":[-79.6692402,43.5498658]},"properties":{"kind":"path-intersection","buildingCode":null,"floor":null,"accessibility":"unknown","metadata":{"source":"OpenStreetMap","sourceUrl":"https://www.openstreetmap.org/node/3996519349","lastVerified":"2026-08-10","verificationStatus":"verified"}}},{"type":"Feature","id":"osm-node-3996519350","geometry":{"type":"Point","coordinates":[-79.6692514,43.5499036]},"properties":{"kind":"path-intersection","buildingCode":null,"floor":null,"accessibility":"unknown","metadata":{"source":"OpenStreetMap","sourceUrl":"https://www.openstreetmap.org/node/3996519350","lastVerified":"2026-08-10","verificationStatus":"verified"}}},{"type":"Feature","id":"osm-node-3996519351","geometry":{"type":"Point","coordinates":[-79.6691693,43.5499775]},"properties":{"kind":"path-intersection","buildingCode":null,"floor":null,"accessibility":"unknown","metadata":{"source":"OpenStreetMap","sourceUrl":"https://www.openstreetmap.org/node/3996519351","lastVerified":"2026-08-10","verificationStatus":"verified"}}},{"type":"Feature","id":"osm-node-3996519353","geometry":{"type":"Point","coordinates":[-79.6683137,43.5505047]},"properties":{"kind":"path-intersection","buildingCode":null,"floor":null,"accessibility":"unknown","metadata":{"source":"OpenStreetMap","sourceUrl":"https://www.openstreetmap.org/node/3996519353","lastVerified":"2026-08-10","verificationStatus":"verified"}}},{"type":"Feature","id":"osm-node-3996519457","geometry":{"type":"Point","coordinates":[-79.6684577,43.5505546]},"properties":{"kind":"path-intersection","buildingCode":null,"floor":null,"accessibility":"unknown","metadata":{"source":"OpenStreetMap","sourceUrl":"https://www.openstreetmap.org/node/3996519457","lastVerified":"2026-08-10","verificationStatus":"verified"}}},{"type":"Feature","id":"osm-node-3996519458","geometry":{"type":"Point","coordinates":[-79.6684695,43.5505898]},"properties":{"kind":"path-intersection","buildingCode":null,"floor":null,"accessibility":"unknown","metadata":{"source":"OpenStreetMap","sourceUrl":"https://www.openstreetmap.org/node/3996519458","lastVerified":"2026-08-10","verificationStatus":"verified"}}},{"type":"Feature","id":"osm-node-3996519467","geometry":{"type":"Point","coordinates":[-79.6713441,43.5520069]},"properties":{"kind":"path-intersection","buildingCode":null,"floor":null,"accessibility":"unknown","metadata":{"source":"OpenStreetMap","sourceUrl":"https://www.openstreetmap.org/node/3996519467","lastVerified":"2026-08-10","verificationStatus":"verified"}}},{"type":"Feature","id":"osm-node-4210336792","geometry":{"type":"Point","coordinates":[-79.6681477,43.5489668]},"properties":{"kind":"path-intersection","buildingCode":null,"floor":null,"accessibility":"unknown","metadata":{"source":"OpenStreetMap","sourceUrl":"https://www.openstreetmap.org/node/4210336792","lastVerified":"2026-08-10","verificationStatus":"verified"}}},{"type":"Feature","id":"osm-node-4210336793","geometry":{"type":"Point","coordinates":[-79.6680672,43.5490684]},"properties":{"kind":"path-intersection","buildingCode":null,"floor":null,"accessibility":"unknown","metadata":{"source":"OpenStreetMap","sourceUrl":"https://www.openstreetmap.org/node/4210336793","lastVerified":"2026-08-10","verificationStatus":"verified"}}},{"type":"Feature","id":"osm-node-4210336794","geometry":{"type":"Point","coordinates":[-79.6680655,43.5491457]},"properties":{"kind":"path-intersection","buildingCode":null,"floor":null,"accessibility":"unknown","metadata":{"source":"OpenStreetMap","sourceUrl":"https://www.openstreetmap.org/node/4210336794","lastVerified":"2026-08-10","verificationStatus":"verified"}}},{"type":"Feature","id":"osm-node-4210336795","geometry":{"type":"Point","coordinates":[-79.6681066,43.5491584]},"properties":{"kind":"path-intersection","buildingCode":null,"floor":null,"accessibility":"unknown","metadata":{"source":"OpenStreetMap","sourceUrl":"https://www.openstreetmap.org/node/4210336795","lastVerified":"2026-08-10","verificationStatus":"verified"}}},{"type":"Feature","id":"osm-node-4210336796","geometry":{"type":"Point","coordinates":[-79.6679262,43.5492441]},"properties":{"kind":"path-intersection","buildingCode":null,"floor":null,"accessibility":"unknown","metadata":{"source":"OpenStreetMap","sourceUrl":"https://www.openstreetmap.org/node/4210336796","lastVerified":"2026-08-10","verificationStatus":"verified"}}},{"type":"Feature","id":"osm-node-4210336797","geometry":{"type":"Point","coordinates":[-79.6678662,43.5492645]},"properties":{"kind":"building-entrance","buildingCode":"SW","floor":null,"accessibility":"unknown","label":"Mapped residence approach","notes":"A mapped path within the residence complex is used because individual doors are not entrance-tagged.","metadata":{"source":"OpenStreetMap","sourceUrl":"https://www.openstreetmap.org/node/4210336797","lastVerified":"2026-08-10","verificationStatus":"inferred"}}},{"type":"Feature","id":"osm-node-4210336798","geometry":{"type":"Point","coordinates":[-79.6676968,43.5494057]},"properties":{"kind":"path-intersection","buildingCode":null,"floor":null,"accessibility":"unknown","metadata":{"source":"OpenStreetMap","sourceUrl":"https://www.openstreetmap.org/node/4210336798","lastVerified":"2026-08-10","verificationStatus":"verified"}}},{"type":"Feature","id":"osm-node-4210337765","geometry":{"type":"Point","coordinates":[-79.6670409,43.5474702]},"properties":{"kind":"path-intersection","buildingCode":null,"floor":null,"accessibility":"unknown","metadata":{"source":"OpenStreetMap","sourceUrl":"https://www.openstreetmap.org/node/4210337765","lastVerified":"2026-08-10","verificationStatus":"verified"}}},{"type":"Feature","id":"osm-node-4210339886","geometry":{"type":"Point","coordinates":[-79.6689505,43.5490481]},"properties":{"kind":"crosswalk","buildingCode":null,"floor":null,"accessibility":"unknown","metadata":{"source":"OpenStreetMap","sourceUrl":"https://www.openstreetmap.org/node/4210339886","lastVerified":"2026-08-10","verificationStatus":"verified"}}},{"type":"Feature","id":"osm-node-4210339887","geometry":{"type":"Point","coordinates":[-79.6690812,43.5490496]},"properties":{"kind":"crosswalk","buildingCode":null,"floor":null,"accessibility":"unknown","metadata":{"source":"OpenStreetMap","sourceUrl":"https://www.openstreetmap.org/node/4210339887","lastVerified":"2026-08-10","verificationStatus":"verified"}}},{"type":"Feature","id":"osm-node-4210340289","geometry":{"type":"Point","coordinates":[-79.6680288,43.549277]},"properties":{"kind":"path-intersection","buildingCode":null,"floor":null,"accessibility":"unknown","metadata":{"source":"OpenStreetMap","sourceUrl":"https://www.openstreetmap.org/node/4210340289","lastVerified":"2026-08-10","verificationStatus":"verified"}}},{"type":"Feature","id":"osm-node-4210341074","geometry":{"type":"Point","coordinates":[-79.6707616,43.5504131]},"properties":{"kind":"path-intersection","buildingCode":null,"floor":null,"accessibility":"unknown","metadata":{"source":"OpenStreetMap","sourceUrl":"https://www.openstreetmap.org/node/4210341074","lastVerified":"2026-08-10","verificationStatus":"verified"}}},{"type":"Feature","id":"osm-node-4568710017","geometry":{"type":"Point","coordinates":[-79.6621779,43.5514135]},"properties":{"kind":"path-intersection","buildingCode":null,"floor":null,"accessibility":"unknown","metadata":{"source":"OpenStreetMap","sourceUrl":"https://www.openstreetmap.org/node/4568710017","lastVerified":"2026-08-10","verificationStatus":"verified"}}},{"type":"Feature","id":"osm-node-4568710018","geometry":{"type":"Point","coordinates":[-79.6622324,43.5513165]},"properties":{"kind":"path-intersection","buildingCode":null,"floor":null,"accessibility":"unknown","metadata":{"source":"OpenStreetMap","sourceUrl":"https://www.openstreetmap.org/node/4568710018","lastVerified":"2026-08-10","verificationStatus":"verified"}}},{"type":"Feature","id":"osm-node-4568710019","geometry":{"type":"Point","coordinates":[-79.6622664,43.5512759]},"properties":{"kind":"path-intersection","buildingCode":null,"floor":null,"accessibility":"unknown","metadata":{"source":"OpenStreetMap","sourceUrl":"https://www.openstreetmap.org/node/4568710019","lastVerified":"2026-08-10","verificationStatus":"verified"}}},{"type":"Feature","id":"osm-node-4568710020","geometry":{"type":"Point","coordinates":[-79.662361,43.5512258]},"properties":{"kind":"path-intersection","buildingCode":null,"floor":null,"accessibility":"unknown","metadata":{"source":"OpenStreetMap","sourceUrl":"https://www.openstreetmap.org/node/4568710020","lastVerified":"2026-08-10","verificationStatus":"verified"}}},{"type":"Feature","id":"osm-node-4568710021","geometry":{"type":"Point","coordinates":[-79.6624131,43.5512213]},"properties":{"kind":"path-intersection","buildingCode":null,"floor":null,"accessibility":"unknown","metadata":{"source":"OpenStreetMap","sourceUrl":"https://www.openstreetmap.org/node/4568710021","lastVerified":"2026-08-10","verificationStatus":"verified"}}},{"type":"Feature","id":"osm-node-460052388","geometry":{"type":"Point","coordinates":[-79.6674978,43.5470939]},"properties":{"kind":"path-intersection","buildingCode":null,"floor":null,"accessibility":"unknown","metadata":{"source":"OpenStreetMap","sourceUrl":"https://www.openstreetmap.org/node/460052388","lastVerified":"2026-08-10","verificationStatus":"verified"}}},{"type":"Feature","id":"osm-node-460052395","geometry":{"type":"Point","coordinates":[-79.6692217,43.5509919]},"properties":{"kind":"path-intersection","buildingCode":null,"floor":null,"accessibility":"unknown","metadata":{"source":"OpenStreetMap","sourceUrl":"https://www.openstreetmap.org/node/460052395","lastVerified":"2026-08-10","verificationStatus":"verified"}}},{"type":"Feature","id":"osm-node-460052398","geometry":{"type":"Point","coordinates":[-79.6694834,43.5485577]},"properties":{"kind":"path-intersection","buildingCode":null,"floor":null,"accessibility":"unknown","metadata":{"source":"OpenStreetMap","sourceUrl":"https://www.openstreetmap.org/node/460052398","lastVerified":"2026-08-10","verificationStatus":"verified"}}},{"type":"Feature","id":"osm-node-460052401","geometry":{"type":"Point","coordinates":[-79.6684507,43.5506613]},"properties":{"kind":"path-intersection","buildingCode":null,"floor":null,"accessibility":"unknown","metadata":{"source":"OpenStreetMap","sourceUrl":"https://www.openstreetmap.org/node/460052401","lastVerified":"2026-08-10","verificationStatus":"verified"}}},{"type":"Feature","id":"osm-node-460052405","geometry":{"type":"Point","coordinates":[-79.6704651,43.5506401]},"properties":{"kind":"path-intersection","buildingCode":null,"floor":null,"accessibility":"unknown","metadata":{"source":"OpenStreetMap","sourceUrl":"https://www.openstreetmap.org/node/460052405","lastVerified":"2026-08-10","verificationStatus":"verified"}}},{"type":"Feature","id":"osm-node-460052410","geometry":{"type":"Point","coordinates":[-79.6721905,43.5454925]},"properties":{"kind":"path-intersection","buildingCode":null,"floor":null,"accessibility":"unknown","metadata":{"source":"OpenStreetMap","sourceUrl":"https://www.openstreetmap.org/node/460052410","lastVerified":"2026-08-10","verificationStatus":"verified"}}},{"type":"Feature","id":"osm-node-460052411","geometry":{"type":"Point","coordinates":[-79.6676226,43.5470504]},"properties":{"kind":"path-intersection","buildingCode":null,"floor":null,"accessibility":"unknown","metadata":{"source":"OpenStreetMap","sourceUrl":"https://www.openstreetmap.org/node/460052411","lastVerified":"2026-08-10","verificationStatus":"verified"}}},{"type":"Feature","id":"osm-node-460052417","geometry":{"type":"Point","coordinates":[-79.6707057,43.550958]},"properties":{"kind":"path-intersection","buildingCode":null,"floor":null,"accessibility":"unknown","metadata":{"source":"OpenStreetMap","sourceUrl":"https://www.openstreetmap.org/node/460052417","lastVerified":"2026-08-10","verificationStatus":"verified"}}},{"type":"Feature","id":"osm-node-460052419","geometry":{"type":"Point","coordinates":[-79.6706012,43.5448028]},"properties":{"kind":"path-intersection","buildingCode":null,"floor":null,"accessibility":"unknown","metadata":{"source":"OpenStreetMap","sourceUrl":"https://www.openstreetmap.org/node/460052419","lastVerified":"2026-08-10","verificationStatus":"verified"}}},{"type":"Feature","id":"osm-node-460052425","geometry":{"type":"Point","coordinates":[-79.6697775,43.55038]},"properties":{"kind":"path-intersection","buildingCode":null,"floor":null,"accessibility":"unknown","metadata":{"source":"OpenStreetMap","sourceUrl":"https://www.openstreetmap.org/node/460052425","lastVerified":"2026-08-10","verificationStatus":"verified"}}},{"type":"Feature","id":"osm-node-460052428","geometry":{"type":"Point","coordinates":[-79.6705354,43.550821]},"properties":{"kind":"path-intersection","buildingCode":null,"floor":null,"accessibility":"unknown","metadata":{"source":"OpenStreetMap","sourceUrl":"https://www.openstreetmap.org/node/460052428","lastVerified":"2026-08-10","verificationStatus":"verified"}}},{"type":"Feature","id":"osm-node-460052438","geometry":{"type":"Point","coordinates":[-79.6692622,43.5499808]},"properties":{"kind":"path-intersection","buildingCode":null,"floor":null,"accessibility":"unknown","metadata":{"source":"OpenStreetMap","sourceUrl":"https://www.openstreetmap.org/node/460052438","lastVerified":"2026-08-10","verificationStatus":"verified"}}},{"type":"Feature","id":"osm-node-460052455","geometry":{"type":"Point","coordinates":[-79.6724236,43.5455635]},"properties":{"kind":"path-intersection","buildingCode":null,"floor":null,"accessibility":"unknown","metadata":{"source":"OpenStreetMap","sourceUrl":"https://www.openstreetmap.org/node/460052455","lastVerified":"2026-08-10","verificationStatus":"verified"}}},{"type":"Feature","id":"osm-node-460052461","geometry":{"type":"Point","coordinates":[-79.6706716,43.5489043]},"properties":{"kind":"path-intersection","buildingCode":null,"floor":null,"accessibility":"unknown","metadata":{"source":"OpenStreetMap","sourceUrl":"https://www.openstreetmap.org/node/460052461","lastVerified":"2026-08-10","verificationStatus":"verified"}}},{"type":"Feature","id":"osm-node-460052463","geometry":{"type":"Point","coordinates":[-79.6699447,43.550661]},"properties":{"kind":"path-intersection","buildingCode":null,"floor":null,"accessibility":"unknown","metadata":{"source":"OpenStreetMap","sourceUrl":"https://www.openstreetmap.org/node/460052463","lastVerified":"2026-08-10","verificationStatus":"verified"}}},{"type":"Feature","id":"osm-node-460052467","geometry":{"type":"Point","coordinates":[-79.6707547,43.5447289]},"properties":{"kind":"path-intersection","buildingCode":null,"floor":null,"accessibility":"unknown","metadata":{"source":"OpenStreetMap","sourceUrl":"https://www.openstreetmap.org/node/460052467","lastVerified":"2026-08-10","verificationStatus":"verified"}}},{"type":"Feature","id":"osm-node-460052470","geometry":{"type":"Point","coordinates":[-79.6677335,43.5470697]},"properties":{"kind":"path-intersection","buildingCode":null,"floor":null,"accessibility":"unknown","metadata":{"source":"OpenStreetMap","sourceUrl":"https://www.openstreetmap.org/node/460052470","lastVerified":"2026-08-10","verificationStatus":"verified"}}},{"type":"Feature","id":"osm-node-460052474","geometry":{"type":"Point","coordinates":[-79.670578,43.5505694]},"properties":{"kind":"path-intersection","buildingCode":null,"floor":null,"accessibility":"unknown","metadata":{"source":"OpenStreetMap","sourceUrl":"https://www.openstreetmap.org/node/460052474","lastVerified":"2026-08-10","verificationStatus":"verified"}}},{"type":"Feature","id":"osm-node-460052479","geometry":{"type":"Point","coordinates":[-79.6704312,43.5488029]},"properties":{"kind":"path-intersection","buildingCode":null,"floor":null,"accessibility":"unknown","metadata":{"source":"OpenStreetMap","sourceUrl":"https://www.openstreetmap.org/node/460052479","lastVerified":"2026-08-10","verificationStatus":"verified"}}},{"type":"Feature","id":"osm-node-460052488","geometry":{"type":"Point","coordinates":[-79.6685138,43.5507142]},"properties":{"kind":"path-intersection","buildingCode":null,"floor":null,"accessibility":"unknown","metadata":{"source":"OpenStreetMap","sourceUrl":"https://www.openstreetmap.org/node/460052488","lastVerified":"2026-08-10","verificationStatus":"verified"}}},{"type":"Feature","id":"osm-node-460052490","geometry":{"type":"Point","coordinates":[-79.6675479,43.5470675]},"properties":{"kind":"path-intersection","buildingCode":null,"floor":null,"accessibility":"unknown","metadata":{"source":"OpenStreetMap","sourceUrl":"https://www.openstreetmap.org/node/460052490","lastVerified":"2026-08-10","verificationStatus":"verified"}}},{"type":"Feature","id":"osm-node-460052497","geometry":{"type":"Point","coordinates":[-79.67212,43.5449481]},"properties":{"kind":"path-intersection","buildingCode":null,"floor":null,"accessibility":"unknown","metadata":{"source":"OpenStreetMap","sourceUrl":"https://www.openstreetmap.org/node/460052497","lastVerified":"2026-08-10","verificationStatus":"verified"}}},{"type":"Feature","id":"osm-node-460052504","geometry":{"type":"Point","coordinates":[-79.6690385,43.5509852]},"properties":{"kind":"path-intersection","buildingCode":null,"floor":null,"accessibility":"unknown","metadata":{"source":"OpenStreetMap","sourceUrl":"https://www.openstreetmap.org/node/460052504","lastVerified":"2026-08-10","verificationStatus":"verified"}}},{"type":"Feature","id":"osm-node-460052527","geometry":{"type":"Point","coordinates":[-79.6689699,43.5509649]},"properties":{"kind":"path-intersection","buildingCode":null,"floor":null,"accessibility":"unknown","metadata":{"source":"OpenStreetMap","sourceUrl":"https://www.openstreetmap.org/node/460052527","lastVerified":"2026-08-10","verificationStatus":"verified"}}},{"type":"Feature","id":"osm-node-460052531","geometry":{"type":"Point","coordinates":[-79.6721203,43.545391]},"properties":{"kind":"path-intersection","buildingCode":null,"floor":null,"accessibility":"unknown","metadata":{"source":"OpenStreetMap","sourceUrl":"https://www.openstreetmap.org/node/460052531","lastVerified":"2026-08-10","verificationStatus":"verified"}}},{"type":"Feature","id":"osm-node-460052539","geometry":{"type":"Point","coordinates":[-79.6693054,43.5509778]},"properties":{"kind":"path-intersection","buildingCode":null,"floor":null,"accessibility":"unknown","metadata":{"source":"OpenStreetMap","sourceUrl":"https://www.openstreetmap.org/node/460052539","lastVerified":"2026-08-10","verificationStatus":"verified"}}},{"type":"Feature","id":"osm-node-460052541","geometry":{"type":"Point","coordinates":[-79.6715708,43.5447775]},"properties":{"kind":"path-intersection","buildingCode":null,"floor":null,"accessibility":"unknown","metadata":{"source":"OpenStreetMap","sourceUrl":"https://www.openstreetmap.org/node/460052541","lastVerified":"2026-08-10","verificationStatus":"verified"}}},{"type":"Feature","id":"osm-node-460052553","geometry":{"type":"Point","coordinates":[-79.6704696,43.5450672]},"properties":{"kind":"path-intersection","buildingCode":null,"floor":null,"accessibility":"unknown","metadata":{"source":"OpenStreetMap","sourceUrl":"https://www.openstreetmap.org/node/460052553","lastVerified":"2026-08-10","verificationStatus":"verified"}}},{"type":"Feature","id":"osm-node-460052563","geometry":{"type":"Point","coordinates":[-79.6708516,43.5510768]},"properties":{"kind":"path-intersection","buildingCode":null,"floor":null,"accessibility":"unknown","metadata":{"source":"OpenStreetMap","sourceUrl":"https://www.openstreetmap.org/node/460052563","lastVerified":"2026-08-10","verificationStatus":"verified"}}},{"type":"Feature","id":"osm-node-460052572","geometry":{"type":"Point","coordinates":[-79.6723284,43.5458356]},"properties":{"kind":"path-intersection","buildingCode":null,"floor":null,"accessibility":"unknown","metadata":{"source":"OpenStreetMap","sourceUrl":"https://www.openstreetmap.org/node/460052572","lastVerified":"2026-08-10","verificationStatus":"verified"}}},{"type":"Feature","id":"osm-node-460052574","geometry":{"type":"Point","coordinates":[-79.6691727,43.5509969]},"properties":{"kind":"path-intersection","buildingCode":null,"floor":null,"accessibility":"unknown","metadata":{"source":"OpenStreetMap","sourceUrl":"https://www.openstreetmap.org/node/460052574","lastVerified":"2026-08-10","verificationStatus":"verified"}}},{"type":"Feature","id":"osm-node-460052583","geometry":{"type":"Point","coordinates":[-79.6690072,43.5489966]},"properties":{"kind":"path-intersection","buildingCode":null,"floor":null,"accessibility":"unknown","metadata":{"source":"OpenStreetMap","sourceUrl":"https://www.openstreetmap.org/node/460052583","lastVerified":"2026-08-10","verificationStatus":"verified"}}},{"type":"Feature","id":"osm-node-460052590","geometry":{"type":"Point","coordinates":[-79.6707785,43.548898]},"properties":{"kind":"path-intersection","buildingCode":null,"floor":null,"accessibility":"unknown","metadata":{"source":"OpenStreetMap","sourceUrl":"https://www.openstreetmap.org/node/460052590","lastVerified":"2026-08-10","verificationStatus":"verified"}}},{"type":"Feature","id":"osm-node-460052601","geometry":{"type":"Point","coordinates":[-79.6696076,43.5502249]},"properties":{"kind":"path-intersection","buildingCode":null,"floor":null,"accessibility":"unknown","metadata":{"source":"OpenStreetMap","sourceUrl":"https://www.openstreetmap.org/node/460052601","lastVerified":"2026-08-10","verificationStatus":"verified"}}},{"type":"Feature","id":"osm-node-460052603","geometry":{"type":"Point","coordinates":[-79.6721756,43.5450356]},"properties":{"kind":"path-intersection","buildingCode":null,"floor":null,"accessibility":"unknown","metadata":{"source":"OpenStreetMap","sourceUrl":"https://www.openstreetmap.org/node/460052603","lastVerified":"2026-08-10","verificationStatus":"verified"}}},{"type":"Feature","id":"osm-node-460052607","geometry":{"type":"Point","coordinates":[-79.6724582,43.5456757]},"properties":{"kind":"path-intersection","buildingCode":null,"floor":null,"accessibility":"unknown","metadata":{"source":"OpenStreetMap","sourceUrl":"https://www.openstreetmap.org/node/460052607","lastVerified":"2026-08-10","verificationStatus":"verified"}}},{"type":"Feature","id":"osm-node-460052616","geometry":{"type":"Point","coordinates":[-79.6676597,43.5470508]},"properties":{"kind":"path-intersection","buildingCode":null,"floor":null,"accessibility":"unknown","metadata":{"source":"OpenStreetMap","sourceUrl":"https://www.openstreetmap.org/node/460052616","lastVerified":"2026-08-10","verificationStatus":"verified"}}},{"type":"Feature","id":"osm-node-460052620","geometry":{"type":"Point","coordinates":[-79.6698239,43.5482736]},"properties":{"kind":"path-intersection","buildingCode":null,"floor":null,"accessibility":"unknown","metadata":{"source":"OpenStreetMap","sourceUrl":"https://www.openstreetmap.org/node/460052620","lastVerified":"2026-08-10","verificationStatus":"verified"}}},{"type":"Feature","id":"osm-node-460052621","geometry":{"type":"Point","coordinates":[-79.6706475,43.5447571]},"properties":{"kind":"path-intersection","buildingCode":null,"floor":null,"accessibility":"unknown","metadata":{"source":"OpenStreetMap","sourceUrl":"https://www.openstreetmap.org/node/460052621","lastVerified":"2026-08-10","verificationStatus":"verified"}}},{"type":"Feature","id":"osm-node-460052639","geometry":{"type":"Point","coordinates":[-79.667523,43.5470762]},"properties":{"kind":"path-intersection","buildingCode":null,"floor":null,"accessibility":"unknown","metadata":{"source":"OpenStreetMap","sourceUrl":"https://www.openstreetmap.org/node/460052639","lastVerified":"2026-08-10","verificationStatus":"verified"}}},{"type":"Feature","id":"osm-node-460052647","geometry":{"type":"Point","coordinates":[-79.6673084,43.5472628]},"properties":{"kind":"path-intersection","buildingCode":null,"floor":null,"accessibility":"unknown","metadata":{"source":"OpenStreetMap","sourceUrl":"https://www.openstreetmap.org/node/460052647","lastVerified":"2026-08-10","verificationStatus":"verified"}}},{"type":"Feature","id":"osm-node-460052653","geometry":{"type":"Point","coordinates":[-79.6675852,43.5470589]},"properties":{"kind":"path-intersection","buildingCode":null,"floor":null,"accessibility":"unknown","metadata":{"source":"OpenStreetMap","sourceUrl":"https://www.openstreetmap.org/node/460052653","lastVerified":"2026-08-10","verificationStatus":"verified"}}},{"type":"Feature","id":"osm-node-460052672","geometry":{"type":"Point","coordinates":[-79.6677703,43.5470881]},"properties":{"kind":"path-intersection","buildingCode":null,"floor":null,"accessibility":"unknown","metadata":{"source":"OpenStreetMap","sourceUrl":"https://www.openstreetmap.org/node/460052672","lastVerified":"2026-08-10","verificationStatus":"verified"}}},{"type":"Feature","id":"osm-node-460052676","geometry":{"type":"Point","coordinates":[-79.6685317,43.5475742]},"properties":{"kind":"path-intersection","buildingCode":null,"floor":null,"accessibility":"unknown","metadata":{"source":"OpenStreetMap","sourceUrl":"https://www.openstreetmap.org/node/460052676","lastVerified":"2026-08-10","verificationStatus":"verified"}}},{"type":"Feature","id":"osm-node-460052681","geometry":{"type":"Point","coordinates":[-79.6676966,43.5470602]},"properties":{"kind":"path-intersection","buildingCode":null,"floor":null,"accessibility":"unknown","metadata":{"source":"OpenStreetMap","sourceUrl":"https://www.openstreetmap.org/node/460052681","lastVerified":"2026-08-10","verificationStatus":"verified"}}},{"type":"Feature","id":"osm-node-4610642753","geometry":{"type":"Point","coordinates":[-79.6680557,43.5511484]},"properties":{"kind":"path-intersection","buildingCode":null,"floor":null,"accessibility":"unknown","metadata":{"source":"OpenStreetMap","sourceUrl":"https://www.openstreetmap.org/node/4610642753","lastVerified":"2026-08-10","verificationStatus":"verified"}}},{"type":"Feature","id":"osm-node-4610642758","geometry":{"type":"Point","coordinates":[-79.6694346,43.5522284]},"properties":{"kind":"path-intersection","buildingCode":null,"floor":null,"accessibility":"unknown","metadata":{"source":"OpenStreetMap","sourceUrl":"https://www.openstreetmap.org/node/4610642758","lastVerified":"2026-08-10","verificationStatus":"verified"}}},{"type":"Feature","id":"osm-node-4610642759","geometry":{"type":"Point","coordinates":[-79.6697982,43.5526062]},"properties":{"kind":"path-intersection","buildingCode":null,"floor":null,"accessibility":"unknown","metadata":{"source":"OpenStreetMap","sourceUrl":"https://www.openstreetmap.org/node/4610642759","lastVerified":"2026-08-10","verificationStatus":"verified"}}},{"type":"Feature","id":"osm-node-4610642760","geometry":{"type":"Point","coordinates":[-79.6697356,43.5529273]},"properties":{"kind":"path-intersection","buildingCode":null,"floor":null,"accessibility":"unknown","metadata":{"source":"OpenStreetMap","sourceUrl":"https://www.openstreetmap.org/node/4610642760","lastVerified":"2026-08-10","verificationStatus":"verified"}}},{"type":"Feature","id":"osm-node-4610642761","geometry":{"type":"Point","coordinates":[-79.6696673,43.5532747]},"properties":{"kind":"path-intersection","buildingCode":null,"floor":null,"accessibility":"unknown","metadata":{"source":"OpenStreetMap","sourceUrl":"https://www.openstreetmap.org/node/4610642761","lastVerified":"2026-08-10","verificationStatus":"verified"}}},{"type":"Feature","id":"osm-node-4610642762","geometry":{"type":"Point","coordinates":[-79.669523,43.5535126]},"properties":{"kind":"path-intersection","buildingCode":null,"floor":null,"accessibility":"unknown","metadata":{"source":"OpenStreetMap","sourceUrl":"https://www.openstreetmap.org/node/4610642762","lastVerified":"2026-08-10","verificationStatus":"verified"}}},{"type":"Feature","id":"osm-node-4610642763","geometry":{"type":"Point","coordinates":[-79.6692996,43.5536913]},"properties":{"kind":"path-intersection","buildingCode":null,"floor":null,"accessibility":"unknown","metadata":{"source":"OpenStreetMap","sourceUrl":"https://www.openstreetmap.org/node/4610642763","lastVerified":"2026-08-10","verificationStatus":"verified"}}},{"type":"Feature","id":"osm-node-4610642764","geometry":{"type":"Point","coordinates":[-79.6690003,43.5539054]},"properties":{"kind":"path-intersection","buildingCode":null,"floor":null,"accessibility":"unknown","metadata":{"source":"OpenStreetMap","sourceUrl":"https://www.openstreetmap.org/node/4610642764","lastVerified":"2026-08-10","verificationStatus":"verified"}}},{"type":"Feature","id":"osm-node-4610642765","geometry":{"type":"Point","coordinates":[-79.6688322,43.5540034]},"properties":{"kind":"path-intersection","buildingCode":null,"floor":null,"accessibility":"unknown","metadata":{"source":"OpenStreetMap","sourceUrl":"https://www.openstreetmap.org/node/4610642765","lastVerified":"2026-08-10","verificationStatus":"verified"}}},{"type":"Feature","id":"osm-node-4610653578","geometry":{"type":"Point","coordinates":[-79.6674389,43.5550356]},"properties":{"kind":"path-intersection","buildingCode":null,"floor":null,"accessibility":"unknown","metadata":{"source":"OpenStreetMap","sourceUrl":"https://www.openstreetmap.org/node/4610653578","lastVerified":"2026-08-10","verificationStatus":"verified"}}},{"type":"Feature","id":"osm-node-4610653579","geometry":{"type":"Point","coordinates":[-79.6671591,43.5552446]},"properties":{"kind":"path-intersection","buildingCode":null,"floor":null,"accessibility":"unknown","metadata":{"source":"OpenStreetMap","sourceUrl":"https://www.openstreetmap.org/node/4610653579","lastVerified":"2026-08-10","verificationStatus":"verified"}}},{"type":"Feature","id":"osm-node-4610653580","geometry":{"type":"Point","coordinates":[-79.6663279,43.5553437]},"properties":{"kind":"path-intersection","buildingCode":null,"floor":null,"accessibility":"unknown","metadata":{"source":"OpenStreetMap","sourceUrl":"https://www.openstreetmap.org/node/4610653580","lastVerified":"2026-08-10","verificationStatus":"verified"}}},{"type":"Feature","id":"osm-node-4610653581","geometry":{"type":"Point","coordinates":[-79.6653979,43.5550425]},"properties":{"kind":"path-intersection","buildingCode":null,"floor":null,"accessibility":"unknown","metadata":{"source":"OpenStreetMap","sourceUrl":"https://www.openstreetmap.org/node/4610653581","lastVerified":"2026-08-10","verificationStatus":"verified"}}},{"type":"Feature","id":"osm-node-4610653582","geometry":{"type":"Point","coordinates":[-79.6644384,43.5544606]},"properties":{"kind":"path-intersection","buildingCode":null,"floor":null,"accessibility":"unknown","metadata":{"source":"OpenStreetMap","sourceUrl":"https://www.openstreetmap.org/node/4610653582","lastVerified":"2026-08-10","verificationStatus":"verified"}}},{"type":"Feature","id":"osm-node-4610653583","geometry":{"type":"Point","coordinates":[-79.6641557,43.554228]},"properties":{"kind":"path-intersection","buildingCode":null,"floor":null,"accessibility":"unknown","metadata":{"source":"OpenStreetMap","sourceUrl":"https://www.openstreetmap.org/node/4610653583","lastVerified":"2026-08-10","verificationStatus":"verified"}}},{"type":"Feature","id":"osm-node-4610653584","geometry":{"type":"Point","coordinates":[-79.6634614,43.5538031]},"properties":{"kind":"path-intersection","buildingCode":null,"floor":null,"accessibility":"unknown","metadata":{"source":"OpenStreetMap","sourceUrl":"https://www.openstreetmap.org/node/4610653584","lastVerified":"2026-08-10","verificationStatus":"verified"}}},{"type":"Feature","id":"osm-node-4610653585","geometry":{"type":"Point","coordinates":[-79.6624808,43.5533108]},"properties":{"kind":"path-intersection","buildingCode":null,"floor":null,"accessibility":"unknown","metadata":{"source":"OpenStreetMap","sourceUrl":"https://www.openstreetmap.org/node/4610653585","lastVerified":"2026-08-10","verificationStatus":"verified"}}},{"type":"Feature","id":"osm-node-4610653586","geometry":{"type":"Point","coordinates":[-79.6618218,43.5529493]},"properties":{"kind":"path-intersection","buildingCode":null,"floor":null,"accessibility":"unknown","metadata":{"source":"OpenStreetMap","sourceUrl":"https://www.openstreetmap.org/node/4610653586","lastVerified":"2026-08-10","verificationStatus":"verified"}}},{"type":"Feature","id":"osm-node-4610653587","geometry":{"type":"Point","coordinates":[-79.6608344,43.5525468]},"properties":{"kind":"path-intersection","buildingCode":null,"floor":null,"accessibility":"unknown","metadata":{"source":"OpenStreetMap","sourceUrl":"https://www.openstreetmap.org/node/4610653587","lastVerified":"2026-08-10","verificationStatus":"verified"}}},{"type":"Feature","id":"osm-node-4610653588","geometry":{"type":"Point","coordinates":[-79.6600871,43.5522704]},"properties":{"kind":"path-intersection","buildingCode":null,"floor":null,"accessibility":"unknown","metadata":{"source":"OpenStreetMap","sourceUrl":"https://www.openstreetmap.org/node/4610653588","lastVerified":"2026-08-10","verificationStatus":"verified"}}},{"type":"Feature","id":"osm-node-4610654089","geometry":{"type":"Point","coordinates":[-79.6588581,43.5515791]},"properties":{"kind":"path-intersection","buildingCode":null,"floor":null,"accessibility":"unknown","metadata":{"source":"OpenStreetMap","sourceUrl":"https://www.openstreetmap.org/node/4610654089","lastVerified":"2026-08-10","verificationStatus":"verified"}}},{"type":"Feature","id":"osm-node-4610654090","geometry":{"type":"Point","coordinates":[-79.6589906,43.551192]},"properties":{"kind":"path-intersection","buildingCode":null,"floor":null,"accessibility":"unknown","metadata":{"source":"OpenStreetMap","sourceUrl":"https://www.openstreetmap.org/node/4610654090","lastVerified":"2026-08-10","verificationStatus":"verified"}}},{"type":"Feature","id":"osm-node-4610654091","geometry":{"type":"Point","coordinates":[-79.6594081,43.5506332]},"properties":{"kind":"path-intersection","buildingCode":null,"floor":null,"accessibility":"unknown","metadata":{"source":"OpenStreetMap","sourceUrl":"https://www.openstreetmap.org/node/4610654091","lastVerified":"2026-08-10","verificationStatus":"verified"}}},{"type":"Feature","id":"osm-node-4610654092","geometry":{"type":"Point","coordinates":[-79.6601856,43.5501992]},"properties":{"kind":"path-intersection","buildingCode":null,"floor":null,"accessibility":"unknown","metadata":{"source":"OpenStreetMap","sourceUrl":"https://www.openstreetmap.org/node/4610654092","lastVerified":"2026-08-10","verificationStatus":"verified"}}},{"type":"Feature","id":"osm-node-4610654093","geometry":{"type":"Point","coordinates":[-79.6603472,43.5501413]},"properties":{"kind":"path-intersection","buildingCode":null,"floor":null,"accessibility":"unknown","metadata":{"source":"OpenStreetMap","sourceUrl":"https://www.openstreetmap.org/node/4610654093","lastVerified":"2026-08-10","verificationStatus":"verified"}}},{"type":"Feature","id":"osm-node-4610654094","geometry":{"type":"Point","coordinates":[-79.6587133,43.5514935]},"properties":{"kind":"path-intersection","buildingCode":null,"floor":null,"accessibility":"unknown","metadata":{"source":"OpenStreetMap","sourceUrl":"https://www.openstreetmap.org/node/4610654094","lastVerified":"2026-08-10","verificationStatus":"verified"}}},{"type":"Feature","id":"osm-node-4610654095","geometry":{"type":"Point","coordinates":[-79.6577823,43.55092]},"properties":{"kind":"path-intersection","buildingCode":null,"floor":null,"accessibility":"unknown","metadata":{"source":"OpenStreetMap","sourceUrl":"https://www.openstreetmap.org/node/4610654095","lastVerified":"2026-08-10","verificationStatus":"verified"}}},{"type":"Feature","id":"osm-node-4610654102","geometry":{"type":"Point","coordinates":[-79.6570389,43.5491494]},"properties":{"kind":"path-intersection","buildingCode":null,"floor":null,"accessibility":"unknown","metadata":{"source":"OpenStreetMap","sourceUrl":"https://www.openstreetmap.org/node/4610654102","lastVerified":"2026-08-10","verificationStatus":"verified"}}},{"type":"Feature","id":"osm-node-4610654103","geometry":{"type":"Point","coordinates":[-79.6570535,43.5490465]},"properties":{"kind":"path-intersection","buildingCode":null,"floor":null,"accessibility":"unknown","metadata":{"source":"OpenStreetMap","sourceUrl":"https://www.openstreetmap.org/node/4610654103","lastVerified":"2026-08-10","verificationStatus":"verified"}}},{"type":"Feature","id":"osm-node-4610654104","geometry":{"type":"Point","coordinates":[-79.657423,43.5484921]},"properties":{"kind":"path-intersection","buildingCode":null,"floor":null,"accessibility":"unknown","metadata":{"source":"OpenStreetMap","sourceUrl":"https://www.openstreetmap.org/node/4610654104","lastVerified":"2026-08-10","verificationStatus":"verified"}}},{"type":"Feature","id":"osm-node-4610654105","geometry":{"type":"Point","coordinates":[-79.6575626,43.5480188]},"properties":{"kind":"path-intersection","buildingCode":null,"floor":null,"accessibility":"unknown","metadata":{"source":"OpenStreetMap","sourceUrl":"https://www.openstreetmap.org/node/4610654105","lastVerified":"2026-08-10","verificationStatus":"verified"}}},{"type":"Feature","id":"osm-node-4610654106","geometry":{"type":"Point","coordinates":[-79.6577986,43.547529]},"properties":{"kind":"path-intersection","buildingCode":null,"floor":null,"accessibility":"unknown","metadata":{"source":"OpenStreetMap","sourceUrl":"https://www.openstreetmap.org/node/4610654106","lastVerified":"2026-08-10","verificationStatus":"verified"}}},{"type":"Feature","id":"osm-node-4610654107","geometry":{"type":"Point","coordinates":[-79.6580686,43.5472116]},"properties":{"kind":"path-intersection","buildingCode":null,"floor":null,"accessibility":"unknown","metadata":{"source":"OpenStreetMap","sourceUrl":"https://www.openstreetmap.org/node/4610654107","lastVerified":"2026-08-10","verificationStatus":"verified"}}},{"type":"Feature","id":"osm-node-4610654108","geometry":{"type":"Point","coordinates":[-79.6582006,43.5470694]},"properties":{"kind":"path-intersection","buildingCode":null,"floor":null,"accessibility":"unknown","metadata":{"source":"OpenStreetMap","sourceUrl":"https://www.openstreetmap.org/node/4610654108","lastVerified":"2026-08-10","verificationStatus":"verified"}}},{"type":"Feature","id":"osm-node-6040695070","geometry":{"type":"Point","coordinates":[-79.6601043,43.5502347]},"properties":{"kind":"path-intersection","buildingCode":null,"floor":null,"accessibility":"unknown","metadata":{"source":"OpenStreetMap","sourceUrl":"https://www.openstreetmap.org/node/6040695070","lastVerified":"2026-08-10","verificationStatus":"verified"}}},{"type":"Feature","id":"osm-node-6040695071","geometry":{"type":"Point","coordinates":[-79.6600206,43.5502693]},"properties":{"kind":"path-intersection","buildingCode":null,"floor":null,"accessibility":"unknown","metadata":{"source":"OpenStreetMap","sourceUrl":"https://www.openstreetmap.org/node/6040695071","lastVerified":"2026-08-10","verificationStatus":"verified"}}},{"type":"Feature","id":"osm-node-6040695072","geometry":{"type":"Point","coordinates":[-79.6599046,43.5503086]},"properties":{"kind":"path-intersection","buildingCode":null,"floor":null,"accessibility":"unknown","metadata":{"source":"OpenStreetMap","sourceUrl":"https://www.openstreetmap.org/node/6040695072","lastVerified":"2026-08-10","verificationStatus":"verified"}}},{"type":"Feature","id":"osm-node-6040695073","geometry":{"type":"Point","coordinates":[-79.6592354,43.5507275]},"properties":{"kind":"path-intersection","buildingCode":null,"floor":null,"accessibility":"unknown","metadata":{"source":"OpenStreetMap","sourceUrl":"https://www.openstreetmap.org/node/6040695073","lastVerified":"2026-08-10","verificationStatus":"verified"}}},{"type":"Feature","id":"osm-node-6040695074","geometry":{"type":"Point","coordinates":[-79.6595833,43.5504592]},"properties":{"kind":"path-intersection","buildingCode":null,"floor":null,"accessibility":"unknown","metadata":{"source":"OpenStreetMap","sourceUrl":"https://www.openstreetmap.org/node/6040695074","lastVerified":"2026-08-10","verificationStatus":"verified"}}},{"type":"Feature","id":"osm-node-6040695077","geometry":{"type":"Point","coordinates":[-79.659142,43.5508852]},"properties":{"kind":"path-intersection","buildingCode":null,"floor":null,"accessibility":"unknown","metadata":{"source":"OpenStreetMap","sourceUrl":"https://www.openstreetmap.org/node/6040695077","lastVerified":"2026-08-10","verificationStatus":"verified"}}},{"type":"Feature","id":"osm-node-648764281","geometry":{"type":"Point","coordinates":[-79.6652064,43.5476493]},"properties":{"kind":"path-intersection","buildingCode":null,"floor":null,"accessibility":"unknown","metadata":{"source":"OpenStreetMap","sourceUrl":"https://www.openstreetmap.org/node/648764281","lastVerified":"2026-08-10","verificationStatus":"verified"}}},{"type":"Feature","id":"osm-node-648764287","geometry":{"type":"Point","coordinates":[-79.6618414,43.5474071]},"properties":{"kind":"path-intersection","buildingCode":null,"floor":null,"accessibility":"unknown","metadata":{"source":"OpenStreetMap","sourceUrl":"https://www.openstreetmap.org/node/648764287","lastVerified":"2026-08-10","verificationStatus":"verified"}}},{"type":"Feature","id":"osm-node-7126592789","geometry":{"type":"Point","coordinates":[-79.665843,43.5504603]},"properties":{"kind":"path-intersection","buildingCode":null,"floor":null,"accessibility":"unknown","metadata":{"source":"OpenStreetMap","sourceUrl":"https://www.openstreetmap.org/node/7126592789","lastVerified":"2026-08-10","verificationStatus":"verified"}}},{"type":"Feature","id":"osm-node-7126594788","geometry":{"type":"Point","coordinates":[-79.6659921,43.5501307]},"properties":{"kind":"path-intersection","buildingCode":null,"floor":null,"accessibility":"unknown","metadata":{"source":"OpenStreetMap","sourceUrl":"https://www.openstreetmap.org/node/7126594788","lastVerified":"2026-08-10","verificationStatus":"verified"}}},{"type":"Feature","id":"osm-node-7126594789","geometry":{"type":"Point","coordinates":[-79.6659426,43.5502739]},"properties":{"kind":"path-intersection","buildingCode":null,"floor":null,"accessibility":"unknown","metadata":{"source":"OpenStreetMap","sourceUrl":"https://www.openstreetmap.org/node/7126594789","lastVerified":"2026-08-10","verificationStatus":"verified"}}},{"type":"Feature","id":"osm-node-7126594790","geometry":{"type":"Point","coordinates":[-79.6659838,43.5502885]},"properties":{"kind":"path-intersection","buildingCode":null,"floor":null,"accessibility":"unknown","metadata":{"source":"OpenStreetMap","sourceUrl":"https://www.openstreetmap.org/node/7126594790","lastVerified":"2026-08-10","verificationStatus":"verified"}}},{"type":"Feature","id":"osm-node-7126677486","geometry":{"type":"Point","coordinates":[-79.6659485,43.5503409]},"properties":{"kind":"path-intersection","buildingCode":null,"floor":null,"accessibility":"unknown","metadata":{"source":"OpenStreetMap","sourceUrl":"https://www.openstreetmap.org/node/7126677486","lastVerified":"2026-08-10","verificationStatus":"verified"}}},{"type":"Feature","id":"osm-node-7126677487","geometry":{"type":"Point","coordinates":[-79.6659164,43.5503295]},"properties":{"kind":"path-intersection","buildingCode":null,"floor":null,"accessibility":"unknown","metadata":{"source":"OpenStreetMap","sourceUrl":"https://www.openstreetmap.org/node/7126677487","lastVerified":"2026-08-10","verificationStatus":"verified"}}},{"type":"Feature","id":"osm-node-7126677523","geometry":{"type":"Point","coordinates":[-79.6667193,43.5504659]},"properties":{"kind":"path-intersection","buildingCode":null,"floor":null,"accessibility":"unknown","metadata":{"source":"OpenStreetMap","sourceUrl":"https://www.openstreetmap.org/node/7126677523","lastVerified":"2026-08-10","verificationStatus":"verified"}}},{"type":"Feature","id":"osm-node-7126677524","geometry":{"type":"Point","coordinates":[-79.6666881,43.5504559]},"properties":{"kind":"path-intersection","buildingCode":null,"floor":null,"accessibility":"unknown","metadata":{"source":"OpenStreetMap","sourceUrl":"https://www.openstreetmap.org/node/7126677524","lastVerified":"2026-08-10","verificationStatus":"verified"}}},{"type":"Feature","id":"osm-node-7126677526","geometry":{"type":"Point","coordinates":[-79.666714,43.5504165]},"properties":{"kind":"path-intersection","buildingCode":null,"floor":null,"accessibility":"unknown","metadata":{"source":"OpenStreetMap","sourceUrl":"https://www.openstreetmap.org/node/7126677526","lastVerified":"2026-08-10","verificationStatus":"verified"}}},{"type":"Feature","id":"osm-node-7126677603","geometry":{"type":"Point","coordinates":[-79.6667061,43.5504285]},"properties":{"kind":"path-intersection","buildingCode":null,"floor":null,"accessibility":"unknown","metadata":{"source":"OpenStreetMap","sourceUrl":"https://www.openstreetmap.org/node/7126677603","lastVerified":"2026-08-10","verificationStatus":"verified"}}},{"type":"Feature","id":"osm-node-721040687","geometry":{"type":"Point","coordinates":[-79.667956,43.5457661]},"properties":{"kind":"path-intersection","buildingCode":null,"floor":null,"accessibility":"unknown","metadata":{"source":"OpenStreetMap","sourceUrl":"https://www.openstreetmap.org/node/721040687","lastVerified":"2026-08-10","verificationStatus":"verified"}}},{"type":"Feature","id":"osm-node-721040712","geometry":{"type":"Point","coordinates":[-79.6691779,43.5458049]},"properties":{"kind":"path-intersection","buildingCode":null,"floor":null,"accessibility":"unknown","metadata":{"source":"OpenStreetMap","sourceUrl":"https://www.openstreetmap.org/node/721040712","lastVerified":"2026-08-10","verificationStatus":"verified"}}},{"type":"Feature","id":"osm-node-721040746","geometry":{"type":"Point","coordinates":[-79.6679702,43.5455246]},"properties":{"kind":"path-intersection","buildingCode":null,"floor":null,"accessibility":"unknown","metadata":{"source":"OpenStreetMap","sourceUrl":"https://www.openstreetmap.org/node/721040746","lastVerified":"2026-08-10","verificationStatus":"verified"}}},{"type":"Feature","id":"osm-node-721040785","geometry":{"type":"Point","coordinates":[-79.6679792,43.5454733]},"properties":{"kind":"path-intersection","buildingCode":null,"floor":null,"accessibility":"unknown","metadata":{"source":"OpenStreetMap","sourceUrl":"https://www.openstreetmap.org/node/721040785","lastVerified":"2026-08-10","verificationStatus":"verified"}}},{"type":"Feature","id":"osm-node-898627650","geometry":{"type":"Point","coordinates":[-79.6659782,43.5468426]},"properties":{"kind":"crosswalk","buildingCode":null,"floor":null,"accessibility":"unknown","metadata":{"source":"OpenStreetMap","sourceUrl":"https://www.openstreetmap.org/node/898627650","lastVerified":"2026-08-10","verificationStatus":"verified"}}},{"type":"Feature","id":"osm-node-898627651","geometry":{"type":"Point","coordinates":[-79.6637489,43.5470476]},"properties":{"kind":"crosswalk","buildingCode":null,"floor":null,"accessibility":"unknown","metadata":{"source":"OpenStreetMap","sourceUrl":"https://www.openstreetmap.org/node/898627651","lastVerified":"2026-08-10","verificationStatus":"verified"}}},{"type":"Feature","id":"osm-node-898628287","geometry":{"type":"Point","coordinates":[-79.6601753,43.5453589]},"properties":{"kind":"path-intersection","buildingCode":null,"floor":null,"accessibility":"unknown","metadata":{"source":"OpenStreetMap","sourceUrl":"https://www.openstreetmap.org/node/898628287","lastVerified":"2026-08-10","verificationStatus":"verified"}}},{"type":"Feature","id":"osm-node-898628290","geometry":{"type":"Point","coordinates":[-79.6601593,43.5454084]},"properties":{"kind":"path-intersection","buildingCode":null,"floor":null,"accessibility":"unknown","metadata":{"source":"OpenStreetMap","sourceUrl":"https://www.openstreetmap.org/node/898628290","lastVerified":"2026-08-10","verificationStatus":"verified"}}},{"type":"Feature","id":"osm-node-898628291","geometry":{"type":"Point","coordinates":[-79.6607776,43.5462769]},"properties":{"kind":"path-intersection","buildingCode":null,"floor":null,"accessibility":"unknown","metadata":{"source":"OpenStreetMap","sourceUrl":"https://www.openstreetmap.org/node/898628291","lastVerified":"2026-08-10","verificationStatus":"verified"}}},{"type":"Feature","id":"osm-node-898628292","geometry":{"type":"Point","coordinates":[-79.6605638,43.5460685]},"properties":{"kind":"path-intersection","buildingCode":null,"floor":null,"accessibility":"unknown","metadata":{"source":"OpenStreetMap","sourceUrl":"https://www.openstreetmap.org/node/898628292","lastVerified":"2026-08-10","verificationStatus":"verified"}}},{"type":"Feature","id":"osm-node-9395627351","geometry":{"type":"Point","coordinates":[-79.660244,43.5486689]},"properties":{"kind":"crosswalk","buildingCode":null,"floor":null,"accessibility":"unknown","metadata":{"source":"OpenStreetMap","sourceUrl":"https://www.openstreetmap.org/node/9395627351","lastVerified":"2026-08-10","verificationStatus":"verified"}}},{"type":"Feature","id":"osm-node-9395631822","geometry":{"type":"Point","coordinates":[-79.6621786,43.5512373]},"properties":{"kind":"path-intersection","buildingCode":null,"floor":null,"accessibility":"unknown","metadata":{"source":"OpenStreetMap","sourceUrl":"https://www.openstreetmap.org/node/9395631822","lastVerified":"2026-08-10","verificationStatus":"verified"}}},{"type":"Feature","id":"osm-node-9395631823","geometry":{"type":"Point","coordinates":[-79.6622292,43.5511942]},"properties":{"kind":"path-intersection","buildingCode":null,"floor":null,"accessibility":"unknown","metadata":{"source":"OpenStreetMap","sourceUrl":"https://www.openstreetmap.org/node/9395631823","lastVerified":"2026-08-10","verificationStatus":"verified"}}},{"type":"Feature","id":"osm-node-9395631824","geometry":{"type":"Point","coordinates":[-79.6622116,43.5513498]},"properties":{"kind":"path-intersection","buildingCode":null,"floor":null,"accessibility":"unknown","metadata":{"source":"OpenStreetMap","sourceUrl":"https://www.openstreetmap.org/node/9395631824","lastVerified":"2026-08-10","verificationStatus":"verified"}}},{"type":"Feature","id":"osm-node-9395631825","geometry":{"type":"Point","coordinates":[-79.6622994,43.5512486]},"properties":{"kind":"path-intersection","buildingCode":null,"floor":null,"accessibility":"unknown","metadata":{"source":"OpenStreetMap","sourceUrl":"https://www.openstreetmap.org/node/9395631825","lastVerified":"2026-08-10","verificationStatus":"verified"}}},{"type":"Feature","id":"osm-node-9395631826","geometry":{"type":"Point","coordinates":[-79.6625584,43.5505587]},"properties":{"kind":"path-intersection","buildingCode":null,"floor":null,"accessibility":"unknown","metadata":{"source":"OpenStreetMap","sourceUrl":"https://www.openstreetmap.org/node/9395631826","lastVerified":"2026-08-10","verificationStatus":"verified"}}},{"type":"Feature","id":"osm-node-9395631827","geometry":{"type":"Point","coordinates":[-79.6626067,43.550348]},"properties":{"kind":"path-intersection","buildingCode":null,"floor":null,"accessibility":"unknown","metadata":{"source":"OpenStreetMap","sourceUrl":"https://www.openstreetmap.org/node/9395631827","lastVerified":"2026-08-10","verificationStatus":"verified"}}},{"type":"Feature","id":"osm-node-9395631828","geometry":{"type":"Point","coordinates":[-79.6624489,43.5503278]},"properties":{"kind":"path-intersection","buildingCode":null,"floor":null,"accessibility":"unknown","metadata":{"source":"OpenStreetMap","sourceUrl":"https://www.openstreetmap.org/node/9395631828","lastVerified":"2026-08-10","verificationStatus":"verified"}}},{"type":"Feature","id":"osm-node-9395631829","geometry":{"type":"Point","coordinates":[-79.6624248,43.5504218]},"properties":{"kind":"path-intersection","buildingCode":null,"floor":null,"accessibility":"unknown","metadata":{"source":"OpenStreetMap","sourceUrl":"https://www.openstreetmap.org/node/9395631829","lastVerified":"2026-08-10","verificationStatus":"verified"}}},{"type":"Feature","id":"osm-node-9395631830","geometry":{"type":"Point","coordinates":[-79.6624057,43.55042]},"properties":{"kind":"path-intersection","buildingCode":null,"floor":null,"accessibility":"unknown","metadata":{"source":"OpenStreetMap","sourceUrl":"https://www.openstreetmap.org/node/9395631830","lastVerified":"2026-08-10","verificationStatus":"verified"}}},{"type":"Feature","id":"osm-node-9395631831","geometry":{"type":"Point","coordinates":[-79.6624227,43.5503262]},"properties":{"kind":"stairs","buildingCode":null,"floor":null,"accessibility":"not_accessible","metadata":{"source":"OpenStreetMap","sourceUrl":"https://www.openstreetmap.org/node/9395631831","lastVerified":"2026-08-10","verificationStatus":"verified"}}},{"type":"Feature","id":"osm-node-9395631832","geometry":{"type":"Point","coordinates":[-79.6624044,43.5503256]},"properties":{"kind":"stairs","buildingCode":null,"floor":null,"accessibility":"not_accessible","metadata":{"source":"OpenStreetMap","sourceUrl":"https://www.openstreetmap.org/node/9395631832","lastVerified":"2026-08-10","verificationStatus":"verified"}}},{"type":"Feature","id":"osm-node-9395631839","geometry":{"type":"Point","coordinates":[-79.6666633,43.5507994]},"properties":{"kind":"path-intersection","buildingCode":null,"floor":null,"accessibility":"unknown","metadata":{"source":"OpenStreetMap","sourceUrl":"https://www.openstreetmap.org/node/9395631839","lastVerified":"2026-08-10","verificationStatus":"verified"}}},{"type":"Feature","id":"osm-node-9395631840","geometry":{"type":"Point","coordinates":[-79.6666803,43.5508526]},"properties":{"kind":"path-intersection","buildingCode":null,"floor":null,"accessibility":"unknown","metadata":{"source":"OpenStreetMap","sourceUrl":"https://www.openstreetmap.org/node/9395631840","lastVerified":"2026-08-10","verificationStatus":"verified"}}},{"type":"Feature","id":"osm-node-9395631841","geometry":{"type":"Point","coordinates":[-79.6667753,43.5509233]},"properties":{"kind":"path-intersection","buildingCode":null,"floor":null,"accessibility":"unknown","metadata":{"source":"OpenStreetMap","sourceUrl":"https://www.openstreetmap.org/node/9395631841","lastVerified":"2026-08-10","verificationStatus":"verified"}}},{"type":"Feature","id":"osm-node-9395639381","geometry":{"type":"Point","coordinates":[-79.660252,43.5470485]},"properties":{"kind":"path-intersection","buildingCode":null,"floor":null,"accessibility":"unknown","metadata":{"source":"OpenStreetMap","sourceUrl":"https://www.openstreetmap.org/node/9395639381","lastVerified":"2026-08-10","verificationStatus":"verified"}}},{"type":"Feature","id":"osm-node-9395639382","geometry":{"type":"Point","coordinates":[-79.6588302,43.5465695]},"properties":{"kind":"path-intersection","buildingCode":null,"floor":null,"accessibility":"unknown","metadata":{"source":"OpenStreetMap","sourceUrl":"https://www.openstreetmap.org/node/9395639382","lastVerified":"2026-08-10","verificationStatus":"verified"}}},{"type":"Feature","id":"osm-node-9395639383","geometry":{"type":"Point","coordinates":[-79.6586257,43.5474165]},"properties":{"kind":"path-intersection","buildingCode":null,"floor":null,"accessibility":"unknown","metadata":{"source":"OpenStreetMap","sourceUrl":"https://www.openstreetmap.org/node/9395639383","lastVerified":"2026-08-10","verificationStatus":"verified"}}},{"type":"Feature","id":"osm-node-9395639394","geometry":{"type":"Point","coordinates":[-79.6605572,43.5476782]},"properties":{"kind":"path-intersection","buildingCode":null,"floor":null,"accessibility":"unknown","metadata":{"source":"OpenStreetMap","sourceUrl":"https://www.openstreetmap.org/node/9395639394","lastVerified":"2026-08-10","verificationStatus":"verified"}}},{"type":"Feature","id":"osm-node-9395639395","geometry":{"type":"Point","coordinates":[-79.6594762,43.5475499]},"properties":{"kind":"path-intersection","buildingCode":null,"floor":null,"accessibility":"unknown","metadata":{"source":"OpenStreetMap","sourceUrl":"https://www.openstreetmap.org/node/9395639395","lastVerified":"2026-08-10","verificationStatus":"verified"}}},{"type":"Feature","id":"osm-node-9395639396","geometry":{"type":"Point","coordinates":[-79.6592955,43.5483489]},"properties":{"kind":"path-intersection","buildingCode":null,"floor":null,"accessibility":"unknown","metadata":{"source":"OpenStreetMap","sourceUrl":"https://www.openstreetmap.org/node/9395639396","lastVerified":"2026-08-10","verificationStatus":"verified"}}},{"type":"Feature","id":"osm-node-9395639397","geometry":{"type":"Point","coordinates":[-79.6599406,43.5484255]},"properties":{"kind":"path-intersection","buildingCode":null,"floor":null,"accessibility":"unknown","metadata":{"source":"OpenStreetMap","sourceUrl":"https://www.openstreetmap.org/node/9395639397","lastVerified":"2026-08-10","verificationStatus":"verified"}}},{"type":"Feature","id":"osm-node-9395639398","geometry":{"type":"Point","coordinates":[-79.6601213,43.5476266]},"properties":{"kind":"path-intersection","buildingCode":null,"floor":null,"accessibility":"unknown","metadata":{"source":"OpenStreetMap","sourceUrl":"https://www.openstreetmap.org/node/9395639398","lastVerified":"2026-08-10","verificationStatus":"verified"}}},{"type":"Feature","id":"osm-node-9395639399","geometry":{"type":"Point","coordinates":[-79.6597393,43.5484016]},"properties":{"kind":"path-intersection","buildingCode":null,"floor":null,"accessibility":"unknown","metadata":{"source":"OpenStreetMap","sourceUrl":"https://www.openstreetmap.org/node/9395639399","lastVerified":"2026-08-10","verificationStatus":"verified"}}},{"type":"Feature","id":"osm-node-9395639400","geometry":{"type":"Point","coordinates":[-79.6599201,43.5476026]},"properties":{"kind":"path-intersection","buildingCode":null,"floor":null,"accessibility":"unknown","metadata":{"source":"OpenStreetMap","sourceUrl":"https://www.openstreetmap.org/node/9395639400","lastVerified":"2026-08-10","verificationStatus":"verified"}}},{"type":"Feature","id":"osm-node-9395639401","geometry":{"type":"Point","coordinates":[-79.6595091,43.5483743]},"properties":{"kind":"path-intersection","buildingCode":null,"floor":null,"accessibility":"unknown","metadata":{"source":"OpenStreetMap","sourceUrl":"https://www.openstreetmap.org/node/9395639401","lastVerified":"2026-08-10","verificationStatus":"verified"}}},{"type":"Feature","id":"osm-node-9395639402","geometry":{"type":"Point","coordinates":[-79.6596898,43.5475752]},"properties":{"kind":"path-intersection","buildingCode":null,"floor":null,"accessibility":"unknown","metadata":{"source":"OpenStreetMap","sourceUrl":"https://www.openstreetmap.org/node/9395639402","lastVerified":"2026-08-10","verificationStatus":"verified"}}},{"type":"Feature","id":"osm-node-9395639407","geometry":{"type":"Point","coordinates":[-79.6614855,43.5473509]},"properties":{"kind":"path-intersection","buildingCode":null,"floor":null,"accessibility":"unknown","metadata":{"source":"OpenStreetMap","sourceUrl":"https://www.openstreetmap.org/node/9395639407","lastVerified":"2026-08-10","verificationStatus":"verified"}}},{"type":"Feature","id":"osm-node-9395639408","geometry":{"type":"Point","coordinates":[-79.6613559,43.54736]},"properties":{"kind":"path-intersection","buildingCode":null,"floor":null,"accessibility":"unknown","metadata":{"source":"OpenStreetMap","sourceUrl":"https://www.openstreetmap.org/node/9395639408","lastVerified":"2026-08-10","verificationStatus":"verified"}}},{"type":"Feature","id":"osm-node-9395639409","geometry":{"type":"Point","coordinates":[-79.6612482,43.5473893]},"properties":{"kind":"path-intersection","buildingCode":null,"floor":null,"accessibility":"unknown","metadata":{"source":"OpenStreetMap","sourceUrl":"https://www.openstreetmap.org/node/9395639409","lastVerified":"2026-08-10","verificationStatus":"verified"}}},{"type":"Feature","id":"osm-node-9395639410","geometry":{"type":"Point","coordinates":[-79.6611842,43.5474161]},"properties":{"kind":"path-intersection","buildingCode":null,"floor":null,"accessibility":"unknown","metadata":{"source":"OpenStreetMap","sourceUrl":"https://www.openstreetmap.org/node/9395639410","lastVerified":"2026-08-10","verificationStatus":"verified"}}},{"type":"Feature","id":"osm-node-9395639411","geometry":{"type":"Point","coordinates":[-79.6611219,43.5474503]},"properties":{"kind":"path-intersection","buildingCode":null,"floor":null,"accessibility":"unknown","metadata":{"source":"OpenStreetMap","sourceUrl":"https://www.openstreetmap.org/node/9395639411","lastVerified":"2026-08-10","verificationStatus":"verified"}}},{"type":"Feature","id":"osm-node-9395639412","geometry":{"type":"Point","coordinates":[-79.6610764,43.5474503]},"properties":{"kind":"path-intersection","buildingCode":null,"floor":null,"accessibility":"unknown","metadata":{"source":"OpenStreetMap","sourceUrl":"https://www.openstreetmap.org/node/9395639412","lastVerified":"2026-08-10","verificationStatus":"verified"}}},{"type":"Feature","id":"osm-node-9395639413","geometry":{"type":"Point","coordinates":[-79.6610546,43.5474344]},"properties":{"kind":"path-intersection","buildingCode":null,"floor":null,"accessibility":"unknown","metadata":{"source":"OpenStreetMap","sourceUrl":"https://www.openstreetmap.org/node/9395639413","lastVerified":"2026-08-10","verificationStatus":"verified"}}},{"type":"Feature","id":"osm-node-9395639414","geometry":{"type":"Point","coordinates":[-79.6610546,43.5474112]},"properties":{"kind":"path-intersection","buildingCode":null,"floor":null,"accessibility":"unknown","metadata":{"source":"OpenStreetMap","sourceUrl":"https://www.openstreetmap.org/node/9395639414","lastVerified":"2026-08-10","verificationStatus":"verified"}}},{"type":"Feature","id":"osm-node-9395639415","geometry":{"type":"Point","coordinates":[-79.6611214,43.5473218]},"properties":{"kind":"path-intersection","buildingCode":null,"floor":null,"accessibility":"unknown","metadata":{"source":"OpenStreetMap","sourceUrl":"https://www.openstreetmap.org/node/9395639415","lastVerified":"2026-08-10","verificationStatus":"verified"}}},{"type":"Feature","id":"osm-node-9395639416","geometry":{"type":"Point","coordinates":[-79.6611569,43.5472447]},"properties":{"kind":"path-intersection","buildingCode":null,"floor":null,"accessibility":"unknown","metadata":{"source":"OpenStreetMap","sourceUrl":"https://www.openstreetmap.org/node/9395639416","lastVerified":"2026-08-10","verificationStatus":"verified"}}},{"type":"Feature","id":"osm-node-9395646117","geometry":{"type":"Point","coordinates":[-79.6611627,43.5472117]},"properties":{"kind":"path-intersection","buildingCode":null,"floor":null,"accessibility":"unknown","metadata":{"source":"OpenStreetMap","sourceUrl":"https://www.openstreetmap.org/node/9395646117","lastVerified":"2026-08-10","verificationStatus":"verified"}}},{"type":"Feature","id":"osm-node-9395646118","geometry":{"type":"Point","coordinates":[-79.6611438,43.5471953]},"properties":{"kind":"path-intersection","buildingCode":null,"floor":null,"accessibility":"unknown","metadata":{"source":"OpenStreetMap","sourceUrl":"https://www.openstreetmap.org/node/9395646118","lastVerified":"2026-08-10","verificationStatus":"verified"}}},{"type":"Feature","id":"osm-node-9395646119","geometry":{"type":"Point","coordinates":[-79.6611135,43.5471953]},"properties":{"kind":"path-intersection","buildingCode":null,"floor":null,"accessibility":"unknown","metadata":{"source":"OpenStreetMap","sourceUrl":"https://www.openstreetmap.org/node/9395646119","lastVerified":"2026-08-10","verificationStatus":"verified"}}},{"type":"Feature","id":"osm-node-9395646120","geometry":{"type":"Point","coordinates":[-79.6610804,43.5472161]},"properties":{"kind":"path-intersection","buildingCode":null,"floor":null,"accessibility":"unknown","metadata":{"source":"OpenStreetMap","sourceUrl":"https://www.openstreetmap.org/node/9395646120","lastVerified":"2026-08-10","verificationStatus":"verified"}}},{"type":"Feature","id":"osm-node-9395646121","geometry":{"type":"Point","coordinates":[-79.6610416,43.5472622]},"properties":{"kind":"path-intersection","buildingCode":null,"floor":null,"accessibility":"unknown","metadata":{"source":"OpenStreetMap","sourceUrl":"https://www.openstreetmap.org/node/9395646121","lastVerified":"2026-08-10","verificationStatus":"verified"}}},{"type":"Feature","id":"osm-node-9395646122","geometry":{"type":"Point","coordinates":[-79.6609434,43.5473407]},"properties":{"kind":"path-intersection","buildingCode":null,"floor":null,"accessibility":"unknown","metadata":{"source":"OpenStreetMap","sourceUrl":"https://www.openstreetmap.org/node/9395646122","lastVerified":"2026-08-10","verificationStatus":"verified"}}},{"type":"Feature","id":"osm-node-9395646123","geometry":{"type":"Point","coordinates":[-79.6609053,43.5473469]},"properties":{"kind":"path-intersection","buildingCode":null,"floor":null,"accessibility":"unknown","metadata":{"source":"OpenStreetMap","sourceUrl":"https://www.openstreetmap.org/node/9395646123","lastVerified":"2026-08-10","verificationStatus":"verified"}}},{"type":"Feature","id":"osm-node-9395646124","geometry":{"type":"Point","coordinates":[-79.6608789,43.5473205]},"properties":{"kind":"path-intersection","buildingCode":null,"floor":null,"accessibility":"unknown","metadata":{"source":"OpenStreetMap","sourceUrl":"https://www.openstreetmap.org/node/9395646124","lastVerified":"2026-08-10","verificationStatus":"verified"}}},{"type":"Feature","id":"osm-node-9395646125","geometry":{"type":"Point","coordinates":[-79.6608818,43.5472985]},"properties":{"kind":"path-intersection","buildingCode":null,"floor":null,"accessibility":"unknown","metadata":{"source":"OpenStreetMap","sourceUrl":"https://www.openstreetmap.org/node/9395646125","lastVerified":"2026-08-10","verificationStatus":"verified"}}},{"type":"Feature","id":"osm-node-9395646126","geometry":{"type":"Point","coordinates":[-79.6608856,43.5472392]},"properties":{"kind":"path-intersection","buildingCode":null,"floor":null,"accessibility":"unknown","metadata":{"source":"OpenStreetMap","sourceUrl":"https://www.openstreetmap.org/node/9395646126","lastVerified":"2026-08-10","verificationStatus":"verified"}}},{"type":"Feature","id":"osm-node-9395646127","geometry":{"type":"Point","coordinates":[-79.6608711,43.5471855]},"properties":{"kind":"path-intersection","buildingCode":null,"floor":null,"accessibility":"unknown","metadata":{"source":"OpenStreetMap","sourceUrl":"https://www.openstreetmap.org/node/9395646127","lastVerified":"2026-08-10","verificationStatus":"verified"}}},{"type":"Feature","id":"osm-node-9395646128","geometry":{"type":"Point","coordinates":[-79.6608441,43.547144]},"properties":{"kind":"path-intersection","buildingCode":null,"floor":null,"accessibility":"unknown","metadata":{"source":"OpenStreetMap","sourceUrl":"https://www.openstreetmap.org/node/9395646128","lastVerified":"2026-08-10","verificationStatus":"verified"}}},{"type":"Feature","id":"osm-node-9395646129","geometry":{"type":"Point","coordinates":[-79.6608172,43.5471318]},"properties":{"kind":"path-intersection","buildingCode":null,"floor":null,"accessibility":"unknown","metadata":{"source":"OpenStreetMap","sourceUrl":"https://www.openstreetmap.org/node/9395646129","lastVerified":"2026-08-10","verificationStatus":"verified"}}},{"type":"Feature","id":"osm-node-9395646130","geometry":{"type":"Point","coordinates":[-79.6607953,43.5471367]},"properties":{"kind":"path-intersection","buildingCode":null,"floor":null,"accessibility":"unknown","metadata":{"source":"OpenStreetMap","sourceUrl":"https://www.openstreetmap.org/node/9395646130","lastVerified":"2026-08-10","verificationStatus":"verified"}}},{"type":"Feature","id":"osm-node-9395646131","geometry":{"type":"Point","coordinates":[-79.6607852,43.5471733]},"properties":{"kind":"path-intersection","buildingCode":null,"floor":null,"accessibility":"unknown","metadata":{"source":"OpenStreetMap","sourceUrl":"https://www.openstreetmap.org/node/9395646131","lastVerified":"2026-08-10","verificationStatus":"verified"}}},{"type":"Feature","id":"osm-node-9395646136","geometry":{"type":"Point","coordinates":[-79.6605775,43.5475916]},"properties":{"kind":"crosswalk","buildingCode":null,"floor":null,"accessibility":"unknown","metadata":{"source":"OpenStreetMap","sourceUrl":"https://www.openstreetmap.org/node/9395646136","lastVerified":"2026-08-10","verificationStatus":"verified"}}},{"type":"Feature","id":"osm-node-9395646137","geometry":{"type":"Point","coordinates":[-79.6605122,43.5475583]},"properties":{"kind":"path-intersection","buildingCode":null,"floor":null,"accessibility":"unknown","metadata":{"source":"OpenStreetMap","sourceUrl":"https://www.openstreetmap.org/node/9395646137","lastVerified":"2026-08-10","verificationStatus":"verified"}}},{"type":"Feature","id":"osm-node-9395646138","geometry":{"type":"Point","coordinates":[-79.6604902,43.5475552]},"properties":{"kind":"path-intersection","buildingCode":null,"floor":null,"accessibility":"unknown","metadata":{"source":"OpenStreetMap","sourceUrl":"https://www.openstreetmap.org/node/9395646138","lastVerified":"2026-08-10","verificationStatus":"verified"}}},{"type":"Feature","id":"osm-node-9395646139","geometry":{"type":"Point","coordinates":[-79.6603451,43.5475753]},"properties":{"kind":"path-intersection","buildingCode":null,"floor":null,"accessibility":"unknown","metadata":{"source":"OpenStreetMap","sourceUrl":"https://www.openstreetmap.org/node/9395646139","lastVerified":"2026-08-10","verificationStatus":"verified"}}},{"type":"Feature","id":"osm-node-9395646140","geometry":{"type":"Point","coordinates":[-79.660129,43.5474497]},"properties":{"kind":"path-intersection","buildingCode":null,"floor":null,"accessibility":"unknown","metadata":{"source":"OpenStreetMap","sourceUrl":"https://www.openstreetmap.org/node/9395646140","lastVerified":"2026-08-10","verificationStatus":"verified"}}},{"type":"Feature","id":"osm-node-9395646141","geometry":{"type":"Point","coordinates":[-79.6600643,43.5475376]},"properties":{"kind":"path-intersection","buildingCode":null,"floor":null,"accessibility":"unknown","metadata":{"source":"OpenStreetMap","sourceUrl":"https://www.openstreetmap.org/node/9395646141","lastVerified":"2026-08-10","verificationStatus":"verified"}}},{"type":"Feature","id":"osm-node-9395646142","geometry":{"type":"Point","coordinates":[-79.6604836,43.5475288]},"properties":{"kind":"path-intersection","buildingCode":null,"floor":null,"accessibility":"unknown","metadata":{"source":"OpenStreetMap","sourceUrl":"https://www.openstreetmap.org/node/9395646142","lastVerified":"2026-08-10","verificationStatus":"verified"}}},{"type":"Feature","id":"osm-node-9395646143","geometry":{"type":"Point","coordinates":[-79.6604084,43.5474863]},"properties":{"kind":"path-intersection","buildingCode":null,"floor":null,"accessibility":"unknown","metadata":{"source":"OpenStreetMap","sourceUrl":"https://www.openstreetmap.org/node/9395646143","lastVerified":"2026-08-10","verificationStatus":"verified"}}},{"type":"Feature","id":"osm-node-9395646144","geometry":{"type":"Point","coordinates":[-79.6602265,43.5474634]},"properties":{"kind":"path-intersection","buildingCode":null,"floor":null,"accessibility":"unknown","metadata":{"source":"OpenStreetMap","sourceUrl":"https://www.openstreetmap.org/node/9395646144","lastVerified":"2026-08-10","verificationStatus":"verified"}}},{"type":"Feature","id":"osm-node-9395646146","geometry":{"type":"Point","coordinates":[-79.660022,43.5480654]},"properties":{"kind":"crosswalk","buildingCode":null,"floor":null,"accessibility":"unknown","metadata":{"source":"OpenStreetMap","sourceUrl":"https://www.openstreetmap.org/node/9395646146","lastVerified":"2026-08-10","verificationStatus":"verified"}}},{"type":"Feature","id":"osm-node-9395646147","geometry":{"type":"Point","coordinates":[-79.6598208,43.5480415]},"properties":{"kind":"crosswalk","buildingCode":null,"floor":null,"accessibility":"unknown","metadata":{"source":"OpenStreetMap","sourceUrl":"https://www.openstreetmap.org/node/9395646147","lastVerified":"2026-08-10","verificationStatus":"verified"}}},{"type":"Feature","id":"osm-node-9395646148","geometry":{"type":"Point","coordinates":[-79.6595906,43.5480142]},"properties":{"kind":"crosswalk","buildingCode":null,"floor":null,"accessibility":"unknown","metadata":{"source":"OpenStreetMap","sourceUrl":"https://www.openstreetmap.org/node/9395646148","lastVerified":"2026-08-10","verificationStatus":"verified"}}},{"type":"Feature","id":"osm-node-9395646149","geometry":{"type":"Point","coordinates":[-79.6593769,43.5479888]},"properties":{"kind":"crosswalk","buildingCode":null,"floor":null,"accessibility":"unknown","metadata":{"source":"OpenStreetMap","sourceUrl":"https://www.openstreetmap.org/node/9395646149","lastVerified":"2026-08-10","verificationStatus":"verified"}}},{"type":"Feature","id":"osm-node-9395646150","geometry":{"type":"Point","coordinates":[-79.6603165,43.5481367]},"properties":{"kind":"stairs","buildingCode":null,"floor":null,"accessibility":"not_accessible","metadata":{"source":"OpenStreetMap","sourceUrl":"https://www.openstreetmap.org/node/9395646150","lastVerified":"2026-08-10","verificationStatus":"verified"}}},{"type":"Feature","id":"osm-node-9395646151","geometry":{"type":"Point","coordinates":[-79.6601334,43.5480787]},"properties":{"kind":"stairs","buildingCode":null,"floor":null,"accessibility":"not_accessible","metadata":{"source":"OpenStreetMap","sourceUrl":"https://www.openstreetmap.org/node/9395646151","lastVerified":"2026-08-10","verificationStatus":"verified"}}},{"type":"Feature","id":"osm-node-9395646152","geometry":{"type":"Point","coordinates":[-79.6605886,43.5471272]},"properties":{"kind":"path-intersection","buildingCode":null,"floor":null,"accessibility":"unknown","metadata":{"source":"OpenStreetMap","sourceUrl":"https://www.openstreetmap.org/node/9395646152","lastVerified":"2026-08-10","verificationStatus":"verified"}}},{"type":"Feature","id":"osm-node-9395646154","geometry":{"type":"Point","coordinates":[-79.6586837,43.5471744]},"properties":{"kind":"path-intersection","buildingCode":null,"floor":null,"accessibility":"unknown","metadata":{"source":"OpenStreetMap","sourceUrl":"https://www.openstreetmap.org/node/9395646154","lastVerified":"2026-08-10","verificationStatus":"verified"}}},{"type":"Feature","id":"osm-node-9395646156","geometry":{"type":"Point","coordinates":[-79.6587244,43.5470202]},"properties":{"kind":"path-intersection","buildingCode":null,"floor":null,"accessibility":"unknown","metadata":{"source":"OpenStreetMap","sourceUrl":"https://www.openstreetmap.org/node/9395646156","lastVerified":"2026-08-10","verificationStatus":"verified"}}},{"type":"Feature","id":"osm-node-9395646158","geometry":{"type":"Point","coordinates":[-79.6587641,43.5468697]},"properties":{"kind":"path-intersection","buildingCode":null,"floor":null,"accessibility":"unknown","metadata":{"source":"OpenStreetMap","sourceUrl":"https://www.openstreetmap.org/node/9395646158","lastVerified":"2026-08-10","verificationStatus":"verified"}}},{"type":"Feature","id":"osm-node-9395646160","geometry":{"type":"Point","coordinates":[-79.6588006,43.546704]},"properties":{"kind":"path-intersection","buildingCode":null,"floor":null,"accessibility":"unknown","metadata":{"source":"OpenStreetMap","sourceUrl":"https://www.openstreetmap.org/node/9395646160","lastVerified":"2026-08-10","verificationStatus":"verified"}}},{"type":"Feature","id":"osm-node-9395646161","geometry":{"type":"Point","coordinates":[-79.6601982,43.5474899]},"properties":{"kind":"path-intersection","buildingCode":null,"floor":null,"accessibility":"unknown","metadata":{"source":"OpenStreetMap","sourceUrl":"https://www.openstreetmap.org/node/9395646161","lastVerified":"2026-08-10","verificationStatus":"verified"}}},{"type":"Feature","id":"osm-node-9395646162","geometry":{"type":"Point","coordinates":[-79.66022,43.5473864]},"properties":{"kind":"path-intersection","buildingCode":null,"floor":null,"accessibility":"unknown","metadata":{"source":"OpenStreetMap","sourceUrl":"https://www.openstreetmap.org/node/9395646162","lastVerified":"2026-08-10","verificationStatus":"verified"}}},{"type":"Feature","id":"osm-node-9395646163","geometry":{"type":"Point","coordinates":[-79.6601712,43.547379]},"properties":{"kind":"path-intersection","buildingCode":null,"floor":null,"accessibility":"unknown","metadata":{"source":"OpenStreetMap","sourceUrl":"https://www.openstreetmap.org/node/9395646163","lastVerified":"2026-08-10","verificationStatus":"verified"}}},{"type":"Feature","id":"osm-node-9395646164","geometry":{"type":"Point","coordinates":[-79.6595081,43.5475535]},"properties":{"kind":"path-intersection","buildingCode":null,"floor":null,"accessibility":"unknown","metadata":{"source":"OpenStreetMap","sourceUrl":"https://www.openstreetmap.org/node/9395646164","lastVerified":"2026-08-10","verificationStatus":"verified"}}},{"type":"Feature","id":"osm-node-9395646165","geometry":{"type":"Point","coordinates":[-79.659569,43.5472904]},"properties":{"kind":"path-intersection","buildingCode":null,"floor":null,"accessibility":"unknown","metadata":{"source":"OpenStreetMap","sourceUrl":"https://www.openstreetmap.org/node/9395646165","lastVerified":"2026-08-10","verificationStatus":"verified"}}},{"type":"Feature","id":"osm-node-9395646166","geometry":{"type":"Point","coordinates":[-79.6600875,43.5473532]},"properties":{"kind":"path-intersection","buildingCode":null,"floor":null,"accessibility":"unknown","metadata":{"source":"OpenStreetMap","sourceUrl":"https://www.openstreetmap.org/node/9395646166","lastVerified":"2026-08-10","verificationStatus":"verified"}}},{"type":"Feature","id":"osm-node-9395646167","geometry":{"type":"Point","coordinates":[-79.6601946,43.5468862]},"properties":{"kind":"path-intersection","buildingCode":null,"floor":null,"accessibility":"unknown","metadata":{"source":"OpenStreetMap","sourceUrl":"https://www.openstreetmap.org/node/9395646167","lastVerified":"2026-08-10","verificationStatus":"verified"}}},{"type":"Feature","id":"osm-node-9395646168","geometry":{"type":"Point","coordinates":[-79.6590268,43.5467455]},"properties":{"kind":"path-intersection","buildingCode":null,"floor":null,"accessibility":"unknown","metadata":{"source":"OpenStreetMap","sourceUrl":"https://www.openstreetmap.org/node/9395646168","lastVerified":"2026-08-10","verificationStatus":"verified"}}},{"type":"Feature","id":"osm-node-9395646169","geometry":{"type":"Point","coordinates":[-79.6589197,43.5472124]},"properties":{"kind":"path-intersection","buildingCode":null,"floor":null,"accessibility":"unknown","metadata":{"source":"OpenStreetMap","sourceUrl":"https://www.openstreetmap.org/node/9395646169","lastVerified":"2026-08-10","verificationStatus":"verified"}}},{"type":"Feature","id":"osm-node-9395646170","geometry":{"type":"Point","coordinates":[-79.6601591,43.5470411]},"properties":{"kind":"path-intersection","buildingCode":null,"floor":null,"accessibility":"unknown","metadata":{"source":"OpenStreetMap","sourceUrl":"https://www.openstreetmap.org/node/9395646170","lastVerified":"2026-08-10","verificationStatus":"verified"}}},{"type":"Feature","id":"osm-node-9395646171","geometry":{"type":"Point","coordinates":[-79.6589913,43.5469004]},"properties":{"kind":"path-intersection","buildingCode":null,"floor":null,"accessibility":"unknown","metadata":{"source":"OpenStreetMap","sourceUrl":"https://www.openstreetmap.org/node/9395646171","lastVerified":"2026-08-10","verificationStatus":"verified"}}},{"type":"Feature","id":"osm-node-9395646172","geometry":{"type":"Point","coordinates":[-79.6601219,43.5472034]},"properties":{"kind":"path-intersection","buildingCode":null,"floor":null,"accessibility":"unknown","metadata":{"source":"OpenStreetMap","sourceUrl":"https://www.openstreetmap.org/node/9395646172","lastVerified":"2026-08-10","verificationStatus":"verified"}}},{"type":"Feature","id":"osm-node-9395646173","geometry":{"type":"Point","coordinates":[-79.6591164,43.5470818]},"properties":{"kind":"path-intersection","buildingCode":null,"floor":null,"accessibility":"unknown","metadata":{"source":"OpenStreetMap","sourceUrl":"https://www.openstreetmap.org/node/9395646173","lastVerified":"2026-08-10","verificationStatus":"verified"}}},{"type":"Feature","id":"osm-node-9558403735","geometry":{"type":"Point","coordinates":[-79.6662025,43.5469996]},"properties":{"kind":"crosswalk","buildingCode":null,"floor":null,"accessibility":"unknown","metadata":{"source":"OpenStreetMap","sourceUrl":"https://www.openstreetmap.org/node/9558403735","lastVerified":"2026-08-10","verificationStatus":"verified"}}},{"type":"Feature","id":"osm-node-9558403736","geometry":{"type":"Point","coordinates":[-79.6660083,43.5469716]},"properties":{"kind":"crosswalk","buildingCode":null,"floor":null,"accessibility":"unknown","metadata":{"source":"OpenStreetMap","sourceUrl":"https://www.openstreetmap.org/node/9558403736","lastVerified":"2026-08-10","verificationStatus":"verified"}}},{"type":"Feature","id":"osm-node-9558403737","geometry":{"type":"Point","coordinates":[-79.6689443,43.5489486]},"properties":{"kind":"crosswalk","buildingCode":null,"floor":null,"accessibility":"unknown","metadata":{"source":"OpenStreetMap","sourceUrl":"https://www.openstreetmap.org/node/9558403737","lastVerified":"2026-08-10","verificationStatus":"verified"}}},{"type":"Feature","id":"osm-node-9558403738","geometry":{"type":"Point","coordinates":[-79.6690647,43.5489444]},"properties":{"kind":"crosswalk","buildingCode":null,"floor":null,"accessibility":"unknown","metadata":{"source":"OpenStreetMap","sourceUrl":"https://www.openstreetmap.org/node/9558403738","lastVerified":"2026-08-10","verificationStatus":"verified"}}}]}
